fecha,longitude,latitude,EVI,NDVI,SummaryQA,sensor
2015-01-01,-75.64897841586914,4.434587228211683,0.44320000000000004,0.8394,0.0,modis
2015-03-06,-75.64897841586914,4.434587228211683,0.5133,0.8305,1.0,modis
2015-06-10,-75.64897841586914,4.434587228211683,0.21230000000000002,0.7248,1.0,modis
2015-06-26,-75.64897841586914,4.434587228211683,0.2538,0.6182000000000001,1.0,modis
2015-08-29,-75.64897841586914,4.434587228211683,0.3194,0.6108,1.0,modis
2015-09-14,-75.64897841586914,4.434587228211683,0.38380000000000003,0.7926000000000001,1.0,modis
2016-11-16,-75.64897841586914,4.434587228211683,0.41090000000000004,0.7606,0.0,modis
2017-07-12,-75.64897841586914,4.434587228211683,0.6115,0.8153,1.0,modis
2017-08-29,-75.64897841586914,4.434587228211683,0.31720000000000004,0.8655,0.0,modis
2018-05-25,-75.64897841586914,4.434587228211683,0.3309,0.9048,0.0,modis
2018-07-28,-75.64897841586914,4.434587228211683,0.6155,0.8284,0.0,modis
2018-09-30,-75.64897841586914,4.434587228211683,0.3911,0.8682000000000001,1.0,modis
2018-12-19,-75.64897841586914,4.434587228211683,0.37420000000000003,0.7545000000000001,0.0,modis
2019-01-01,-75.64897841586914,4.434587228211683,0.37420000000000003,0.7545000000000001,0.0,modis
2019-02-18,-75.64897841586914,4.434587228211683,0.2414,0.537,1.0,modis
2019-06-26,-75.64897841586914,4.434587228211683,0.5799000000000001,0.8425,1.0,modis
2019-08-13,-75.64897841586914,4.434587228211683,0.4021,0.7952,1.0,modis
2020-02-18,-75.64897841586914,4.434587228211683,0.48960000000000004,0.8411000000000001,0.0,modis
2020-10-31,-75.64897841586914,4.434587228211683,0.4506,0.6291,1.0,modis
2020-12-02,-75.64897841586914,4.434587228211683,0.34190000000000004,0.5234,1.0,modis
2021-05-09,-75.64897841586914,4.434587228211683,0.45230000000000004,0.5159,1.0,modis
2021-09-14,-75.64897841586914,4.434587228211683,0.6407,0.7984,1.0,modis
2021-09-30,-75.64897841586914,4.434587228211683,0.5877,0.7139,1.0,modis
2022-01-17,-75.64897841586914,4.434587228211683,0.2353,0.7577,1.0,modis
2022-03-06,-75.64897841586914,4.434587228211683,0.5622,0.7257,1.0,modis
2022-07-28,-75.64897841586914,4.434587228211683,0.2801,0.7467,1.0,modis
2023-01-01,-75.64897841586914,4.434587228211683,0.3292,0.7234,1.0,modis
2023-05-09,-75.64897841586914,4.434587228211683,0.6221,0.8314,1.0,modis
2023-08-13,-75.64897841586914,4.434587228211683,0.449,0.8385,0.0,modis
2023-09-14,-75.64897841586914,4.434587228211683,0.4,0.8391000000000001,1.0,modis
2024-01-17,-75.64897841586914,4.434587228211683,0.3341,0.8561000000000001,1.0,modis
2024-02-02,-75.64897841586914,4.434587228211683,0.2195,0.7110000000000001,1.0,modis
2024-02-18,-75.64897841586914,4.434587228211683,0.183,0.8599,1.0,modis
2024-03-21,-75.64897841586914,4.434587228211683,0.2706,0.5825,1.0,modis
2024-05-24,-75.64897841586914,4.434587228211683,0.28340000000000004,0.337,1.0,modis
2024-06-25,-75.64897841586914,4.434587228211683,0.16290000000000002,0.547,1.0,modis
2024-07-11,-75.64897841586914,4.434587228211683,0.49820000000000003,0.7254,1.0,modis
2024-08-12,-75.64897841586914,4.434587228211683,0.14300000000000002,0.5860000000000001,0.0,modis
2024-08-28,-75.64897841586914,4.434587228211683,0.5398000000000001,0.8106,0.0,modis
2024-09-13,-75.64897841586914,4.434587228211683,0.301,0.5525,1.0,modis
2024-10-15,-75.64897841586914,4.434587228211683,0.3588,0.7895000000000001,1.0,modis
2015-01-01,-75.62008049368336,4.416600816366487,0.43310000000000004,0.7866000000000001,0.0,modis
2015-02-02,-75.62008049368336,4.416600816366487,0.46590000000000004,0.774,0.0,modis
2015-02-18,-75.62008049368336,4.416600816366487,0.5201,0.7633000000000001,1.0,modis
2015-03-06,-75.62008049368336,4.416600816366487,0.5127,0.8017000000000001,1.0,modis
2015-03-22,-75.62008049368336,4.416600816366487,0.47900000000000004,0.8483,1.0,modis
2015-06-10,-75.62008049368336,4.416600816366487,0.5254,0.8232,1.0,modis
2015-06-26,-75.62008049368336,4.416600816366487,0.557,0.7978000000000001,1.0,modis
2015-08-13,-75.62008049368336,4.416600816366487,0.4918,0.7477,0.0,modis
2015-08-29,-75.62008049368336,4.416600816366487,0.4505,0.6712,0.0,modis
2015-09-14,-75.62008049368336,4.416600816366487,0.3159,0.749,1.0,modis
2015-11-01,-75.62008049368336,4.416600816366487,0.42700000000000005,0.5893,1.0,modis
2015-12-03,-75.62008049368336,4.416600816366487,0.40030000000000004,0.8230000000000001,0.0,modis
2015-12-19,-75.62008049368336,4.416600816366487,0.4454,0.7741,0.0,modis
2016-01-01,-75.62008049368336,4.416600816366487,0.5164,0.7508,1.0,modis
2016-02-02,-75.62008049368336,4.416600816366487,0.5187,0.7916000000000001,1.0,modis
2016-03-05,-75.62008049368336,4.416600816366487,0.36760000000000004,0.6939000000000001,1.0,modis
2016-03-21,-75.62008049368336,4.416600816366487,0.44620000000000004,0.7416,1.0,modis
2016-04-06,-75.62008049368336,4.416600816366487,0.5740000000000001,0.8528,1.0,modis
2016-04-22,-75.62008049368336,4.416600816366487,0.3825,0.7087,1.0,modis
2016-05-08,-75.62008049368336,4.416600816366487,0.5764,0.8355,1.0,modis
2016-06-09,-75.62008049368336,4.416600816366487,0.5255000000000001,0.8505,1.0,modis
2016-06-25,-75.62008049368336,4.416600816366487,0.5087,0.763,0.0,modis
2016-08-12,-75.62008049368336,4.416600816366487,0.5385,0.6922,1.0,modis
2016-08-28,-75.62008049368336,4.416600816366487,0.47550000000000003,0.5995,1.0,modis
2016-09-13,-75.62008049368336,4.416600816366487,0.5609000000000001,0.7623000000000001,0.0,modis
2016-11-16,-75.62008049368336,4.416600816366487,0.4025,0.7621,0.0,modis
2016-12-02,-75.62008049368336,4.416600816366487,0.5758,0.8022,1.0,modis
2017-01-01,-75.62008049368336,4.416600816366487,0.381,0.8195,1.0,modis
2017-01-17,-75.62008049368336,4.416600816366487,0.43170000000000003,0.7925000000000001,0.0,modis
2017-02-02,-75.62008049368336,4.416600816366487,0.378,0.8257,1.0,modis
2017-02-18,-75.62008049368336,4.416600816366487,0.2923,0.8431000000000001,1.0,modis
2017-03-22,-75.62008049368336,4.416600816366487,0.40900000000000003,0.7754000000000001,1.0,modis
2017-04-23,-75.62008049368336,4.416600816366487,0.5081,0.7557,1.0,modis
2017-06-10,-75.62008049368336,4.416600816366487,0.38,0.8488,1.0,modis
2017-07-12,-75.62008049368336,4.416600816366487,0.5306000000000001,0.8206,1.0,modis
2017-08-13,-75.62008049368336,4.416600816366487,0.22540000000000002,0.4731,1.0,modis
2017-08-29,-75.62008049368336,4.416600816366487,0.45530000000000004,0.8348,0.0,modis
2017-10-16,-75.62008049368336,4.416600816366487,0.4691,0.7232000000000001,1.0,modis
2017-11-01,-75.62008049368336,4.416600816366487,0.3642,0.7268,1.0,modis
2017-12-03,-75.62008049368336,4.416600816366487,0.37260000000000004,0.776,1.0,modis
2017-12-19,-75.62008049368336,4.416600816366487,0.46840000000000004,0.7524000000000001,1.0,modis
2018-01-01,-75.62008049368336,4.416600816366487,0.4907,0.7175,1.0,modis
2018-01-17,-75.62008049368336,4.416600816366487,0.4491,0.7032,1.0,modis
2018-02-18,-75.62008049368336,4.416600816366487,0.4207,0.8129000000000001,0.0,modis
2018-03-06,-75.62008049368336,4.416600816366487,0.5539000000000001,0.7567,1.0,modis
2018-04-07,-75.62008049368336,4.416600816366487,0.4263,0.8068000000000001,0.0,modis
2018-05-25,-75.62008049368336,4.416600816366487,0.403,0.7871,1.0,modis
2018-06-10,-75.62008049368336,4.416600816366487,0.5144000000000001,0.8493,1.0,modis
2018-07-28,-75.62008049368336,4.416600816366487,0.4984,0.7254,0.0,modis
2018-08-13,-75.62008049368336,4.416600816366487,0.4864,0.7923,0.0,modis
2018-09-14,-75.62008049368336,4.416600816366487,0.5538000000000001,0.7709,0.0,modis
2018-12-19,-75.62008049368336,4.416600816366487,0.49670000000000003,0.7621,0.0,modis
2019-01-01,-75.62008049368336,4.416600816366487,0.49670000000000003,0.7621,0.0,modis
2019-01-17,-75.62008049368336,4.416600816366487,0.48710000000000003,0.8196,0.0,modis
2019-02-02,-75.62008049368336,4.416600816366487,0.43370000000000003,0.7557,1.0,modis
2019-04-07,-75.62008049368336,4.416600816366487,0.41150000000000003,0.7757000000000001,1.0,modis
2019-04-23,-75.62008049368336,4.416600816366487,0.5298,0.8261000000000001,0.0,modis
2019-05-09,-75.62008049368336,4.416600816366487,0.5429,0.8632000000000001,1.0,modis
2019-05-25,-75.62008049368336,4.416600816366487,0.5749000000000001,0.8398,1.0,modis
2019-06-10,-75.62008049368336,4.416600816366487,0.5337000000000001,0.6948000000000001,1.0,modis
2019-06-26,-75.62008049368336,4.416600816366487,0.5231,0.8190000000000001,1.0,modis
2019-07-28,-75.62008049368336,4.416600816366487,0.5626,0.8207,1.0,modis
2019-08-13,-75.62008049368336,4.416600816366487,0.5353,0.7358,1.0,modis
2019-08-29,-75.62008049368336,4.416600816366487,0.4722,0.7638,1.0,modis
2019-09-30,-75.62008049368336,4.416600816366487,0.5216000000000001,0.7936000000000001,1.0,modis
2019-12-03,-75.62008049368336,4.416600816366487,0.4772,0.8393,1.0,modis
2020-01-01,-75.62008049368336,4.416600816366487,0.40850000000000003,0.8241,0.0,modis
2020-01-17,-75.62008049368336,4.416600816366487,0.4671,0.8158000000000001,1.0,modis
2020-02-02,-75.62008049368336,4.416600816366487,0.5124000000000001,0.8019000000000001,0.0,modis
2020-02-18,-75.62008049368336,4.416600816366487,0.4605,0.8065,0.0,modis
2020-03-05,-75.62008049368336,4.416600816366487,0.4792,0.8477,1.0,modis
2020-03-21,-75.62008049368336,4.416600816366487,0.48360000000000003,0.8424,0.0,modis
2020-05-24,-75.62008049368336,4.416600816366487,0.5817,0.8554,1.0,modis
2020-06-09,-75.62008049368336,4.416600816366487,0.4161,0.9156000000000001,1.0,modis
2020-07-11,-75.62008049368336,4.416600816366487,0.47250000000000003,0.8518,0.0,modis
2020-07-27,-75.62008049368336,4.416600816366487,0.36970000000000003,0.7696000000000001,0.0,modis
2020-10-31,-75.62008049368336,4.416600816366487,0.4363,0.8488,1.0,modis
2020-12-02,-75.62008049368336,4.416600816366487,0.5918,0.7858,1.0,modis
2021-01-01,-75.62008049368336,4.416600816366487,0.6307,0.7757000000000001,1.0,modis
2021-01-17,-75.62008049368336,4.416600816366487,0.5233,0.7857000000000001,1.0,modis
2021-02-02,-75.62008049368336,4.416600816366487,0.46630000000000005,0.8039000000000001,1.0,modis
2021-02-18,-75.62008049368336,4.416600816366487,0.49870000000000003,0.784,1.0,modis
2021-04-23,-75.62008049368336,4.416600816366487,0.47000000000000003,0.658,1.0,modis
2021-06-10,-75.62008049368336,4.416600816366487,0.603,0.8088000000000001,1.0,modis
2021-07-28,-75.62008049368336,4.416600816366487,0.5247,0.7977000000000001,1.0,modis
2021-08-29,-75.62008049368336,4.416600816366487,0.5744,0.7809,1.0,modis
2022-01-01,-75.62008049368336,4.416600816366487,0.5067,0.7675000000000001,1.0,modis
2022-01-17,-75.62008049368336,4.416600816366487,0.5353,0.6815,1.0,modis
2022-02-02,-75.62008049368336,4.416600816366487,0.6226,0.7386,1.0,modis
2022-03-06,-75.62008049368336,4.416600816366487,0.512,0.8302,1.0,modis
2022-07-12,-75.62008049368336,4.416600816366487,0.5885,0.8208000000000001,1.0,modis
2022-08-13,-75.62008049368336,4.416600816366487,0.48750000000000004,0.8789,1.0,modis
2022-08-29,-75.62008049368336,4.416600816366487,0.5992000000000001,0.8517,1.0,modis
2022-09-14,-75.62008049368336,4.416600816366487,0.3487,0.4747,1.0,modis
2022-11-17,-75.62008049368336,4.416600816366487,0.4868,0.7988000000000001,1.0,modis
2023-01-17,-75.62008049368336,4.416600816366487,0.4948,0.7967000000000001,0.0,modis
2023-02-02,-75.62008049368336,4.416600816366487,0.5669000000000001,0.7559,0.0,modis
2023-03-22,-75.62008049368336,4.416600816366487,0.5092,0.8327,1.0,modis
2023-04-23,-75.62008049368336,4.416600816366487,0.34840000000000004,0.7838,1.0,modis
2023-05-09,-75.62008049368336,4.416600816366487,0.5492,0.8276,1.0,modis
2023-06-10,-75.62008049368336,4.416600816366487,0.5635,0.8185,0.0,modis
2023-06-26,-75.62008049368336,4.416600816366487,0.6277,0.8398,1.0,modis
2023-07-12,-75.62008049368336,4.416600816366487,0.392,0.8131,1.0,modis
2023-07-28,-75.62008049368336,4.416600816366487,0.5082,0.8068000000000001,0.0,modis
2023-08-13,-75.62008049368336,4.416600816366487,0.4067,0.8198000000000001,0.0,modis
2023-08-29,-75.62008049368336,4.416600816366487,0.41590000000000005,0.7335,1.0,modis
2023-09-14,-75.62008049368336,4.416600816366487,0.37220000000000003,0.8294,1.0,modis
2023-10-16,-75.62008049368336,4.416600816366487,0.4267,0.7851,1.0,modis
2023-11-01,-75.62008049368336,4.416600816366487,0.5203,0.8083,1.0,modis
2023-11-17,-75.62008049368336,4.416600816366487,0.46440000000000003,0.8146,1.0,modis
2023-12-19,-75.62008049368336,4.416600816366487,0.3204,0.7943,1.0,modis
2024-01-01,-75.62008049368336,4.416600816366487,0.4323,0.8606,0.0,modis
2024-01-17,-75.62008049368336,4.416600816366487,0.5094000000000001,0.788,0.0,modis
2024-02-02,-75.62008049368336,4.416600816366487,0.4817,0.6873,1.0,modis
2024-02-18,-75.62008049368336,4.416600816366487,0.4506,0.8539,1.0,modis
2024-03-05,-75.62008049368336,4.416600816366487,0.49910000000000004,0.8367,1.0,modis
2024-05-24,-75.62008049368336,4.416600816366487,0.5630000000000001,0.8804000000000001,1.0,modis
2024-06-09,-75.62008049368336,4.416600816366487,0.49810000000000004,0.8383,1.0,modis
2024-06-25,-75.62008049368336,4.416600816366487,0.4776,0.8311000000000001,1.0,modis
2024-08-12,-75.62008049368336,4.416600816366487,0.38820000000000005,0.8363,0.0,modis
2024-08-28,-75.62008049368336,4.416600816366487,0.48860000000000003,0.7559,0.0,modis
2024-09-13,-75.62008049368336,4.416600816366487,0.4083,0.753,1.0,modis
2024-09-29,-75.62008049368336,4.416600816366487,0.394,0.8273,1.0,modis
2024-10-15,-75.62008049368336,4.416600816366487,0.4208,0.6176,1.0,modis
2024-10-31,-75.62008049368336,4.416600816366487,0.5339,0.7454000000000001,1.0,modis
2024-12-02,-75.62008049368336,4.416600816366487,0.45170000000000005,0.6377,1.0,modis
2024-12-18,-75.62008049368336,4.416600816366487,0.5663,0.792,1.0,modis
2015-01-01,-75.61752325143904,4.479553257824672,0.45730000000000004,0.7675000000000001,0.0,modis
2015-01-17,-75.61752325143904,4.479553257824672,0.4672,0.8118000000000001,1.0,modis
2015-06-10,-75.61752325143904,4.479553257824672,0.5597,0.8079000000000001,1.0,modis
2015-08-29,-75.61752325143904,4.479553257824672,0.4409,0.6613,0.0,modis
2015-09-14,-75.61752325143904,4.479553257824672,0.29400000000000004,0.6529,1.0,modis
2015-10-16,-75.61752325143904,4.479553257824672,0.444,0.5188,1.0,modis
2015-11-17,-75.61752325143904,4.479553257824672,0.4811,0.7191000000000001,1.0,modis
2015-12-03,-75.61752325143904,4.479553257824672,0.44530000000000003,0.7704000000000001,1.0,modis
2016-01-01,-75.61752325143904,4.479553257824672,0.5491,0.7903,0.0,modis
2016-02-02,-75.61752325143904,4.479553257824672,0.4812,0.6246,1.0,modis
2016-03-21,-75.61752325143904,4.479553257824672,0.4435,0.6927,1.0,modis
2016-08-12,-75.61752325143904,4.479553257824672,0.5688,0.741,1.0,modis
2016-08-28,-75.61752325143904,4.479553257824672,0.33290000000000003,0.6434000000000001,1.0,modis
2016-09-13,-75.61752325143904,4.479553257824672,0.2868,0.7829,1.0,modis
2017-01-17,-75.61752325143904,4.479553257824672,0.20720000000000002,0.6804,1.0,modis
2017-02-18,-75.61752325143904,4.479553257824672,0.40950000000000003,0.6111,1.0,modis
2017-08-29,-75.61752325143904,4.479553257824672,0.21380000000000002,0.8664000000000001,0.0,modis
2017-09-30,-75.61752325143904,4.479553257824672,0.49360000000000004,0.785,1.0,modis
2017-11-01,-75.61752325143904,4.479553257824672,0.5404,0.7848,1.0,modis
2018-01-17,-75.61752325143904,4.479553257824672,0.4192,0.6535000000000001,1.0,modis
2018-03-06,-75.61752325143904,4.479553257824672,0.4586,0.6292,1.0,modis
2018-04-07,-75.61752325143904,4.479553257824672,0.6001000000000001,0.7965,1.0,modis
2018-05-25,-75.61752325143904,4.479553257824672,0.4914,0.8139000000000001,0.0,modis
2018-12-03,-75.61752325143904,4.479553257824672,0.39280000000000004,0.6674,1.0,modis
2018-12-19,-75.61752325143904,4.479553257824672,0.4907,0.7559,1.0,modis
2019-01-01,-75.61752325143904,4.479553257824672,0.4907,0.7559,1.0,modis
2019-02-02,-75.61752325143904,4.479553257824672,0.49960000000000004,0.8377,1.0,modis
2019-03-22,-75.61752325143904,4.479553257824672,0.5497000000000001,0.739,1.0,modis
2019-06-26,-75.61752325143904,4.479553257824672,0.5624,0.7959,0.0,modis
2019-07-12,-75.61752325143904,4.479553257824672,0.5720000000000001,0.7095,1.0,modis
2019-08-13,-75.61752325143904,4.479553257824672,0.5793,0.7649,1.0,modis
2019-09-14,-75.61752325143904,4.479553257824672,0.38470000000000004,0.5704,1.0,modis
2020-01-01,-75.61752325143904,4.479553257824672,0.5472,0.8431000000000001,1.0,modis
2020-02-02,-75.61752325143904,4.479553257824672,0.5488000000000001,0.7094,1.0,modis
2020-02-18,-75.61752325143904,4.479553257824672,0.5226000000000001,0.8432000000000001,1.0,modis
2020-03-05,-75.61752325143904,4.479553257824672,0.5497000000000001,0.7928000000000001,1.0,modis
2020-07-11,-75.61752325143904,4.479553257824672,0.5329,0.8177000000000001,0.0,modis
2020-07-27,-75.61752325143904,4.479553257824672,0.4612,0.8238000000000001,0.0,modis
2020-08-28,-75.61752325143904,4.479553257824672,0.37820000000000004,0.6803,1.0,modis
2020-09-29,-75.61752325143904,4.479553257824672,0.5515,0.8024,1.0,modis
2020-10-31,-75.61752325143904,4.479553257824672,0.5691,0.8277,1.0,modis
2021-01-17,-75.61752325143904,4.479553257824672,0.6256,0.7170000000000001,1.0,modis
2021-06-26,-75.61752325143904,4.479553257824672,0.5198,0.736,1.0,modis
2021-07-28,-75.61752325143904,4.479553257824672,0.5364,0.8493,0.0,modis
2021-09-14,-75.61752325143904,4.479553257824672,0.5504,0.8169000000000001,1.0,modis
2022-03-06,-75.61752325143904,4.479553257824672,0.5840000000000001,0.7366,1.0,modis
2022-08-29,-75.61752325143904,4.479553257824672,0.5910000000000001,0.7792,1.0,modis
2022-11-01,-75.61752325143904,4.479553257824672,0.5754,0.7978000000000001,1.0,modis
2022-12-19,-75.61752325143904,4.479553257824672,0.4756,0.6095,1.0,modis
2023-01-01,-75.61752325143904,4.479553257824672,0.3038,0.8299000000000001,1.0,modis
2023-01-17,-75.61752325143904,4.479553257824672,0.546,0.7685000000000001,1.0,modis
2023-02-02,-75.61752325143904,4.479553257824672,0.5703,0.7476,1.0,modis
2023-02-18,-75.61752325143904,4.479553257824672,0.3648,0.6316,1.0,modis
2023-05-25,-75.61752325143904,4.479553257824672,0.44420000000000004,0.8274,1.0,modis
2023-06-10,-75.61752325143904,4.479553257824672,0.5158,0.8204,1.0,modis
2023-06-26,-75.61752325143904,4.479553257824672,0.46440000000000003,0.8272,1.0,modis
2023-07-28,-75.61752325143904,4.479553257824672,0.3582,0.5637,1.0,modis
2023-08-13,-75.61752325143904,4.479553257824672,0.4698,0.8165,0.0,modis
2023-09-14,-75.61752325143904,4.479553257824672,0.5810000000000001,0.7714000000000001,1.0,modis
2023-11-17,-75.61752325143904,4.479553257824672,0.5056,0.8063,1.0,modis
2024-01-01,-75.61752325143904,4.479553257824672,0.5366000000000001,0.8307,0.0,modis
2024-01-17,-75.61752325143904,4.479553257824672,0.5698,0.7702,0.0,modis
2024-03-05,-75.61752325143904,4.479553257824672,0.3609,0.8366,1.0,modis
2024-06-09,-75.61752325143904,4.479553257824672,0.5046,0.8180000000000001,1.0,modis
2024-08-12,-75.61752325143904,4.479553257824672,0.5166000000000001,0.7629,1.0,modis
2024-08-28,-75.61752325143904,4.479553257824672,0.5474,0.763,0.0,modis
2024-09-13,-75.61752325143904,4.479553257824672,0.43060000000000004,0.7865000000000001,1.0,modis
2024-10-31,-75.61752325143904,4.479553257824672,0.5725,0.7899,1.0,modis
2015-01-01,-75.59577829963555,4.44358043413428,0.5036,0.7346,0.0,modis
2015-02-02,-75.59577829963555,4.44358043413428,0.46280000000000004,0.785,0.0,modis
2015-02-18,-75.59577829963555,4.44358043413428,0.49720000000000003,0.7189,1.0,modis
2015-03-06,-75.59577829963555,4.44358043413428,0.4642,0.8221,1.0,modis
2015-04-23,-75.59577829963555,4.44358043413428,0.5194,0.681,1.0,modis
2015-06-26,-75.59577829963555,4.44358043413428,0.4793,0.7869,1.0,modis
2015-08-13,-75.59577829963555,4.44358043413428,0.5104000000000001,0.6655,0.0,modis
2015-08-29,-75.59577829963555,4.44358043413428,0.459,0.6825,0.0,modis
2015-09-14,-75.59577829963555,4.44358043413428,0.4656,0.6877,0.0,modis
2015-10-16,-75.59577829963555,4.44358043413428,0.4701,0.7307,1.0,modis
2015-11-01,-75.59577829963555,4.44358043413428,0.35950000000000004,0.8165,1.0,modis
2015-11-17,-75.59577829963555,4.44358043413428,0.5139,0.7945,1.0,modis
2015-12-03,-75.59577829963555,4.44358043413428,0.4136,0.5664,1.0,modis
2015-12-19,-75.59577829963555,4.44358043413428,0.3754,0.803,0.0,modis
2016-01-01,-75.59577829963555,4.44358043413428,0.5191,0.7275,1.0,modis
2016-01-17,-75.59577829963555,4.44358043413428,0.42860000000000004,0.6494,1.0,modis
2016-02-02,-75.59577829963555,4.44358043413428,0.45570000000000005,0.8679,1.0,modis
2016-03-21,-75.59577829963555,4.44358043413428,0.46530000000000005,0.7861,1.0,modis
2016-04-06,-75.59577829963555,4.44358043413428,0.5524,0.7518,1.0,modis
2016-05-08,-75.59577829963555,4.44358043413428,0.5869,0.8726,1.0,modis
2016-06-09,-75.59577829963555,4.44358043413428,0.42210000000000003,0.8137000000000001,1.0,modis
2016-06-25,-75.59577829963555,4.44358043413428,0.5255000000000001,0.7672,0.0,modis
2016-07-11,-75.59577829963555,4.44358043413428,0.4108,0.8217,1.0,modis
2016-08-12,-75.59577829963555,4.44358043413428,0.5730000000000001,0.752,1.0,modis
2016-09-13,-75.59577829963555,4.44358043413428,0.5715,0.6986,0.0,modis
2016-11-16,-75.59577829963555,4.44358043413428,0.3956,0.7728,0.0,modis
2017-01-01,-75.59577829963555,4.44358043413428,0.343,0.8371000000000001,1.0,modis
2017-01-17,-75.59577829963555,4.44358043413428,0.40290000000000004,0.7544000000000001,1.0,modis
2017-02-02,-75.59577829963555,4.44358043413428,0.3019,0.7647,0.0,modis
2017-02-18,-75.59577829963555,4.44358043413428,0.1898,0.6188,1.0,modis
2017-04-23,-75.59577829963555,4.44358043413428,0.5343,0.8363,1.0,modis
2017-05-09,-75.59577829963555,4.44358043413428,0.38920000000000005,0.7775000000000001,1.0,modis
2017-06-10,-75.59577829963555,4.44358043413428,0.44520000000000004,0.8611000000000001,1.0,modis
2017-07-12,-75.59577829963555,4.44358043413428,0.544,0.7062,1.0,modis
2017-08-29,-75.59577829963555,4.44358043413428,0.2599,0.8094,0.0,modis
2017-10-16,-75.59577829963555,4.44358043413428,0.5012,0.759,1.0,modis
2018-02-18,-75.59577829963555,4.44358043413428,0.4571,0.7781,0.0,modis
2018-03-06,-75.59577829963555,4.44358043413428,0.5229,0.7254,0.0,modis
2018-07-28,-75.59577829963555,4.44358043413428,0.49510000000000004,0.78,0.0,modis
2018-08-13,-75.59577829963555,4.44358043413428,0.5034000000000001,0.7832,0.0,modis
2018-09-14,-75.59577829963555,4.44358043413428,0.5351,0.7145,0.0,modis
2018-12-19,-75.59577829963555,4.44358043413428,0.46480000000000005,0.7387,0.0,modis
2019-01-01,-75.59577829963555,4.44358043413428,0.46480000000000005,0.7387,0.0,modis
2019-01-17,-75.59577829963555,4.44358043413428,0.4685,0.77,0.0,modis
2019-02-02,-75.59577829963555,4.44358043413428,0.39480000000000004,0.8224,0.0,modis
2019-04-07,-75.59577829963555,4.44358043413428,0.40940000000000004,0.884,1.0,modis
2019-04-23,-75.59577829963555,4.44358043413428,0.5508000000000001,0.8088000000000001,0.0,modis
2019-06-26,-75.59577829963555,4.44358043413428,0.5456,0.769,0.0,modis
2019-07-28,-75.59577829963555,4.44358043413428,0.5109,0.7691,1.0,modis
2019-08-13,-75.59577829963555,4.44358043413428,0.3457,0.5842,1.0,modis
2019-08-29,-75.59577829963555,4.44358043413428,0.48400000000000004,0.7113,0.0,modis
2019-11-01,-75.59577829963555,4.44358043413428,0.5413,0.8204,1.0,modis
2019-12-03,-75.59577829963555,4.44358043413428,0.4182,0.6774,1.0,modis
2020-01-01,-75.59577829963555,4.44358043413428,0.4045,0.8304,0.0,modis
2020-01-17,-75.59577829963555,4.44358043413428,0.4279,0.8049000000000001,1.0,modis
2020-02-02,-75.59577829963555,4.44358043413428,0.5169,0.7591,0.0,modis
2020-02-18,-75.59577829963555,4.44358043413428,0.4363,0.7865000000000001,0.0,modis
2020-03-05,-75.59577829963555,4.44358043413428,0.4439,0.8787,1.0,modis
2020-05-24,-75.59577829963555,4.44358043413428,0.41150000000000003,0.6211,1.0,modis
2020-07-11,-75.59577829963555,4.44358043413428,0.5920000000000001,0.7255,1.0,modis
2020-07-27,-75.59577829963555,4.44358043413428,0.43170000000000003,0.8626,0.0,modis
2020-09-29,-75.59577829963555,4.44358043413428,0.5457000000000001,0.7471,1.0,modis
2020-10-31,-75.59577829963555,4.44358043413428,0.40850000000000003,0.6741,1.0,modis
2021-01-01,-75.59577829963555,4.44358043413428,0.4504,0.8416,1.0,modis
2021-01-17,-75.59577829963555,4.44358043413428,0.5209,0.764,0.0,modis
2021-02-02,-75.59577829963555,4.44358043413428,0.4428,0.7915000000000001,1.0,modis
2021-07-12,-75.59577829963555,4.44358043413428,0.43410000000000004,0.9185000000000001,1.0,modis
2021-07-28,-75.59577829963555,4.44358043413428,0.4526,0.8307,0.0,modis
2021-09-14,-75.59577829963555,4.44358043413428,0.5341,0.7414000000000001,0.0,modis
2021-12-03,-75.59577829963555,4.44358043413428,0.5417000000000001,0.7738,1.0,modis
2022-01-17,-75.59577829963555,4.44358043413428,0.40540000000000004,0.7843,1.0,modis
2022-08-13,-75.59577829963555,4.44358043413428,0.44420000000000004,0.8627,1.0,modis
2022-08-29,-75.59577829963555,4.44358043413428,0.4771,0.6171,1.0,modis
2022-11-01,-75.59577829963555,4.44358043413428,0.499,0.6487,1.0,modis
2022-12-19,-75.59577829963555,4.44358043413428,0.5073,0.7438,1.0,modis
2023-01-17,-75.59577829963555,4.44358043413428,0.5061,0.7382000000000001,0.0,modis
2023-02-02,-75.59577829963555,4.44358043413428,0.37620000000000003,0.7669,1.0,modis
2023-04-23,-75.59577829963555,4.44358043413428,0.4722,0.7228,1.0,modis
2023-06-10,-75.59577829963555,4.44358043413428,0.4117,0.8163,1.0,modis
2023-07-28,-75.59577829963555,4.44358043413428,0.5254,0.8164,0.0,modis
2023-08-13,-75.59577829963555,4.44358043413428,0.3987,0.7741,0.0,modis
2023-09-14,-75.59577829963555,4.44358043413428,0.5035000000000001,0.6473,1.0,modis
2023-10-16,-75.59577829963555,4.44358043413428,0.341,0.7459,1.0,modis
2024-01-01,-75.59577829963555,4.44358043413428,0.39830000000000004,0.8358,0.0,modis
2024-01-17,-75.59577829963555,4.44358043413428,0.2993,0.8674000000000001,0.0,modis
2024-02-02,-75.59577829963555,4.44358043413428,0.5492,0.7172000000000001,1.0,modis
2024-03-05,-75.59577829963555,4.44358043413428,0.48550000000000004,0.7894,1.0,modis
2024-04-06,-75.59577829963555,4.44358043413428,0.3408,0.6786,1.0,modis
2024-05-24,-75.59577829963555,4.44358043413428,0.4811,0.8248000000000001,1.0,modis
2024-06-09,-75.59577829963555,4.44358043413428,0.4937,0.8132,0.0,modis
2024-06-25,-75.59577829963555,4.44358043413428,0.4041,0.7696000000000001,1.0,modis
2024-07-11,-75.59577829963555,4.44358043413428,0.5446,0.7549,1.0,modis
2024-08-12,-75.59577829963555,4.44358043413428,0.37570000000000003,0.7709,1.0,modis
2024-08-28,-75.59577829963555,4.44358043413428,0.47940000000000005,0.7282000000000001,0.0,modis
2024-09-13,-75.59577829963555,4.44358043413428,0.514,0.639,1.0,modis
2024-09-29,-75.59577829963555,4.44358043413428,0.36150000000000004,0.877,1.0,modis
2024-10-31,-75.59577829963555,4.44358043413428,0.5,0.683,1.0,modis
2024-12-02,-75.59577829963555,4.44358043413428,0.22820000000000001,0.8500000000000001,1.0,modis
2024-12-18,-75.59577829963555,4.44358043413428,0.5303,0.7743,1.0,modis
2015-01-01,-75.54952497488793,4.60545814074105,0.4283,0.8294,0.0,modis
2015-02-02,-75.54952497488793,4.60545814074105,0.3796,0.7020000000000001,1.0,modis
2015-04-23,-75.54952497488793,4.60545814074105,0.43210000000000004,0.7824,1.0,modis
2015-05-09,-75.54952497488793,4.60545814074105,0.4526,0.8458,1.0,modis
2015-06-10,-75.54952497488793,4.60545814074105,0.5513,0.8418,0.0,modis
2015-06-26,-75.54952497488793,4.60545814074105,0.39790000000000003,0.8398,1.0,modis
2015-07-12,-75.54952497488793,4.60545814074105,0.5464,0.7822,1.0,modis
2015-07-28,-75.54952497488793,4.60545814074105,0.4173,0.7598,1.0,modis
2015-08-13,-75.54952497488793,4.60545814074105,0.541,0.797,1.0,modis
2015-08-29,-75.54952497488793,4.60545814074105,0.2801,0.8741,0.0,modis
2015-09-14,-75.54952497488793,4.60545814074105,0.41700000000000004,0.7598,0.0,modis
2015-10-16,-75.54952497488793,4.60545814074105,0.4525,0.6973,1.0,modis
2015-11-01,-75.54952497488793,4.60545814074105,0.3793,0.8195,1.0,modis
2015-12-03,-75.54952497488793,4.60545814074105,0.4232,0.6205,1.0,modis
2015-12-19,-75.54952497488793,4.60545814074105,0.4469,0.8455,0.0,modis
2016-01-01,-75.54952497488793,4.60545814074105,0.4797,0.8371000000000001,0.0,modis
2016-01-17,-75.54952497488793,4.60545814074105,0.5789000000000001,0.749,1.0,modis
2016-02-02,-75.54952497488793,4.60545814074105,0.4274,0.4752,1.0,modis
2016-04-06,-75.54952497488793,4.60545814074105,0.5933,0.8689,1.0,modis
2016-05-08,-75.54952497488793,4.60545814074105,0.5291,0.7241000000000001,1.0,modis
2016-06-09,-75.54952497488793,4.60545814074105,0.43820000000000003,0.8583000000000001,0.0,modis
2016-06-25,-75.54952497488793,4.60545814074105,0.4549,0.8153,0.0,modis
2016-08-12,-75.54952497488793,4.60545814074105,0.5168,0.7867000000000001,0.0,modis
2016-08-28,-75.54952497488793,4.60545814074105,0.42710000000000004,0.8298000000000001,0.0,modis
2016-09-13,-75.54952497488793,4.60545814074105,0.6017,0.7561,0.0,modis
2016-10-15,-75.54952497488793,4.60545814074105,0.4773,0.7363000000000001,1.0,modis
2016-11-16,-75.54952497488793,4.60545814074105,0.40690000000000004,0.775,0.0,modis
2017-01-17,-75.54952497488793,4.60545814074105,0.2484,0.48800000000000004,1.0,modis
2017-02-18,-75.54952497488793,4.60545814074105,0.3871,0.8384,1.0,modis
2017-04-23,-75.54952497488793,4.60545814074105,0.4444,0.6168,1.0,modis
2017-07-12,-75.54952497488793,4.60545814074105,0.5666,0.8335,1.0,modis
2017-08-29,-75.54952497488793,4.60545814074105,0.4917,0.7627,1.0,modis
2017-12-03,-75.54952497488793,4.60545814074105,0.19790000000000002,0.8190000000000001,1.0,modis
2018-01-17,-75.54952497488793,4.60545814074105,0.3415,0.7498,1.0,modis
2018-02-18,-75.54952497488793,4.60545814074105,0.32,0.7605000000000001,0.0,modis
2018-03-06,-75.54952497488793,4.60545814074105,0.3689,0.892,0.0,modis
2018-07-12,-75.54952497488793,4.60545814074105,0.5529000000000001,0.7317,1.0,modis
2018-07-28,-75.54952497488793,4.60545814074105,0.5396000000000001,0.7928000000000001,0.0,modis
2018-08-13,-75.54952497488793,4.60545814074105,0.4824,0.7675000000000001,0.0,modis
2018-09-14,-75.54952497488793,4.60545814074105,0.4632,0.7013,1.0,modis
2018-12-19,-75.54952497488793,4.60545814074105,0.5372,0.8068000000000001,0.0,modis
2019-01-01,-75.54952497488793,4.60545814074105,0.5372,0.8068000000000001,0.0,modis
2019-01-17,-75.54952497488793,4.60545814074105,0.4954,0.6621,1.0,modis
2019-03-22,-75.54952497488793,4.60545814074105,0.6025,0.7888000000000001,1.0,modis
2019-05-25,-75.54952497488793,4.60545814074105,0.5650000000000001,0.866,1.0,modis
2019-06-26,-75.54952497488793,4.60545814074105,0.5132,0.8344,0.0,modis
2019-07-28,-75.54952497488793,4.60545814074105,0.41190000000000004,0.806,1.0,modis
2019-08-13,-75.54952497488793,4.60545814074105,0.38530000000000003,0.8714000000000001,1.0,modis
2019-08-29,-75.54952497488793,4.60545814074105,0.4398,0.7766000000000001,0.0,modis
2019-09-14,-75.54952497488793,4.60545814074105,0.49820000000000003,0.9012,1.0,modis
2020-01-01,-75.54952497488793,4.60545814074105,0.3719,0.8605,1.0,modis
2020-01-17,-75.54952497488793,4.60545814074105,0.6302,0.8473,1.0,modis
2020-02-02,-75.54952497488793,4.60545814074105,0.4968,0.8343,0.0,modis
2020-02-18,-75.54952497488793,4.60545814074105,0.4803,0.7251000000000001,0.0,modis
2020-03-21,-75.54952497488793,4.60545814074105,0.5894,0.7272000000000001,1.0,modis
2020-05-24,-75.54952497488793,4.60545814074105,0.5648000000000001,0.8364,0.0,modis
2020-09-13,-75.54952497488793,4.60545814074105,0.41500000000000004,0.6808000000000001,1.0,modis
2020-09-29,-75.54952497488793,4.60545814074105,0.5969,0.8111,0.0,modis
2020-10-31,-75.54952497488793,4.60545814074105,0.4738,0.765,1.0,modis
2021-01-01,-75.54952497488793,4.60545814074105,0.3007,0.5445,1.0,modis
2021-01-17,-75.54952497488793,4.60545814074105,0.35500000000000004,0.8441000000000001,1.0,modis
2021-02-18,-75.54952497488793,4.60545814074105,0.5694,0.7751,1.0,modis
2021-04-07,-75.54952497488793,4.60545814074105,0.5649000000000001,0.8310000000000001,1.0,modis
2021-05-09,-75.54952497488793,4.60545814074105,0.4721,0.7351000000000001,1.0,modis
2021-05-25,-75.54952497488793,4.60545814074105,0.36360000000000003,0.7524000000000001,1.0,modis
2021-07-28,-75.54952497488793,4.60545814074105,0.4566,0.8867,0.0,modis
2021-08-29,-75.54952497488793,4.60545814074105,0.5751000000000001,0.7758,1.0,modis
2021-09-14,-75.54952497488793,4.60545814074105,0.5455,0.7621,1.0,modis
2022-01-17,-75.54952497488793,4.60545814074105,0.4672,0.7012,1.0,modis
2022-06-10,-75.54952497488793,4.60545814074105,0.4536,0.9234,1.0,modis
2022-08-13,-75.54952497488793,4.60545814074105,0.5807,0.8409000000000001,1.0,modis
2022-09-14,-75.54952497488793,4.60545814074105,0.5698,0.6853,1.0,modis
2022-12-19,-75.54952497488793,4.60545814074105,0.26930000000000004,0.39430000000000004,1.0,modis
2023-01-01,-75.54952497488793,4.60545814074105,0.40440000000000004,0.6176,1.0,modis
2023-01-17,-75.54952497488793,4.60545814074105,0.2806,0.6042000000000001,1.0,modis
2023-02-02,-75.54952497488793,4.60545814074105,0.2363,0.6487,1.0,modis
2023-03-06,-75.54952497488793,4.60545814074105,0.4481,0.5468000000000001,1.0,modis
2023-03-22,-75.54952497488793,4.60545814074105,0.34540000000000004,0.7617,1.0,modis
2023-04-23,-75.54952497488793,4.60545814074105,0.5658000000000001,0.8054,0.0,modis
2023-05-25,-75.54952497488793,4.60545814074105,0.41400000000000003,0.8728,0.0,modis
2023-06-10,-75.54952497488793,4.60545814074105,0.5645,0.7894,0.0,modis
2023-07-28,-75.54952497488793,4.60545814074105,0.47550000000000003,0.8499,0.0,modis
2023-08-13,-75.54952497488793,4.60545814074105,0.4031,0.8467,0.0,modis
2023-08-29,-75.54952497488793,4.60545814074105,0.5897,0.7455,1.0,modis
2023-09-14,-75.54952497488793,4.60545814074105,0.36920000000000003,0.8480000000000001,0.0,modis
2023-10-16,-75.54952497488793,4.60545814074105,0.39440000000000003,0.8147000000000001,1.0,modis
2023-11-01,-75.54952497488793,4.60545814074105,0.3447,0.8701000000000001,0.0,modis
2023-11-17,-75.54952497488793,4.60545814074105,0.5615,0.8175,1.0,modis
2023-12-03,-75.54952497488793,4.60545814074105,0.4601,0.7502000000000001,1.0,modis
2024-01-01,-75.54952497488793,4.60545814074105,0.4844,0.7466,1.0,modis
2024-01-17,-75.54952497488793,4.60545814074105,0.4864,0.6453,1.0,modis
2024-02-02,-75.54952497488793,4.60545814074105,0.5546,0.7030000000000001,1.0,modis
2024-02-18,-75.54952497488793,4.60545814074105,0.5471,0.6326,1.0,modis
2024-03-05,-75.54952497488793,4.60545814074105,0.47290000000000004,0.7552,1.0,modis
2024-04-06,-75.54952497488793,4.60545814074105,0.5522,0.6454000000000001,1.0,modis
2024-05-08,-75.54952497488793,4.60545814074105,0.3114,0.637,1.0,modis
2024-05-24,-75.54952497488793,4.60545814074105,0.4949,0.8397,0.0,modis
2024-06-09,-75.54952497488793,4.60545814074105,0.3776,0.8232,0.0,modis
2024-06-25,-75.54952497488793,4.60545814074105,0.45830000000000004,0.8378,0.0,modis
2024-07-11,-75.54952497488793,4.60545814074105,0.5255000000000001,0.8325,1.0,modis
2024-07-27,-75.54952497488793,4.60545814074105,0.3735,0.5333,1.0,modis
2024-08-12,-75.54952497488793,4.60545814074105,0.3851,0.8277,0.0,modis
2024-08-28,-75.54952497488793,4.60545814074105,0.4093,0.7757000000000001,0.0,modis
2024-09-13,-75.54952497488793,4.60545814074105,0.3032,0.4535,1.0,modis
2024-09-29,-75.54952497488793,4.60545814074105,0.3589,0.8447,1.0,modis
2024-12-18,-75.54952497488793,4.60545814074105,0.4174,0.4404,1.0,modis
2015-01-01,-75.54535715607841,4.479553257824672,0.4737,0.8378,0.0,modis
2015-04-07,-75.54535715607841,4.479553257824672,0.35900000000000004,0.8837,1.0,modis
2015-04-23,-75.54535715607841,4.479553257824672,0.34990000000000004,0.7762,1.0,modis
2015-05-09,-75.54535715607841,4.479553257824672,0.47090000000000004,0.8214,1.0,modis
2015-11-01,-75.54535715607841,4.479553257824672,0.3261,0.7816000000000001,1.0,modis
2015-12-03,-75.54535715607841,4.479553257824672,0.38180000000000003,0.8897,0.0,modis
2015-12-19,-75.54535715607841,4.479553257824672,0.3914,0.8287,0.0,modis
2016-01-01,-75.54535715607841,4.479553257824672,0.4685,0.8653000000000001,0.0,modis
2016-01-17,-75.54535715607841,4.479553257824672,0.5136000000000001,0.8524,1.0,modis
2016-02-02,-75.54535715607841,4.479553257824672,0.5406000000000001,0.8570000000000001,1.0,modis
2016-03-21,-75.54535715607841,4.479553257824672,0.36660000000000004,0.9028,1.0,modis
2016-04-22,-75.54535715607841,4.479553257824672,0.48210000000000003,0.861,1.0,modis
2016-05-24,-75.54535715607841,4.479553257824672,0.3922,0.8908,0.0,modis
2016-06-09,-75.54535715607841,4.479553257824672,0.39130000000000004,0.8396,1.0,modis
2016-06-25,-75.54535715607841,4.479553257824672,0.4707,0.8805000000000001,0.0,modis
2016-07-11,-75.54535715607841,4.479553257824672,0.32130000000000003,0.8873000000000001,1.0,modis
2016-08-12,-75.54535715607841,4.479553257824672,0.4509,0.8102,0.0,modis
2016-09-13,-75.54535715607841,4.479553257824672,0.5825,0.8741,1.0,modis
2016-11-16,-75.54535715607841,4.479553257824672,0.38220000000000004,0.8024,1.0,modis
2016-12-02,-75.54535715607841,4.479553257824672,0.4056,0.9062,0.0,modis
2017-01-17,-75.54535715607841,4.479553257824672,0.3907,0.8230000000000001,1.0,modis
2017-02-02,-75.54535715607841,4.479553257824672,0.3617,0.9013,0.0,modis
2017-05-09,-75.54535715607841,4.479553257824672,0.2893,0.5895,1.0,modis
2017-05-25,-75.54535715607841,4.479553257824672,0.36250000000000004,0.9353,1.0,modis
2017-07-12,-75.54535715607841,4.479553257824672,0.47190000000000004,0.8292,1.0,modis
2017-09-14,-75.54535715607841,4.479553257824672,0.35250000000000004,0.6798000000000001,1.0,modis
2018-01-01,-75.54535715607841,4.479553257824672,0.4464,0.7724000000000001,1.0,modis
2018-01-17,-75.54535715607841,4.479553257824672,0.5495,0.8466,1.0,modis
2018-02-18,-75.54535715607841,4.479553257824672,0.34440000000000004,0.6324000000000001,1.0,modis
2018-04-07,-75.54535715607841,4.479553257824672,0.49460000000000004,0.8729,1.0,modis
2018-05-25,-75.54535715607841,4.479553257824672,0.336,0.8924000000000001,1.0,modis
2018-06-10,-75.54535715607841,4.479553257824672,0.47090000000000004,0.887,0.0,modis
2018-07-28,-75.54535715607841,4.479553257824672,0.45840000000000003,0.8444,0.0,modis
2018-09-14,-75.54535715607841,4.479553257824672,0.48190000000000005,0.8569,0.0,modis
2018-12-19,-75.54535715607841,4.479553257824672,0.4577,0.8253,0.0,modis
2019-01-01,-75.54535715607841,4.479553257824672,0.4577,0.8253,0.0,modis
2019-01-17,-75.54535715607841,4.479553257824672,0.2826,0.8264,1.0,modis
2019-02-02,-75.54535715607841,4.479553257824672,0.42600000000000005,0.8786,0.0,modis
2019-02-18,-75.54535715607841,4.479553257824672,0.3655,0.8832000000000001,1.0,modis
2019-04-23,-75.54535715607841,4.479553257824672,0.4955,0.8657,0.0,modis
2019-05-25,-75.54535715607841,4.479553257824672,0.42310000000000003,0.6182000000000001,1.0,modis
2019-06-26,-75.54535715607841,4.479553257824672,0.31370000000000003,0.5539000000000001,1.0,modis
2019-07-12,-75.54535715607841,4.479553257824672,0.5021,0.8595,1.0,modis
2019-08-29,-75.54535715607841,4.479553257824672,0.3855,0.738,1.0,modis
2020-01-01,-75.54535715607841,4.479553257824672,0.39330000000000004,0.8865000000000001,0.0,modis
2020-02-02,-75.54535715607841,4.479553257824672,0.3289,0.8624,1.0,modis
2020-02-18,-75.54535715607841,4.479553257824672,0.4304,0.8599,0.0,modis
2020-03-05,-75.54535715607841,4.479553257824672,0.44260000000000005,0.8879,0.0,modis
2020-03-21,-75.54535715607841,4.479553257824672,0.5987,0.8320000000000001,1.0,modis
2020-04-06,-75.54535715607841,4.479553257824672,0.5319,0.8102,1.0,modis
2020-07-27,-75.54535715607841,4.479553257824672,0.34240000000000004,0.8703000000000001,0.0,modis
2020-08-12,-75.54535715607841,4.479553257824672,0.3205,0.8336,1.0,modis
2020-09-13,-75.54535715607841,4.479553257824672,0.34,0.7301000000000001,1.0,modis
2020-12-02,-75.54535715607841,4.479553257824672,0.5123,0.7823,1.0,modis
2021-01-17,-75.54535715607841,4.479553257824672,0.2988,0.8047000000000001,1.0,modis
2021-06-10,-75.54535715607841,4.479553257824672,0.5034000000000001,0.867,1.0,modis
2021-07-28,-75.54535715607841,4.479553257824672,0.3653,0.9049,0.0,modis
2021-08-29,-75.54535715607841,4.479553257824672,0.5526,0.8754000000000001,1.0,modis
2021-09-14,-75.54535715607841,4.479553257824672,0.4693,0.7812,0.0,modis
2021-11-17,-75.54535715607841,4.479553257824672,0.4903,0.8681000000000001,0.0,modis
2022-03-06,-75.54535715607841,4.479553257824672,0.40590000000000004,0.8437,1.0,modis
2022-08-13,-75.54535715607841,4.479553257824672,0.5086,0.8193,1.0,modis
2023-01-17,-75.54535715607841,4.479553257824672,0.3452,0.8955000000000001,1.0,modis
2023-02-02,-75.54535715607841,4.479553257824672,0.5083,0.6552,1.0,modis
2023-03-22,-75.54535715607841,4.479553257824672,0.5719000000000001,0.8338,1.0,modis
2023-05-25,-75.54535715607841,4.479553257824672,0.3794,0.867,0.0,modis
2023-06-10,-75.54535715607841,4.479553257824672,0.465,0.8481000000000001,0.0,modis
2023-08-13,-75.54535715607841,4.479553257824672,0.37920000000000004,0.8879,0.0,modis
2023-08-29,-75.54535715607841,4.479553257824672,0.33240000000000003,0.9005000000000001,1.0,modis
2023-09-14,-75.54535715607841,4.479553257824672,0.5071,0.8228000000000001,1.0,modis
2023-10-16,-75.54535715607841,4.479553257824672,0.30670000000000003,0.67,1.0,modis
2023-11-01,-75.54535715607841,4.479553257824672,0.2659,0.5399,1.0,modis
2023-12-03,-75.54535715607841,4.479553257824672,0.42350000000000004,0.8775000000000001,1.0,modis
2024-01-01,-75.54535715607841,4.479553257824672,0.4304,0.8588,0.0,modis
2024-01-17,-75.54535715607841,4.479553257824672,0.5544,0.8136,0.0,modis
2024-02-02,-75.54535715607841,4.479553257824672,0.39880000000000004,0.8705,1.0,modis
2024-04-06,-75.54535715607841,4.479553257824672,0.32480000000000003,0.5947,1.0,modis
2024-05-08,-75.54535715607841,4.479553257824672,0.3186,0.9181,1.0,modis
2024-08-12,-75.54535715607841,4.479553257824672,0.36410000000000003,0.8904000000000001,0.0,modis
2024-08-28,-75.54535715607841,4.479553257824672,0.43420000000000003,0.8183,0.0,modis
2024-09-13,-75.54535715607841,4.479553257824672,0.3598,0.8918,0.0,modis
2024-09-29,-75.54535715607841,4.479553257824672,0.3629,0.8276,1.0,modis
2024-10-15,-75.54535715607841,4.479553257824672,0.5111,0.7781,1.0,modis
2024-12-02,-75.54535715607841,4.479553257824672,0.4163,0.8341000000000001,0.0,modis
2015-01-01,-75.5395484588221,4.596464934818451,0.391,0.8097000000000001,0.0,modis
2015-02-02,-75.5395484588221,4.596464934818451,0.3773,0.5361,1.0,modis
2015-02-18,-75.5395484588221,4.596464934818451,0.5215000000000001,0.7506,1.0,modis
2015-05-09,-75.5395484588221,4.596464934818451,0.48850000000000005,0.793,1.0,modis
2015-06-10,-75.5395484588221,4.596464934818451,0.5518000000000001,0.8317,0.0,modis
2015-06-26,-75.5395484588221,4.596464934818451,0.3915,0.8737,1.0,modis
2015-07-12,-75.5395484588221,4.596464934818451,0.41040000000000004,0.7919,1.0,modis
2015-08-13,-75.5395484588221,4.596464934818451,0.5547000000000001,0.8343,0.0,modis
2015-08-29,-75.5395484588221,4.596464934818451,0.2958,0.8183,0.0,modis
2015-09-14,-75.5395484588221,4.596464934818451,0.3347,0.8047000000000001,0.0,modis
2015-09-30,-75.5395484588221,4.596464934818451,0.37110000000000004,0.6867000000000001,1.0,modis
2015-10-16,-75.5395484588221,4.596464934818451,0.4627,0.738,0.0,modis
2015-11-01,-75.5395484588221,4.596464934818451,0.36920000000000003,0.8178000000000001,0.0,modis
2015-12-03,-75.5395484588221,4.596464934818451,0.41040000000000004,0.8202,0.0,modis
2015-12-19,-75.5395484588221,4.596464934818451,0.4315,0.8266,0.0,modis
2016-01-01,-75.5395484588221,4.596464934818451,0.5307000000000001,0.8119000000000001,0.0,modis
2016-04-06,-75.5395484588221,4.596464934818451,0.6094,0.8201,1.0,modis
2016-05-08,-75.5395484588221,4.596464934818451,0.5548000000000001,0.8217,1.0,modis
2016-06-09,-75.5395484588221,4.596464934818451,0.44210000000000005,0.8795000000000001,0.0,modis
2016-06-25,-75.5395484588221,4.596464934818451,0.505,0.8297,0.0,modis
2016-07-11,-75.5395484588221,4.596464934818451,0.4525,0.8253,1.0,modis
2016-07-27,-75.5395484588221,4.596464934818451,0.5740000000000001,0.8444,1.0,modis
2016-08-12,-75.5395484588221,4.596464934818451,0.5323,0.8234,0.0,modis
2016-08-28,-75.5395484588221,4.596464934818451,0.43970000000000004,0.8836,1.0,modis
2016-09-13,-75.5395484588221,4.596464934818451,0.5547000000000001,0.7318,1.0,modis
2016-11-16,-75.5395484588221,4.596464934818451,0.4176,0.7647,0.0,modis
2017-01-01,-75.5395484588221,4.596464934818451,0.34390000000000004,0.8389000000000001,1.0,modis
2017-02-02,-75.5395484588221,4.596464934818451,0.3285,0.7963,1.0,modis
2017-02-18,-75.5395484588221,4.596464934818451,0.3659,0.8604,0.0,modis
2017-04-23,-75.5395484588221,4.596464934818451,0.5062,0.8501000000000001,1.0,modis
2017-06-26,-75.5395484588221,4.596464934818451,0.5368,0.8142,1.0,modis
2017-07-12,-75.5395484588221,4.596464934818451,0.5418000000000001,0.8706,1.0,modis
2017-08-13,-75.5395484588221,4.596464934818451,0.5132,0.8557,1.0,modis
2017-08-29,-75.5395484588221,4.596464934818451,0.4672,0.795,0.0,modis
2017-12-03,-75.5395484588221,4.596464934818451,0.2432,0.8601000000000001,1.0,modis
2018-03-06,-75.5395484588221,4.596464934818451,0.41340000000000005,0.861,0.0,modis
2018-06-26,-75.5395484588221,4.596464934818451,0.2856,0.8089000000000001,1.0,modis
2018-07-28,-75.5395484588221,4.596464934818451,0.5526,0.8329000000000001,0.0,modis
2018-08-13,-75.5395484588221,4.596464934818451,0.432,0.5910000000000001,1.0,modis
2018-12-19,-75.5395484588221,4.596464934818451,0.5259,0.8266,0.0,modis
2019-01-01,-75.5395484588221,4.596464934818451,0.5259,0.8266,0.0,modis
2019-01-17,-75.5395484588221,4.596464934818451,0.45570000000000005,0.8147000000000001,0.0,modis
2019-06-10,-75.5395484588221,4.596464934818451,0.512,0.6506000000000001,1.0,modis
2019-06-26,-75.5395484588221,4.596464934818451,0.5494,0.8664000000000001,0.0,modis
2019-07-28,-75.5395484588221,4.596464934818451,0.4958,0.7771,1.0,modis
2019-08-13,-75.5395484588221,4.596464934818451,0.3806,0.881,0.0,modis
2019-08-29,-75.5395484588221,4.596464934818451,0.4509,0.7976000000000001,0.0,modis
2019-09-14,-75.5395484588221,4.596464934818451,0.448,0.8139000000000001,1.0,modis
2019-11-01,-75.5395484588221,4.596464934818451,0.5598000000000001,0.7643000000000001,1.0,modis
2020-01-01,-75.5395484588221,4.596464934818451,0.4566,0.7746000000000001,0.0,modis
2020-01-17,-75.5395484588221,4.596464934818451,0.4843,0.8182,0.0,modis
2020-02-02,-75.5395484588221,4.596464934818451,0.45020000000000004,0.8254,0.0,modis
2020-02-18,-75.5395484588221,4.596464934818451,0.44210000000000005,0.8033,0.0,modis
2020-03-05,-75.5395484588221,4.596464934818451,0.43970000000000004,0.8032,1.0,modis
2020-03-21,-75.5395484588221,4.596464934818451,0.39430000000000004,0.6469,1.0,modis
2020-04-06,-75.5395484588221,4.596464934818451,0.4685,0.7533000000000001,1.0,modis
2020-05-24,-75.5395484588221,4.596464934818451,0.5484,0.8502000000000001,0.0,modis
2020-08-28,-75.5395484588221,4.596464934818451,0.629,0.9015000000000001,1.0,modis
2020-09-29,-75.5395484588221,4.596464934818451,0.5863,0.8315,1.0,modis
2020-10-31,-75.5395484588221,4.596464934818451,0.5385,0.7884,1.0,modis
2021-01-17,-75.5395484588221,4.596464934818451,0.3396,0.7663000000000001,1.0,modis
2021-02-02,-75.5395484588221,4.596464934818451,0.4975,0.7849,1.0,modis
2021-04-07,-75.5395484588221,4.596464934818451,0.5503,0.8598,1.0,modis
2021-07-28,-75.5395484588221,4.596464934818451,0.3966,0.9016000000000001,0.0,modis
2021-09-14,-75.5395484588221,4.596464934818451,0.48650000000000004,0.8762000000000001,0.0,modis
2021-09-30,-75.5395484588221,4.596464934818451,0.3723,0.6454000000000001,1.0,modis
2022-01-17,-75.5395484588221,4.596464934818451,0.4672,0.7012,1.0,modis
2022-05-09,-75.5395484588221,4.596464934818451,0.5568000000000001,0.7959,1.0,modis
2022-06-10,-75.5395484588221,4.596464934818451,0.4737,0.8243,1.0,modis
2022-06-26,-75.5395484588221,4.596464934818451,0.3393,0.6789000000000001,1.0,modis
2022-07-12,-75.5395484588221,4.596464934818451,0.4635,0.7697,1.0,modis
2022-07-28,-75.5395484588221,4.596464934818451,0.3639,0.8609,1.0,modis
2022-08-13,-75.5395484588221,4.596464934818451,0.5939,0.863,1.0,modis
2022-08-29,-75.5395484588221,4.596464934818451,0.4011,0.6656000000000001,1.0,modis
2022-09-14,-75.5395484588221,4.596464934818451,0.5790000000000001,0.7824,1.0,modis
2022-11-17,-75.5395484588221,4.596464934818451,0.2509,0.44110000000000005,1.0,modis
2023-01-01,-75.5395484588221,4.596464934818451,0.3467,0.6964,1.0,modis
2023-01-17,-75.5395484588221,4.596464934818451,0.5116,0.8298000000000001,0.0,modis
2023-04-23,-75.5395484588221,4.596464934818451,0.5573,0.8269000000000001,0.0,modis
2023-05-25,-75.5395484588221,4.596464934818451,0.42600000000000005,0.864,0.0,modis
2023-06-10,-75.5395484588221,4.596464934818451,0.5557,0.8286,0.0,modis
2023-07-28,-75.5395484588221,4.596464934818451,0.5255000000000001,0.7806000000000001,0.0,modis
2023-08-13,-75.5395484588221,4.596464934818451,0.4005,0.8511000000000001,0.0,modis
2023-09-14,-75.5395484588221,4.596464934818451,0.6066,0.8251000000000001,1.0,modis
2023-10-16,-75.5395484588221,4.596464934818451,0.3886,0.8343,1.0,modis
2023-11-01,-75.5395484588221,4.596464934818451,0.32980000000000004,0.8410000000000001,0.0,modis
2023-11-17,-75.5395484588221,4.596464934818451,0.5675,0.8557,1.0,modis
2024-01-01,-75.5395484588221,4.596464934818451,0.5055000000000001,0.7936000000000001,1.0,modis
2024-01-17,-75.5395484588221,4.596464934818451,0.46230000000000004,0.8395,0.0,modis
2024-02-02,-75.5395484588221,4.596464934818451,0.5711,0.7644000000000001,1.0,modis
2024-03-05,-75.5395484588221,4.596464934818451,0.45130000000000003,0.7769,1.0,modis
2024-05-08,-75.5395484588221,4.596464934818451,0.38,0.8008000000000001,1.0,modis
2024-05-24,-75.5395484588221,4.596464934818451,0.4433,0.7557,1.0,modis
2024-06-09,-75.5395484588221,4.596464934818451,0.3614,0.7814,0.0,modis
2024-06-25,-75.5395484588221,4.596464934818451,0.4414,0.8405,0.0,modis
2024-07-27,-75.5395484588221,4.596464934818451,0.2752,0.7074,1.0,modis
2024-08-12,-75.5395484588221,4.596464934818451,0.42110000000000003,0.8307,0.0,modis
2024-08-28,-75.5395484588221,4.596464934818451,0.4466,0.8213,1.0,modis
2024-09-13,-75.5395484588221,4.596464934818451,0.37310000000000004,0.8848,1.0,modis
2024-09-29,-75.5395484588221,4.596464934818451,0.3372,0.8939,1.0,modis
2024-10-31,-75.5395484588221,4.596464934818451,0.5644,0.7783,1.0,modis
2015-01-01,-75.52824531410846,4.488546463747269,0.5006,0.8109000000000001,0.0,modis
2015-04-07,-75.52824531410846,4.488546463747269,0.3457,0.9185000000000001,1.0,modis
2015-04-23,-75.52824531410846,4.488546463747269,0.33640000000000003,0.9589000000000001,1.0,modis
2015-09-14,-75.52824531410846,4.488546463747269,0.5201,0.8354,1.0,modis
2015-12-03,-75.52824531410846,4.488546463747269,0.41400000000000003,0.8708,0.0,modis
2015-12-19,-75.52824531410846,4.488546463747269,0.443,0.8364,0.0,modis
2016-01-17,-75.52824531410846,4.488546463747269,0.3743,0.8403,1.0,modis
2016-02-02,-75.52824531410846,4.488546463747269,0.524,0.8318000000000001,0.0,modis
2016-03-21,-75.52824531410846,4.488546463747269,0.4162,0.7839,1.0,modis
2016-04-22,-75.52824531410846,4.488546463747269,0.4455,0.8516,1.0,modis
2016-05-24,-75.52824531410846,4.488546463747269,0.3758,0.8557,0.0,modis
2016-09-13,-75.52824531410846,4.488546463747269,0.38880000000000003,0.8782000000000001,1.0,modis
2016-11-16,-75.52824531410846,4.488546463747269,0.437,0.8286,0.0,modis
2016-12-02,-75.52824531410846,4.488546463747269,0.41390000000000005,0.6863,1.0,modis
2016-12-18,-75.52824531410846,4.488546463747269,0.3556,0.674,1.0,modis
2017-01-17,-75.52824531410846,4.488546463747269,0.3713,0.8988,0.0,modis
2017-02-02,-75.52824531410846,4.488546463747269,0.36460000000000004,0.879,0.0,modis
2017-05-25,-75.52824531410846,4.488546463747269,0.2631,0.683,1.0,modis
2018-01-01,-75.52824531410846,4.488546463747269,0.5173,0.8384,0.0,modis
2018-01-17,-75.52824531410846,4.488546463747269,0.3743,0.8659,1.0,modis
2018-03-06,-75.52824531410846,4.488546463747269,0.46780000000000005,0.7947000000000001,1.0,modis
2018-06-10,-75.52824531410846,4.488546463747269,0.2605,0.6764,1.0,modis
2018-07-28,-75.52824531410846,4.488546463747269,0.3803,0.8295,1.0,modis
2018-09-14,-75.52824531410846,4.488546463747269,0.4869,0.8426,0.0,modis
2018-12-19,-75.52824531410846,4.488546463747269,0.5091,0.8209000000000001,0.0,modis
2019-01-01,-75.52824531410846,4.488546463747269,0.5091,0.8209000000000001,0.0,modis
2019-02-18,-75.52824531410846,4.488546463747269,0.3835,0.7022,0.0,modis
2019-04-23,-75.52824531410846,4.488546463747269,0.5062,0.8525,0.0,modis
2019-08-13,-75.52824531410846,4.488546463747269,0.32630000000000003,0.8602000000000001,0.0,modis
2019-11-17,-75.52824531410846,4.488546463747269,0.5119,0.8612000000000001,1.0,modis
2020-01-01,-75.52824531410846,4.488546463747269,0.3186,0.5445,1.0,modis
2020-02-02,-75.52824531410846,4.488546463747269,0.33540000000000003,0.8912,1.0,modis
2020-02-18,-75.52824531410846,4.488546463747269,0.44060000000000005,0.7282000000000001,0.0,modis
2020-03-05,-75.52824531410846,4.488546463747269,0.43610000000000004,0.8609,0.0,modis
2020-03-21,-75.52824531410846,4.488546463747269,0.4698,0.8913000000000001,0.0,modis
2020-07-27,-75.52824531410846,4.488546463747269,0.3321,0.8162,1.0,modis
2020-12-18,-75.52824531410846,4.488546463747269,0.3134,0.8988,1.0,modis
2021-01-17,-75.52824531410846,4.488546463747269,0.48100000000000004,0.7055,1.0,modis
2021-07-28,-75.52824531410846,4.488546463747269,0.3561,0.8475,0.0,modis
2021-09-14,-75.52824531410846,4.488546463747269,0.5389,0.8184,0.0,modis
2021-11-17,-75.52824531410846,4.488546463747269,0.5269,0.8559,1.0,modis
2022-01-01,-75.52824531410846,4.488546463747269,0.5429,0.8544,1.0,modis
2022-08-13,-75.52824531410846,4.488546463747269,0.5223,0.8563000000000001,1.0,modis
2023-01-17,-75.52824531410846,4.488546463747269,0.3639,0.8842000000000001,1.0,modis
2023-04-23,-75.52824531410846,4.488546463747269,0.199,0.6785,1.0,modis
2023-05-25,-75.52824531410846,4.488546463747269,0.3452,0.7031000000000001,0.0,modis
2023-06-10,-75.52824531410846,4.488546463747269,0.4666,0.8380000000000001,0.0,modis
2023-08-13,-75.52824531410846,4.488546463747269,0.35500000000000004,0.6357,0.0,modis
2023-09-14,-75.52824531410846,4.488546463747269,0.2995,0.7768,1.0,modis
2023-11-01,-75.52824531410846,4.488546463747269,0.3587,0.7615000000000001,1.0,modis
2024-01-17,-75.52824531410846,4.488546463747269,0.5645,0.8049000000000001,0.0,modis
2024-04-06,-75.52824531410846,4.488546463747269,0.28500000000000003,0.8832000000000001,1.0,modis
2024-05-08,-75.52824531410846,4.488546463747269,0.31670000000000004,0.8939,1.0,modis
2024-08-12,-75.52824531410846,4.488546463747269,0.3456,0.8661000000000001,0.0,modis
2024-08-28,-75.52824531410846,4.488546463747269,0.4177,0.8179000000000001,0.0,modis
2024-09-13,-75.52824531410846,4.488546463747269,0.3607,0.8786,0.0,modis
2024-09-29,-75.52824531410846,4.488546463747269,0.31920000000000004,0.5583,1.0,modis
2024-10-15,-75.52824531410846,4.488546463747269,0.5689000000000001,0.8116,0.0,modis
2024-12-02,-75.52824531410846,4.488546463747269,0.43760000000000004,0.8195,0.0,modis
2015-01-01,-75.52767534918483,4.569485317050658,0.4441,0.7411,0.0,modis
2015-01-17,-75.52767534918483,4.569485317050658,0.533,0.7027,1.0,modis
2015-02-02,-75.52767534918483,4.569485317050658,0.4713,0.7553000000000001,0.0,modis
2015-02-18,-75.52767534918483,4.569485317050658,0.5321,0.6997,0.0,modis
2015-03-06,-75.52767534918483,4.569485317050658,0.4651,0.7578,1.0,modis
2015-04-07,-75.52767534918483,4.569485317050658,0.4093,0.6601,1.0,modis
2015-04-23,-75.52767534918483,4.569485317050658,0.48410000000000003,0.6464000000000001,1.0,modis
2015-05-09,-75.52767534918483,4.569485317050658,0.498,0.7466,1.0,modis
2015-05-25,-75.52767534918483,4.569485317050658,0.3108,0.5625,1.0,modis
2015-06-10,-75.52767534918483,4.569485317050658,0.5147,0.7437,1.0,modis
2015-06-26,-75.52767534918483,4.569485317050658,0.38180000000000003,0.7849,1.0,modis
2015-08-13,-75.52767534918483,4.569485317050658,0.4803,0.7094,1.0,modis
2015-08-29,-75.52767534918483,4.569485317050658,0.3805,0.7395,0.0,modis
2015-09-14,-75.52767534918483,4.569485317050658,0.3382,0.6973,0.0,modis
2015-09-30,-75.52767534918483,4.569485317050658,0.45,0.5720000000000001,1.0,modis
2015-10-16,-75.52767534918483,4.569485317050658,0.42450000000000004,0.6036,0.0,modis
2015-11-01,-75.52767534918483,4.569485317050658,0.3403,0.6944,1.0,modis
2015-11-17,-75.52767534918483,4.569485317050658,0.47300000000000003,0.677,1.0,modis
2015-12-03,-75.52767534918483,4.569485317050658,0.40490000000000004,0.7664000000000001,0.0,modis
2015-12-19,-75.52767534918483,4.569485317050658,0.42800000000000005,0.7262000000000001,0.0,modis
2016-01-01,-75.52767534918483,4.569485317050658,0.49450000000000005,0.66,1.0,modis
2016-02-02,-75.52767534918483,4.569485317050658,0.49760000000000004,0.6838000000000001,0.0,modis
2016-03-21,-75.52767534918483,4.569485317050658,0.4,0.7018,1.0,modis
2016-04-06,-75.52767534918483,4.569485317050658,0.5153,0.7458,1.0,modis
2016-04-22,-75.52767534918483,4.569485317050658,0.5591,0.7805000000000001,1.0,modis
2016-05-08,-75.52767534918483,4.569485317050658,0.532,0.7701,1.0,modis
2016-05-24,-75.52767534918483,4.569485317050658,0.39180000000000004,0.6645,1.0,modis
2016-06-09,-75.52767534918483,4.569485317050658,0.41250000000000003,0.8158000000000001,1.0,modis
2016-06-25,-75.52767534918483,4.569485317050658,0.44580000000000003,0.7316,0.0,modis
2016-07-11,-75.52767534918483,4.569485317050658,0.4088,0.8334,1.0,modis
2016-07-27,-75.52767534918483,4.569485317050658,0.4263,0.7541,1.0,modis
2016-08-12,-75.52767534918483,4.569485317050658,0.4858,0.7096,0.0,modis
2016-09-13,-75.52767534918483,4.569485317050658,0.5215000000000001,0.6181,0.0,modis
2016-11-16,-75.52767534918483,4.569485317050658,0.4395,0.769,0.0,modis
2016-12-02,-75.52767534918483,4.569485317050658,0.46240000000000003,0.8564,1.0,modis
2016-12-18,-75.52767534918483,4.569485317050658,0.468,0.7695000000000001,1.0,modis
2017-01-01,-75.52767534918483,4.569485317050658,0.4338,0.8401000000000001,1.0,modis
2017-01-17,-75.52767534918483,4.569485317050658,0.44420000000000004,0.865,1.0,modis
2017-02-02,-75.52767534918483,4.569485317050658,0.42560000000000003,0.8266,0.0,modis
2017-02-18,-75.52767534918483,4.569485317050658,0.1744,0.8238000000000001,1.0,modis
2017-03-22,-75.52767534918483,4.569485317050658,0.4131,0.8409000000000001,1.0,modis
2017-04-23,-75.52767534918483,4.569485317050658,0.5125000000000001,0.7513000000000001,1.0,modis
2017-05-09,-75.52767534918483,4.569485317050658,0.47240000000000004,0.8428,1.0,modis
2017-05-25,-75.52767534918483,4.569485317050658,0.45230000000000004,0.8534,1.0,modis
2017-06-10,-75.52767534918483,4.569485317050658,0.4174,0.7568,1.0,modis
2017-06-26,-75.52767534918483,4.569485317050658,0.5494,0.7923,1.0,modis
2017-07-12,-75.52767534918483,4.569485317050658,0.5721,0.7869,1.0,modis
2017-07-28,-75.52767534918483,4.569485317050658,0.5741,0.7018,1.0,modis
2017-08-13,-75.52767534918483,4.569485317050658,0.546,0.6915,1.0,modis
2017-09-14,-75.52767534918483,4.569485317050658,0.4811,0.7491,1.0,modis
2017-10-16,-75.52767534918483,4.569485317050658,0.5142,0.6547000000000001,1.0,modis
2017-11-01,-75.52767534918483,4.569485317050658,0.4234,0.6946,1.0,modis
2017-12-03,-75.52767534918483,4.569485317050658,0.41910000000000003,0.8643000000000001,1.0,modis
2017-12-19,-75.52767534918483,4.569485317050658,0.6504,0.7275,1.0,modis
2018-01-01,-75.52767534918483,4.569485317050658,0.5622,0.6369,1.0,modis
2018-01-17,-75.52767534918483,4.569485317050658,0.4312,0.8414,1.0,modis
2018-02-02,-75.52767534918483,4.569485317050658,0.5956,0.7481,1.0,modis
2018-02-18,-75.52767534918483,4.569485317050658,0.49760000000000004,0.7629,1.0,modis
2018-03-06,-75.52767534918483,4.569485317050658,0.4282,0.8252,0.0,modis
2018-03-22,-75.52767534918483,4.569485317050658,0.5423,0.7435,1.0,modis
2018-05-09,-75.52767534918483,4.569485317050658,0.4887,0.7120000000000001,1.0,modis
2018-05-25,-75.52767534918483,4.569485317050658,0.4179,0.8385,0.0,modis
2018-06-10,-75.52767534918483,4.569485317050658,0.5204,0.7503000000000001,0.0,modis
2018-06-26,-75.52767534918483,4.569485317050658,0.43220000000000003,0.8292,1.0,modis
2018-07-12,-75.52767534918483,4.569485317050658,0.4733,0.8499,1.0,modis
2018-07-28,-75.52767534918483,4.569485317050658,0.5184,0.7137,0.0,modis
2018-08-13,-75.52767534918483,4.569485317050658,0.4788,0.7424000000000001,0.0,modis
2018-08-29,-75.52767534918483,4.569485317050658,0.46540000000000004,0.6399,1.0,modis
2018-09-14,-75.52767534918483,4.569485317050658,0.46740000000000004,0.6889000000000001,0.0,modis
2018-11-01,-75.52767534918483,4.569485317050658,0.47050000000000003,0.6967,1.0,modis
2018-11-17,-75.52767534918483,4.569485317050658,0.4878,0.7278,1.0,modis
2018-12-03,-75.52767534918483,4.569485317050658,0.5325,0.7534000000000001,1.0,modis
2018-12-19,-75.52767534918483,4.569485317050658,0.5335,0.7373000000000001,0.0,modis
2019-01-01,-75.52767534918483,4.569485317050658,0.5247,0.7239,0.0,modis
2019-01-17,-75.52767534918483,4.569485317050658,0.47540000000000004,0.7375,0.0,modis
2019-02-02,-75.52767534918483,4.569485317050658,0.44720000000000004,0.7461,0.0,modis
2019-02-18,-75.52767534918483,4.569485317050658,0.39930000000000004,0.76,0.0,modis
2019-04-07,-75.52767534918483,4.569485317050658,0.45940000000000003,0.8123,1.0,modis
2019-04-23,-75.52767534918483,4.569485317050658,0.49210000000000004,0.7218,0.0,modis
2019-05-09,-75.52767534918483,4.569485317050658,0.5272,0.7908000000000001,1.0,modis
2019-06-26,-75.52767534918483,4.569485317050658,0.5148,0.7453000000000001,0.0,modis
2019-07-12,-75.52767534918483,4.569485317050658,0.2394,0.5028,1.0,modis
2019-07-28,-75.52767534918483,4.569485317050658,0.5247,0.6811,0.0,modis
2019-08-13,-75.52767534918483,4.569485317050658,0.39430000000000004,0.7949,0.0,modis
2019-08-29,-75.52767534918483,4.569485317050658,0.4222,0.6737000000000001,0.0,modis
2019-09-30,-75.52767534918483,4.569485317050658,0.331,0.6676000000000001,1.0,modis
2019-11-01,-75.52767534918483,4.569485317050658,0.5168,0.7224,1.0,modis
2019-11-17,-75.52767534918483,4.569485317050658,0.5081,0.7686000000000001,1.0,modis
2019-12-03,-75.52767534918483,4.569485317050658,0.524,0.7946000000000001,1.0,modis
2019-12-19,-75.52767534918483,4.569485317050658,0.43360000000000004,0.8369000000000001,1.0,modis
2020-01-01,-75.52767534918483,4.569485317050658,0.47940000000000005,0.8116,0.0,modis
2020-01-17,-75.52767534918483,4.569485317050658,0.4839,0.8031,0.0,modis
2020-02-02,-75.52767534918483,4.569485317050658,0.5056,0.7571,0.0,modis
2020-02-18,-75.52767534918483,4.569485317050658,0.4484,0.7601,0.0,modis
2020-03-05,-75.52767534918483,4.569485317050658,0.47840000000000005,0.7734000000000001,0.0,modis
2020-03-21,-75.52767534918483,4.569485317050658,0.6142000000000001,0.7317,1.0,modis
2020-04-06,-75.52767534918483,4.569485317050658,0.4953,0.7807000000000001,1.0,modis
2020-05-24,-75.52767534918483,4.569485317050658,0.4228,0.8236,0.0,modis
2020-06-09,-75.52767534918483,4.569485317050658,0.41250000000000003,0.862,1.0,modis
2020-06-25,-75.52767534918483,4.569485317050658,0.4602,0.7461,1.0,modis
2020-07-11,-75.52767534918483,4.569485317050658,0.4545,0.8048000000000001,0.0,modis
2020-08-12,-75.52767534918483,4.569485317050658,0.4591,0.7316,1.0,modis
2020-08-28,-75.52767534918483,4.569485317050658,0.6409,0.7537,1.0,modis
2020-09-29,-75.52767534918483,4.569485317050658,0.5569000000000001,0.7212000000000001,1.0,modis
2020-10-31,-75.52767534918483,4.569485317050658,0.3582,0.6646000000000001,1.0,modis
2020-11-16,-75.52767534918483,4.569485317050658,0.4526,0.7374,1.0,modis
2020-12-02,-75.52767534918483,4.569485317050658,0.5562,0.803,1.0,modis
2020-12-18,-75.52767534918483,4.569485317050658,0.4581,0.7491,1.0,modis
2021-01-01,-75.52767534918483,4.569485317050658,0.5287000000000001,0.8052,1.0,modis
2021-01-17,-75.52767534918483,4.569485317050658,0.5595,0.7498,0.0,modis
2021-02-02,-75.52767534918483,4.569485317050658,0.4617,0.7617,1.0,modis
2021-04-07,-75.52767534918483,4.569485317050658,0.5833,0.7843,1.0,modis
2021-05-09,-75.52767534918483,4.569485317050658,0.5235000000000001,0.7914,1.0,modis
2021-06-10,-75.52767534918483,4.569485317050658,0.4772,0.7803,1.0,modis
2021-06-26,-75.52767534918483,4.569485317050658,0.606,0.8208000000000001,1.0,modis
2021-07-12,-75.52767534918483,4.569485317050658,0.459,0.8509,1.0,modis
2021-07-28,-75.52767534918483,4.569485317050658,0.4449,0.8395,0.0,modis
2021-08-29,-75.52767534918483,4.569485317050658,0.6054,0.7762,1.0,modis
2021-09-14,-75.52767534918483,4.569485317050658,0.5415,0.7046,0.0,modis
2021-11-17,-75.52767534918483,4.569485317050658,0.4123,0.5507000000000001,1.0,modis
2022-01-17,-75.52767534918483,4.569485317050658,0.5725,0.8086,1.0,modis
2022-02-02,-75.52767534918483,4.569485317050658,0.6106,0.7753,1.0,modis
2022-02-18,-75.52767534918483,4.569485317050658,0.44720000000000004,0.8450000000000001,1.0,modis
2022-03-06,-75.52767534918483,4.569485317050658,0.25670000000000004,0.5734,1.0,modis
2022-05-09,-75.52767534918483,4.569485317050658,0.5182,0.6992,1.0,modis
2022-05-25,-75.52767534918483,4.569485317050658,0.431,0.8478,1.0,modis
2022-07-12,-75.52767534918483,4.569485317050658,0.515,0.7713,0.0,modis
2022-07-28,-75.52767534918483,4.569485317050658,0.6182000000000001,0.7819,1.0,modis
2022-08-13,-75.52767534918483,4.569485317050658,0.42460000000000003,0.8508,0.0,modis
2022-09-14,-75.52767534918483,4.569485317050658,0.5788,0.7556,1.0,modis
2023-01-17,-75.52767534918483,4.569485317050658,0.4325,0.7706000000000001,0.0,modis
2023-02-02,-75.52767534918483,4.569485317050658,0.4208,0.7250000000000001,1.0,modis
2023-02-18,-75.52767534918483,4.569485317050658,0.4652,0.776,1.0,modis
2023-03-22,-75.52767534918483,4.569485317050658,0.4066,0.7584000000000001,1.0,modis
2023-04-07,-75.52767534918483,4.569485317050658,0.4214,0.8492000000000001,1.0,modis
2023-04-23,-75.52767534918483,4.569485317050658,0.6338,0.7984,1.0,modis
2023-05-09,-75.52767534918483,4.569485317050658,0.4707,0.7169,1.0,modis
2023-05-25,-75.52767534918483,4.569485317050658,0.41040000000000004,0.8277,0.0,modis
2023-06-10,-75.52767534918483,4.569485317050658,0.5043,0.7713,0.0,modis
2023-06-26,-75.52767534918483,4.569485317050658,0.4848,0.7791,1.0,modis
2023-07-12,-75.52767534918483,4.569485317050658,0.48700000000000004,0.7102,1.0,modis
2023-07-28,-75.52767534918483,4.569485317050658,0.4686,0.7176,0.0,modis
2023-08-13,-75.52767534918483,4.569485317050658,0.38480000000000003,0.7738,0.0,modis
2023-08-29,-75.52767534918483,4.569485317050658,0.4181,0.8005,1.0,modis
2023-09-14,-75.52767534918483,4.569485317050658,0.3856,0.8150000000000001,1.0,modis
2023-10-16,-75.52767534918483,4.569485317050658,0.4112,0.8488,1.0,modis
2023-11-01,-75.52767534918483,4.569485317050658,0.4142,0.8320000000000001,0.0,modis
2023-11-17,-75.52767534918483,4.569485317050658,0.3821,0.6263000000000001,1.0,modis
2023-12-03,-75.52767534918483,4.569485317050658,0.41540000000000005,0.8279000000000001,1.0,modis
2023-12-19,-75.52767534918483,4.569485317050658,0.4314,0.7934,1.0,modis
2024-01-01,-75.52767534918483,4.569485317050658,0.44160000000000005,0.7751,1.0,modis
2024-01-17,-75.52767534918483,4.569485317050658,0.5342,0.7772,0.0,modis
2024-02-02,-75.52767534918483,4.569485317050658,0.5464,0.732,1.0,modis
2024-02-18,-75.52767534918483,4.569485317050658,0.6192000000000001,0.7203,1.0,modis
2024-03-05,-75.52767534918483,4.569485317050658,0.5366000000000001,0.7677,1.0,modis
2024-04-06,-75.52767534918483,4.569485317050658,0.4137,0.7867000000000001,1.0,modis
2024-05-08,-75.52767534918483,4.569485317050658,0.3975,0.8651000000000001,1.0,modis
2024-05-24,-75.52767534918483,4.569485317050658,0.462,0.8351000000000001,0.0,modis
2024-06-09,-75.52767534918483,4.569485317050658,0.4672,0.7567,1.0,modis
2024-06-25,-75.52767534918483,4.569485317050658,0.3758,0.7841,0.0,modis
2024-08-12,-75.52767534918483,4.569485317050658,0.4184,0.7757000000000001,0.0,modis
2024-08-28,-75.52767534918483,4.569485317050658,0.4388,0.6949000000000001,0.0,modis
2024-09-13,-75.52767534918483,4.569485317050658,0.5404,0.6486000000000001,0.0,modis
2024-09-29,-75.52767534918483,4.569485317050658,0.5038,0.648,1.0,modis
2024-10-15,-75.52767534918483,4.569485317050658,0.38280000000000003,0.7633000000000001,1.0,modis
2024-10-31,-75.52767534918483,4.569485317050658,0.5553,0.7274,1.0,modis
2024-11-16,-75.52767534918483,4.569485317050658,0.5043,0.762,1.0,modis
2024-12-02,-75.52767534918483,4.569485317050658,0.3916,0.861,1.0,modis
2024-12-18,-75.52767534918483,4.569485317050658,0.5943,0.7615000000000001,1.0,modis
2015-01-01,-75.52453788770897,4.452573640056879,0.4567,0.7975,0.0,modis
2015-02-18,-75.52453788770897,4.452573640056879,0.4203,0.6844,1.0,modis
2015-03-22,-75.52453788770897,4.452573640056879,0.4083,0.6187,1.0,modis
2015-04-07,-75.52453788770897,4.452573640056879,0.3556,0.9297000000000001,1.0,modis
2015-04-23,-75.52453788770897,4.452573640056879,0.3536,0.8688,1.0,modis
2015-05-09,-75.52453788770897,4.452573640056879,0.4354,0.7879,1.0,modis
2015-06-26,-75.52453788770897,4.452573640056879,0.4168,0.7597,1.0,modis
2015-07-12,-75.52453788770897,4.452573640056879,0.4107,0.7172000000000001,1.0,modis
2015-08-29,-75.52453788770897,4.452573640056879,0.5282,0.7514000000000001,0.0,modis
2015-09-14,-75.52453788770897,4.452573640056879,0.41040000000000004,0.8657,1.0,modis
2015-10-16,-75.52453788770897,4.452573640056879,0.5874,0.8053,1.0,modis
2015-11-01,-75.52453788770897,4.452573640056879,0.5411,0.8155,1.0,modis
2015-12-03,-75.52453788770897,4.452573640056879,0.44370000000000004,0.8347,0.0,modis
2015-12-19,-75.52453788770897,4.452573640056879,0.4798,0.8334,0.0,modis
2016-01-01,-75.52453788770897,4.452573640056879,0.5671,0.7244,1.0,modis
2016-01-17,-75.52453788770897,4.452573640056879,0.44780000000000003,0.7604000000000001,1.0,modis
2016-02-02,-75.52453788770897,4.452573640056879,0.5018,0.7336,0.0,modis
2016-03-05,-75.52453788770897,4.452573640056879,0.4222,0.6335000000000001,1.0,modis
2016-03-21,-75.52453788770897,4.452573640056879,0.3715,0.7926000000000001,0.0,modis
2016-04-06,-75.52453788770897,4.452573640056879,0.3997,0.7273000000000001,1.0,modis
2016-04-22,-75.52453788770897,4.452573640056879,0.4037,0.865,1.0,modis
2016-05-24,-75.52453788770897,4.452573640056879,0.4037,0.8222,0.0,modis
2016-06-09,-75.52453788770897,4.452573640056879,0.3219,0.5584,1.0,modis
2016-06-25,-75.52453788770897,4.452573640056879,0.42550000000000004,0.8579,1.0,modis
2016-07-11,-75.52453788770897,4.452573640056879,0.3759,0.8408,1.0,modis
2016-08-12,-75.52453788770897,4.452573640056879,0.4829,0.7788,0.0,modis
2016-08-28,-75.52453788770897,4.452573640056879,0.4313,0.803,1.0,modis
2016-09-29,-75.52453788770897,4.452573640056879,0.37720000000000004,0.7636000000000001,1.0,modis
2016-10-15,-75.52453788770897,4.452573640056879,0.45380000000000004,0.6387,1.0,modis
2016-10-31,-75.52453788770897,4.452573640056879,0.5024000000000001,0.7984,1.0,modis
2016-12-02,-75.52453788770897,4.452573640056879,0.4229,0.8631000000000001,0.0,modis
2016-12-18,-75.52453788770897,4.452573640056879,0.4142,0.8278000000000001,1.0,modis
2017-01-17,-75.52453788770897,4.452573640056879,0.4148,0.8490000000000001,0.0,modis
2017-02-02,-75.52453788770897,4.452573640056879,0.3922,0.8510000000000001,0.0,modis
2017-02-18,-75.52453788770897,4.452573640056879,0.38870000000000005,0.8067000000000001,1.0,modis
2017-05-09,-75.52453788770897,4.452573640056879,0.3033,0.7178,1.0,modis
2017-05-25,-75.52453788770897,4.452573640056879,0.2848,0.7195,1.0,modis
2017-07-12,-75.52453788770897,4.452573640056879,0.4576,0.7808,1.0,modis
2017-08-29,-75.52453788770897,4.452573640056879,0.39780000000000004,0.7903,1.0,modis
2017-09-14,-75.52453788770897,4.452573640056879,0.5719000000000001,0.6735,1.0,modis
2017-09-30,-75.52453788770897,4.452573640056879,0.3715,0.5715,1.0,modis
2017-10-16,-75.52453788770897,4.452573640056879,0.3453,0.5896,1.0,modis
2018-01-01,-75.52453788770897,4.452573640056879,0.4499,0.7467,1.0,modis
2018-01-17,-75.52453788770897,4.452573640056879,0.4408,0.5361,1.0,modis
2018-02-18,-75.52453788770897,4.452573640056879,0.4479,0.7793,0.0,modis
2018-03-06,-75.52453788770897,4.452573640056879,0.48800000000000004,0.7512000000000001,0.0,modis
2018-04-07,-75.52453788770897,4.452573640056879,0.5149,0.7704000000000001,1.0,modis
2018-05-25,-75.52453788770897,4.452573640056879,0.4459,0.755,1.0,modis
2018-07-28,-75.52453788770897,4.452573640056879,0.4641,0.7431,0.0,modis
2018-08-13,-75.52453788770897,4.452573640056879,0.44160000000000005,0.7676000000000001,0.0,modis
2018-09-14,-75.52453788770897,4.452573640056879,0.4932,0.7593000000000001,0.0,modis
2018-10-16,-75.52453788770897,4.452573640056879,0.4857,0.5723,1.0,modis
2018-12-03,-75.52453788770897,4.452573640056879,0.4173,0.8758,1.0,modis
2018-12-19,-75.52453788770897,4.452573640056879,0.5221,0.7773,0.0,modis
2019-01-01,-75.52453788770897,4.452573640056879,0.5221,0.7773,0.0,modis
2019-02-02,-75.52453788770897,4.452573640056879,0.40590000000000004,0.8382000000000001,0.0,modis
2019-02-18,-75.52453788770897,4.452573640056879,0.3901,0.7713,1.0,modis
2019-04-23,-75.52453788770897,4.452573640056879,0.48760000000000003,0.7852,0.0,modis
2019-05-25,-75.52453788770897,4.452573640056879,0.3775,0.8218000000000001,1.0,modis
2019-06-26,-75.52453788770897,4.452573640056879,0.4732,0.7745000000000001,0.0,modis
2019-07-12,-75.52453788770897,4.452573640056879,0.5197,0.7375,1.0,modis
2019-08-13,-75.52453788770897,4.452573640056879,0.3244,0.8499,1.0,modis
2019-08-29,-75.52453788770897,4.452573640056879,0.45570000000000005,0.7724000000000001,1.0,modis
2019-11-17,-75.52453788770897,4.452573640056879,0.5548000000000001,0.7479,1.0,modis
2019-12-03,-75.52453788770897,4.452573640056879,0.43660000000000004,0.8471000000000001,1.0,modis
2019-12-19,-75.52453788770897,4.452573640056879,0.3869,0.6701,1.0,modis
2020-01-01,-75.52453788770897,4.452573640056879,0.3815,0.8380000000000001,1.0,modis
2020-02-02,-75.52453788770897,4.452573640056879,0.5924,0.768,1.0,modis
2020-02-18,-75.52453788770897,4.452573640056879,0.461,0.7786000000000001,0.0,modis
2020-03-05,-75.52453788770897,4.452573640056879,0.4289,0.8106,0.0,modis
2020-03-21,-75.52453788770897,4.452573640056879,0.4131,0.8049000000000001,0.0,modis
2020-04-06,-75.52453788770897,4.452573640056879,0.5034000000000001,0.7103,1.0,modis
2020-05-08,-75.52453788770897,4.452573640056879,0.5049,0.8249000000000001,1.0,modis
2020-06-09,-75.52453788770897,4.452573640056879,0.3629,0.5813,1.0,modis
2020-07-11,-75.52453788770897,4.452573640056879,0.3094,0.7827000000000001,1.0,modis
2020-07-27,-75.52453788770897,4.452573640056879,0.33240000000000003,0.7902,0.0,modis
2020-08-12,-75.52453788770897,4.452573640056879,0.3783,0.8361000000000001,1.0,modis
2020-08-28,-75.52453788770897,4.452573640056879,0.46330000000000005,0.6939000000000001,1.0,modis
2020-10-31,-75.52453788770897,4.452573640056879,0.46030000000000004,0.8513000000000001,1.0,modis
2020-12-02,-75.52453788770897,4.452573640056879,0.4612,0.8317,1.0,modis
2020-12-18,-75.52453788770897,4.452573640056879,0.1903,0.43660000000000004,1.0,modis
2021-01-01,-75.52453788770897,4.452573640056879,0.5712,0.7755000000000001,0.0,modis
2021-01-17,-75.52453788770897,4.452573640056879,0.4852,0.747,1.0,modis
2021-02-02,-75.52453788770897,4.452573640056879,0.4591,0.8258000000000001,1.0,modis
2021-04-23,-75.52453788770897,4.452573640056879,0.5177,0.7609,1.0,modis
2021-05-25,-75.52453788770897,4.452573640056879,0.30760000000000004,0.6122000000000001,1.0,modis
2021-06-10,-75.52453788770897,4.452573640056879,0.48100000000000004,0.8187000000000001,1.0,modis
2021-08-29,-75.52453788770897,4.452573640056879,0.5067,0.6949000000000001,1.0,modis
2021-09-14,-75.52453788770897,4.452573640056879,0.5336000000000001,0.6653,0.0,modis
2021-09-30,-75.52453788770897,4.452573640056879,0.5144000000000001,0.8422000000000001,1.0,modis
2021-11-17,-75.52453788770897,4.452573640056879,0.5103,0.8243,0.0,modis
2021-12-03,-75.52453788770897,4.452573640056879,0.6102000000000001,0.7235,1.0,modis
2021-12-19,-75.52453788770897,4.452573640056879,0.4989,0.8112,1.0,modis
2022-01-01,-75.52453788770897,4.452573640056879,0.5128,0.7813,1.0,modis
2022-01-17,-75.52453788770897,4.452573640056879,0.5107,0.8193,1.0,modis
2022-05-25,-75.52453788770897,4.452573640056879,0.4188,0.5503,1.0,modis
2022-07-28,-75.52453788770897,4.452573640056879,0.49860000000000004,0.6653,1.0,modis
2022-08-13,-75.52453788770897,4.452573640056879,0.5258,0.8215,1.0,modis
2022-09-30,-75.52453788770897,4.452573640056879,0.5808,0.7949,1.0,modis
2022-10-16,-75.52453788770897,4.452573640056879,0.4708,0.7622,1.0,modis
2022-12-03,-75.52453788770897,4.452573640056879,0.5237,0.6151,1.0,modis
2022-12-19,-75.52453788770897,4.452573640056879,0.4207,0.8252,1.0,modis
2023-01-17,-75.52453788770897,4.452573640056879,0.3627,0.8244,0.0,modis
2023-02-02,-75.52453788770897,4.452573640056879,0.5155000000000001,0.7511,1.0,modis
2023-02-18,-75.52453788770897,4.452573640056879,0.4632,0.8087000000000001,1.0,modis
2023-04-23,-75.52453788770897,4.452573640056879,0.4031,0.7587,1.0,modis
2023-05-25,-75.52453788770897,4.452573640056879,0.3593,0.8477,0.0,modis
2023-06-10,-75.52453788770897,4.452573640056879,0.47500000000000003,0.8021,0.0,modis
2023-07-12,-75.52453788770897,4.452573640056879,0.5013000000000001,0.7453000000000001,1.0,modis
2023-07-28,-75.52453788770897,4.452573640056879,0.4151,0.7079000000000001,1.0,modis
2023-08-13,-75.52453788770897,4.452573640056879,0.41240000000000004,0.8622000000000001,1.0,modis
2023-08-29,-75.52453788770897,4.452573640056879,0.5482,0.7165,0.0,modis
2023-09-14,-75.52453788770897,4.452573640056879,0.5711,0.7598,1.0,modis
2023-09-30,-75.52453788770897,4.452573640056879,0.46340000000000003,0.7899,1.0,modis
2023-10-16,-75.52453788770897,4.452573640056879,0.39180000000000004,0.8507,1.0,modis
2023-11-01,-75.52453788770897,4.452573640056879,0.43060000000000004,0.8746,0.0,modis
2023-11-17,-75.52453788770897,4.452573640056879,0.637,0.7456,1.0,modis
2023-12-03,-75.52453788770897,4.452573640056879,0.44680000000000003,0.8486,1.0,modis
2024-01-01,-75.52453788770897,4.452573640056879,0.5663,0.7913,0.0,modis
2024-01-17,-75.52453788770897,4.452573640056879,0.5843,0.7582,0.0,modis
2024-02-02,-75.52453788770897,4.452573640056879,0.4605,0.7611,1.0,modis
2024-03-05,-75.52453788770897,4.452573640056879,0.5670000000000001,0.6687000000000001,1.0,modis
2024-04-06,-75.52453788770897,4.452573640056879,0.32630000000000003,0.8497,1.0,modis
2024-05-08,-75.52453788770897,4.452573640056879,0.2964,0.8923000000000001,0.0,modis
2024-06-09,-75.52453788770897,4.452573640056879,0.39640000000000003,0.7462000000000001,0.0,modis
2024-08-12,-75.52453788770897,4.452573640056879,0.5422,0.7672,0.0,modis
2024-08-28,-75.52453788770897,4.452573640056879,0.4418,0.7417,0.0,modis
2024-09-13,-75.52453788770897,4.452573640056879,0.3917,0.8077000000000001,0.0,modis
2024-09-29,-75.52453788770897,4.452573640056879,0.38830000000000003,0.7255,1.0,modis
2024-10-15,-75.52453788770897,4.452573640056879,0.4136,0.8629,1.0,modis
2024-12-02,-75.52453788770897,4.452573640056879,0.44870000000000004,0.811,0.0,modis
2024-12-18,-75.52453788770897,4.452573640056879,0.5276000000000001,0.8555,1.0,modis
2015-01-01,-75.5148791183074,4.533512493360259,0.513,0.8076,0.0,modis
2015-01-17,-75.5148791183074,4.533512493360259,0.4157,0.6293000000000001,1.0,modis
2015-02-18,-75.5148791183074,4.533512493360259,0.4948,0.6205,1.0,modis
2015-04-07,-75.5148791183074,4.533512493360259,0.32630000000000003,0.5345,1.0,modis
2015-04-23,-75.5148791183074,4.533512493360259,0.3922,0.9134,1.0,modis
2015-05-09,-75.5148791183074,4.533512493360259,0.4345,0.5858,1.0,modis
2015-08-13,-75.5148791183074,4.533512493360259,0.5344,0.755,1.0,modis
2015-09-14,-75.5148791183074,4.533512493360259,0.3311,0.875,0.0,modis
2015-11-17,-75.5148791183074,4.533512493360259,0.5453,0.7723,1.0,modis
2015-12-03,-75.5148791183074,4.533512493360259,0.3932,0.8685,0.0,modis
2015-12-19,-75.5148791183074,4.533512493360259,0.4575,0.8459,0.0,modis
2016-01-01,-75.5148791183074,4.533512493360259,0.4736,0.7147,1.0,modis
2016-02-02,-75.5148791183074,4.533512493360259,0.5503,0.8309000000000001,1.0,modis
2016-03-21,-75.5148791183074,4.533512493360259,0.3905,0.8834000000000001,1.0,modis
2016-05-24,-75.5148791183074,4.533512493360259,0.4207,0.8362,0.0,modis
2016-06-25,-75.5148791183074,4.533512493360259,0.46480000000000005,0.8257,0.0,modis
2016-07-11,-75.5148791183074,4.533512493360259,0.3317,0.7481,1.0,modis
2016-08-12,-75.5148791183074,4.533512493360259,0.4541,0.7834,0.0,modis
2016-11-16,-75.5148791183074,4.533512493360259,0.46230000000000004,0.8306,0.0,modis
2017-01-17,-75.5148791183074,4.533512493360259,0.4439,0.8560000000000001,0.0,modis
2017-02-02,-75.5148791183074,4.533512493360259,0.3786,0.8666,0.0,modis
2017-02-18,-75.5148791183074,4.533512493360259,0.5298,0.7929,1.0,modis
2017-05-25,-75.5148791183074,4.533512493360259,0.41350000000000003,0.8287,1.0,modis
2017-06-10,-75.5148791183074,4.533512493360259,0.5488000000000001,0.8371000000000001,1.0,modis
2017-07-12,-75.5148791183074,4.533512493360259,0.5571,0.8151,1.0,modis
2017-08-13,-75.5148791183074,4.533512493360259,0.5465,0.7254,1.0,modis
2017-12-03,-75.5148791183074,4.533512493360259,0.5389,0.8174,1.0,modis
2017-12-19,-75.5148791183074,4.533512493360259,0.45480000000000004,0.8871,1.0,modis
2018-01-01,-75.5148791183074,4.533512493360259,0.4843,0.8365,0.0,modis
2018-01-17,-75.5148791183074,4.533512493360259,0.3598,0.8410000000000001,1.0,modis
2018-02-18,-75.5148791183074,4.533512493360259,0.4022,0.6308,1.0,modis
2018-03-06,-75.5148791183074,4.533512493360259,0.5348,0.8234,1.0,modis
2018-03-22,-75.5148791183074,4.533512493360259,0.5846,0.8155,1.0,modis
2018-05-09,-75.5148791183074,4.533512493360259,0.5617,0.8085,1.0,modis
2018-05-25,-75.5148791183074,4.533512493360259,0.4136,0.7534000000000001,1.0,modis
2018-06-10,-75.5148791183074,4.533512493360259,0.5167,0.8493,0.0,modis
2018-07-28,-75.5148791183074,4.533512493360259,0.4839,0.8342,0.0,modis
2018-08-13,-75.5148791183074,4.533512493360259,0.49620000000000003,0.8195,0.0,modis
2018-09-14,-75.5148791183074,4.533512493360259,0.5171,0.8374,0.0,modis
2018-12-19,-75.5148791183074,4.533512493360259,0.5026,0.8282,0.0,modis
2019-01-01,-75.5148791183074,4.533512493360259,0.4984,0.8077000000000001,0.0,modis
2019-01-17,-75.5148791183074,4.533512493360259,0.45940000000000003,0.7774000000000001,1.0,modis
2019-02-02,-75.5148791183074,4.533512493360259,0.4824,0.8609,0.0,modis
2019-04-23,-75.5148791183074,4.533512493360259,0.5341,0.8374,0.0,modis
2019-11-17,-75.5148791183074,4.533512493360259,0.5151,0.8121,1.0,modis
2020-01-01,-75.5148791183074,4.533512493360259,0.4181,0.8656,0.0,modis
2020-01-17,-75.5148791183074,4.533512493360259,0.3824,0.7242000000000001,1.0,modis
2020-02-02,-75.5148791183074,4.533512493360259,0.5332,0.8310000000000001,0.0,modis
2020-02-18,-75.5148791183074,4.533512493360259,0.4565,0.8451000000000001,0.0,modis
2020-03-05,-75.5148791183074,4.533512493360259,0.4908,0.8694000000000001,0.0,modis
2020-03-21,-75.5148791183074,4.533512493360259,0.5776,0.6691,1.0,modis
2020-05-24,-75.5148791183074,4.533512493360259,0.5385,0.8585,1.0,modis
2020-07-11,-75.5148791183074,4.533512493360259,0.32730000000000004,0.7258,1.0,modis
2020-08-12,-75.5148791183074,4.533512493360259,0.3577,0.6990000000000001,1.0,modis
2021-01-17,-75.5148791183074,4.533512493360259,0.5683,0.8216,1.0,modis
2021-06-10,-75.5148791183074,4.533512493360259,0.4665,0.6729,1.0,modis
2021-07-28,-75.5148791183074,4.533512493360259,0.42150000000000004,0.8812000000000001,0.0,modis
2021-09-14,-75.5148791183074,4.533512493360259,0.5532,0.8186,0.0,modis
2021-11-17,-75.5148791183074,4.533512493360259,0.47550000000000003,0.8093,1.0,modis
2022-02-02,-75.5148791183074,4.533512493360259,0.5916,0.7385,1.0,modis
2022-02-18,-75.5148791183074,4.533512493360259,0.35300000000000004,0.7826000000000001,1.0,modis
2022-03-06,-75.5148791183074,4.533512493360259,0.4978,0.5715,1.0,modis
2022-09-30,-75.5148791183074,4.533512493360259,0.31470000000000004,0.5939,1.0,modis
2022-10-16,-75.5148791183074,4.533512493360259,0.2967,0.5841000000000001,1.0,modis
2022-12-19,-75.5148791183074,4.533512493360259,0.32380000000000003,0.7005,1.0,modis
2023-01-17,-75.5148791183074,4.533512493360259,0.4131,0.8454,0.0,modis
2023-02-02,-75.5148791183074,4.533512493360259,0.5235000000000001,0.6609,1.0,modis
2023-02-18,-75.5148791183074,4.533512493360259,0.4625,0.8143,1.0,modis
2023-05-25,-75.5148791183074,4.533512493360259,0.4187,0.8663000000000001,0.0,modis
2023-06-10,-75.5148791183074,4.533512493360259,0.5251,0.8439000000000001,0.0,modis
2023-07-28,-75.5148791183074,4.533512493360259,0.45730000000000004,0.7159,0.0,modis
2023-08-13,-75.5148791183074,4.533512493360259,0.4184,0.8549,0.0,modis
2023-08-29,-75.5148791183074,4.533512493360259,0.5433,0.7601,1.0,modis
2023-09-14,-75.5148791183074,4.533512493360259,0.3502,0.6253000000000001,1.0,modis
2023-10-16,-75.5148791183074,4.533512493360259,0.3487,0.7918000000000001,1.0,modis
2023-12-19,-75.5148791183074,4.533512493360259,0.35650000000000004,0.7285,1.0,modis
2024-01-01,-75.5148791183074,4.533512493360259,0.4506,0.8597,0.0,modis
2024-01-17,-75.5148791183074,4.533512493360259,0.5066,0.7879,0.0,modis
2024-02-18,-75.5148791183074,4.533512493360259,0.3352,0.7621,1.0,modis
2024-04-06,-75.5148791183074,4.533512493360259,0.316,0.8442000000000001,1.0,modis
2024-05-08,-75.5148791183074,4.533512493360259,0.37670000000000003,0.881,1.0,modis
2024-06-09,-75.5148791183074,4.533512493360259,0.5101,0.8306,1.0,modis
2024-06-25,-75.5148791183074,4.533512493360259,0.4908,0.8627,1.0,modis
2024-08-12,-75.5148791183074,4.533512493360259,0.35300000000000004,0.8199000000000001,1.0,modis
2024-08-28,-75.5148791183074,4.533512493360259,0.4983,0.8244,0.0,modis
2024-09-13,-75.5148791183074,4.533512493360259,0.4233,0.8605,0.0,modis
2024-09-29,-75.5148791183074,4.533512493360259,0.3788,0.8480000000000001,1.0,modis
2024-10-15,-75.5148791183074,4.533512493360259,0.3291,0.7751,1.0,modis
2024-11-16,-75.5148791183074,4.533512493360259,0.5931000000000001,0.8532000000000001,1.0,modis
2024-12-02,-75.5148791183074,4.533512493360259,0.4323,0.7857000000000001,1.0,modis
2024-12-18,-75.5148791183074,4.533512493360259,0.5987,0.8217,1.0,modis
2015-01-01,-75.48407195857412,4.497539669669868,0.5296000000000001,0.7492000000000001,0.0,modis
2015-03-06,-75.48407195857412,4.497539669669868,0.4182,0.7582,1.0,modis
2015-04-23,-75.48407195857412,4.497539669669868,0.4097,0.6986,1.0,modis
2015-06-10,-75.48407195857412,4.497539669669868,0.5146000000000001,0.8113,1.0,modis
2015-09-14,-75.48407195857412,4.497539669669868,0.4204,0.8698,1.0,modis
2015-11-01,-75.48407195857412,4.497539669669868,0.3825,0.7136,1.0,modis
2015-12-03,-75.48407195857412,4.497539669669868,0.4328,0.8220000000000001,0.0,modis
2015-12-19,-75.48407195857412,4.497539669669868,0.3904,0.8563000000000001,0.0,modis
2016-01-01,-75.48407195857412,4.497539669669868,0.4747,0.7887000000000001,0.0,modis
2016-01-17,-75.48407195857412,4.497539669669868,0.45520000000000005,0.7831,1.0,modis
2016-02-02,-75.48407195857412,4.497539669669868,0.5379,0.7499,0.0,modis
2016-03-21,-75.48407195857412,4.497539669669868,0.38680000000000003,0.7936000000000001,1.0,modis
2016-05-08,-75.48407195857412,4.497539669669868,0.4335,0.612,1.0,modis
2016-05-24,-75.48407195857412,4.497539669669868,0.48750000000000004,0.8412000000000001,0.0,modis
2016-06-09,-75.48407195857412,4.497539669669868,0.33740000000000003,0.6324000000000001,1.0,modis
2016-06-25,-75.48407195857412,4.497539669669868,0.5046,0.656,0.0,modis
2016-07-11,-75.48407195857412,4.497539669669868,0.4509,0.8129000000000001,1.0,modis
2016-08-12,-75.48407195857412,4.497539669669868,0.5243,0.7383000000000001,0.0,modis
2016-09-13,-75.48407195857412,4.497539669669868,0.4142,0.8394,1.0,modis
2016-11-16,-75.48407195857412,4.497539669669868,0.4636,0.8133,0.0,modis
2016-12-02,-75.48407195857412,4.497539669669868,0.4314,0.8591000000000001,0.0,modis
2016-12-18,-75.48407195857412,4.497539669669868,0.4264,0.6778000000000001,1.0,modis
2017-01-17,-75.48407195857412,4.497539669669868,0.4252,0.8465,0.0,modis
2017-02-02,-75.48407195857412,4.497539669669868,0.3952,0.8317,0.0,modis
2017-03-22,-75.48407195857412,4.497539669669868,0.4111,0.7852,1.0,modis
2017-05-09,-75.48407195857412,4.497539669669868,0.5651,0.7712,1.0,modis
2017-05-25,-75.48407195857412,4.497539669669868,0.4071,0.8195,1.0,modis
2017-08-13,-75.48407195857412,4.497539669669868,0.5351,0.7148,1.0,modis
2017-12-03,-75.48407195857412,4.497539669669868,0.42000000000000004,0.8547,0.0,modis
2018-01-01,-75.48407195857412,4.497539669669868,0.4974,0.8252,0.0,modis
2018-01-17,-75.48407195857412,4.497539669669868,0.5684,0.7526,0.0,modis
2018-02-18,-75.48407195857412,4.497539669669868,0.4531,0.8171,1.0,modis
2018-03-06,-75.48407195857412,4.497539669669868,0.499,0.7506,0.0,modis
2018-05-25,-75.48407195857412,4.497539669669868,0.4535,0.8325,0.0,modis
2018-07-28,-75.48407195857412,4.497539669669868,0.4501,0.7897000000000001,0.0,modis
2018-09-14,-75.48407195857412,4.497539669669868,0.5072,0.7455,0.0,modis
2018-12-19,-75.48407195857412,4.497539669669868,0.5148,0.7609,0.0,modis
2019-01-01,-75.48407195857412,4.497539669669868,0.5148,0.7609,0.0,modis
2019-02-02,-75.48407195857412,4.497539669669868,0.4189,0.7714000000000001,0.0,modis
2019-02-18,-75.48407195857412,4.497539669669868,0.42560000000000003,0.8127000000000001,0.0,modis
2019-04-23,-75.48407195857412,4.497539669669868,0.5682,0.7893,0.0,modis
2019-05-25,-75.48407195857412,4.497539669669868,0.5384,0.7553000000000001,1.0,modis
2019-06-26,-75.48407195857412,4.497539669669868,0.5035000000000001,0.7525000000000001,1.0,modis
2019-12-03,-75.48407195857412,4.497539669669868,0.3976,0.7957000000000001,1.0,modis
2019-12-19,-75.48407195857412,4.497539669669868,0.39430000000000004,0.5796,1.0,modis
2020-01-01,-75.48407195857412,4.497539669669868,0.3678,0.8290000000000001,1.0,modis
2020-02-02,-75.48407195857412,4.497539669669868,0.3766,0.8308000000000001,1.0,modis
2020-03-05,-75.48407195857412,4.497539669669868,0.4713,0.8231,0.0,modis
2020-03-21,-75.48407195857412,4.497539669669868,0.5096,0.8377,0.0,modis
2020-05-24,-75.48407195857412,4.497539669669868,0.5366000000000001,0.8164,1.0,modis
2020-07-27,-75.48407195857412,4.497539669669868,0.4126,0.8134,1.0,modis
2020-08-28,-75.48407195857412,4.497539669669868,0.5174,0.7839,1.0,modis
2020-09-29,-75.48407195857412,4.497539669669868,0.5166000000000001,0.6458,1.0,modis
2020-12-02,-75.48407195857412,4.497539669669868,0.392,0.8072,1.0,modis
2020-12-18,-75.48407195857412,4.497539669669868,0.32880000000000004,0.7053,1.0,modis
2021-01-01,-75.48407195857412,4.497539669669868,0.4556,0.7808,1.0,modis
2021-01-17,-75.48407195857412,4.497539669669868,0.3921,0.8102,1.0,modis
2021-04-23,-75.48407195857412,4.497539669669868,0.431,0.5712,1.0,modis
2021-05-25,-75.48407195857412,4.497539669669868,0.3768,0.5562,1.0,modis
2021-06-10,-75.48407195857412,4.497539669669868,0.4515,0.6263000000000001,1.0,modis
2021-08-29,-75.48407195857412,4.497539669669868,0.4859,0.6714,1.0,modis
2021-09-14,-75.48407195857412,4.497539669669868,0.5125000000000001,0.7083,0.0,modis
2021-11-17,-75.48407195857412,4.497539669669868,0.4116,0.6625,1.0,modis
2022-01-01,-75.48407195857412,4.497539669669868,0.468,0.7561,0.0,modis
2022-04-07,-75.48407195857412,4.497539669669868,0.4131,0.5964,1.0,modis
2022-07-28,-75.48407195857412,4.497539669669868,0.3795,0.8056000000000001,1.0,modis
2022-08-13,-75.48407195857412,4.497539669669868,0.5109,0.7294,1.0,modis
2022-11-17,-75.48407195857412,4.497539669669868,0.48360000000000003,0.7213,1.0,modis
2022-12-19,-75.48407195857412,4.497539669669868,0.3677,0.6586000000000001,1.0,modis
2023-01-17,-75.48407195857412,4.497539669669868,0.3471,0.8005,0.0,modis
2023-02-02,-75.48407195857412,4.497539669669868,0.6078,0.7585000000000001,1.0,modis
2023-05-25,-75.48407195857412,4.497539669669868,0.4313,0.763,0.0,modis
2023-06-10,-75.48407195857412,4.497539669669868,0.5341,0.7423000000000001,0.0,modis
2023-08-13,-75.48407195857412,4.497539669669868,0.4284,0.8005,0.0,modis
2023-08-29,-75.48407195857412,4.497539669669868,0.5800000000000001,0.7197,0.0,modis
2023-11-17,-75.48407195857412,4.497539669669868,0.4635,0.7861,1.0,modis
2023-12-03,-75.48407195857412,4.497539669669868,0.2089,0.631,1.0,modis
2024-01-01,-75.48407195857412,4.497539669669868,0.40840000000000004,0.8089000000000001,0.0,modis
2024-01-17,-75.48407195857412,4.497539669669868,0.5936,0.7379,0.0,modis
2024-02-02,-75.48407195857412,4.497539669669868,0.48710000000000003,0.7871,0.0,modis
2024-02-18,-75.48407195857412,4.497539669669868,0.2786,0.398,1.0,modis
2024-03-05,-75.48407195857412,4.497539669669868,0.4712,0.5432,1.0,modis
2024-04-06,-75.48407195857412,4.497539669669868,0.36610000000000004,0.8280000000000001,1.0,modis
2024-05-08,-75.48407195857412,4.497539669669868,0.4112,0.8366,0.0,modis
2024-06-09,-75.48407195857412,4.497539669669868,0.4823,0.7712,0.0,modis
2024-08-12,-75.48407195857412,4.497539669669868,0.44380000000000003,0.8031,0.0,modis
2024-08-28,-75.48407195857412,4.497539669669868,0.4839,0.7416,0.0,modis
2024-09-13,-75.48407195857412,4.497539669669868,0.4141,0.7913,0.0,modis
2024-09-29,-75.48407195857412,4.497539669669868,0.3795,0.7955,0.0,modis
2024-10-15,-75.48407195857412,4.497539669669868,0.5614,0.7392000000000001,0.0,modis
2024-11-16,-75.48407195857412,4.497539669669868,0.1641,0.8771,1.0,modis
2024-12-02,-75.48407195857412,4.497539669669868,0.42300000000000004,0.8224,1.0,modis
2024-12-18,-75.48407195857412,4.497539669669868,0.5499,0.7788,1.0,modis
2015-01-01,-75.46789721044756,4.5155260815150635,0.5448000000000001,0.7355,0.0,modis
2015-01-17,-75.46789721044756,4.5155260815150635,0.2625,0.5329,1.0,modis
2015-02-18,-75.46789721044756,4.5155260815150635,0.554,0.734,1.0,modis
2015-03-06,-75.46789721044756,4.5155260815150635,0.388,0.647,1.0,modis
2015-04-07,-75.46789721044756,4.5155260815150635,0.3942,0.5706,1.0,modis
2015-04-23,-75.46789721044756,4.5155260815150635,0.5007,0.7084,1.0,modis
2015-05-09,-75.46789721044756,4.5155260815150635,0.5156000000000001,0.7613000000000001,1.0,modis
2015-08-13,-75.46789721044756,4.5155260815150635,0.4409,0.6243000000000001,1.0,modis
2015-09-14,-75.46789721044756,4.5155260815150635,0.43170000000000003,0.8160000000000001,0.0,modis
2015-12-03,-75.46789721044756,4.5155260815150635,0.4701,0.8006000000000001,0.0,modis
2015-12-19,-75.46789721044756,4.5155260815150635,0.49450000000000005,0.7865000000000001,0.0,modis
2016-01-01,-75.46789721044756,4.5155260815150635,0.5111,0.7367,0.0,modis
2016-01-17,-75.46789721044756,4.5155260815150635,0.5076,0.7566,1.0,modis
2016-02-02,-75.46789721044756,4.5155260815150635,0.48310000000000003,0.6671,1.0,modis
2016-03-05,-75.46789721044756,4.5155260815150635,0.48400000000000004,0.7324,1.0,modis
2016-03-21,-75.46789721044756,4.5155260815150635,0.393,0.7864,0.0,modis
2016-05-24,-75.46789721044756,4.5155260815150635,0.4475,0.7905000000000001,0.0,modis
2016-06-25,-75.46789721044756,4.5155260815150635,0.4761,0.7293000000000001,0.0,modis
2016-07-11,-75.46789721044756,4.5155260815150635,0.4263,0.8169000000000001,1.0,modis
2016-08-12,-75.46789721044756,4.5155260815150635,0.5028,0.741,0.0,modis
2016-09-13,-75.46789721044756,4.5155260815150635,0.3589,0.5709000000000001,1.0,modis
2016-11-16,-75.46789721044756,4.5155260815150635,0.4965,0.7845000000000001,0.0,modis
2016-12-18,-75.46789721044756,4.5155260815150635,0.46140000000000003,0.7108,1.0,modis
2017-01-01,-75.46789721044756,4.5155260815150635,0.5023,0.8418,1.0,modis
2017-01-17,-75.46789721044756,4.5155260815150635,0.48410000000000003,0.8008000000000001,0.0,modis
2017-02-02,-75.46789721044756,4.5155260815150635,0.4395,0.8225,0.0,modis
2017-02-18,-75.46789721044756,4.5155260815150635,0.6274000000000001,0.781,1.0,modis
2017-03-22,-75.46789721044756,4.5155260815150635,0.44670000000000004,0.777,1.0,modis
2017-04-23,-75.46789721044756,4.5155260815150635,0.48700000000000004,0.6801,1.0,modis
2017-05-09,-75.46789721044756,4.5155260815150635,0.4374,0.8350000000000001,1.0,modis
2017-06-10,-75.46789721044756,4.5155260815150635,0.2948,0.7615000000000001,1.0,modis
2017-07-12,-75.46789721044756,4.5155260815150635,0.5306000000000001,0.7180000000000001,1.0,modis
2017-08-13,-75.46789721044756,4.5155260815150635,0.5425,0.7682,1.0,modis
2017-10-16,-75.46789721044756,4.5155260815150635,0.5536,0.7626000000000001,1.0,modis
2017-11-01,-75.46789721044756,4.5155260815150635,0.5047,0.7799,1.0,modis
2017-12-03,-75.46789721044756,4.5155260815150635,0.4924,0.8519,1.0,modis
2017-12-19,-75.46789721044756,4.5155260815150635,0.45380000000000004,0.7971,1.0,modis
2018-01-01,-75.46789721044756,4.5155260815150635,0.4944,0.7544000000000001,0.0,modis
2018-01-17,-75.46789721044756,4.5155260815150635,0.5113,0.7598,1.0,modis
2018-02-18,-75.46789721044756,4.5155260815150635,0.5154,0.7758,0.0,modis
2018-03-06,-75.46789721044756,4.5155260815150635,0.5116,0.731,0.0,modis
2018-03-22,-75.46789721044756,4.5155260815150635,0.5121,0.7552,1.0,modis
2018-04-07,-75.46789721044756,4.5155260815150635,0.4526,0.8024,1.0,modis
2018-05-25,-75.46789721044756,4.5155260815150635,0.45380000000000004,0.8097000000000001,0.0,modis
2018-06-10,-75.46789721044756,4.5155260815150635,0.5127,0.784,0.0,modis
2018-06-26,-75.46789721044756,4.5155260815150635,0.5254,0.7931,0.0,modis
2018-07-28,-75.46789721044756,4.5155260815150635,0.5234,0.7685000000000001,0.0,modis
2018-09-14,-75.46789721044756,4.5155260815150635,0.5374,0.7631,0.0,modis
2018-11-01,-75.46789721044756,4.5155260815150635,0.6683,0.7782,1.0,modis
2018-11-17,-75.46789721044756,4.5155260815150635,0.5429,0.8260000000000001,1.0,modis
2018-12-19,-75.46789721044756,4.5155260815150635,0.5516,0.7613000000000001,0.0,modis
2019-01-01,-75.46789721044756,4.5155260815150635,0.5516,0.7613000000000001,0.0,modis
2019-02-02,-75.46789721044756,4.5155260815150635,0.4133,0.7608,1.0,modis
2019-02-18,-75.46789721044756,4.5155260815150635,0.44770000000000004,0.7961,0.0,modis
2019-03-22,-75.46789721044756,4.5155260815150635,0.5611,0.6954,1.0,modis
2019-04-23,-75.46789721044756,4.5155260815150635,0.5274,0.7626000000000001,0.0,modis
2019-06-26,-75.46789721044756,4.5155260815150635,0.4727,0.6778000000000001,0.0,modis
2019-07-28,-75.46789721044756,4.5155260815150635,0.6027,0.739,1.0,modis
2019-11-17,-75.46789721044756,4.5155260815150635,0.4076,0.6773,1.0,modis
2019-12-19,-75.46789721044756,4.5155260815150635,0.5794,0.7979,1.0,modis
2020-01-01,-75.46789721044756,4.5155260815150635,0.4907,0.8034,0.0,modis
2020-01-17,-75.46789721044756,4.5155260815150635,0.5797,0.8055,1.0,modis
2020-02-02,-75.46789721044756,4.5155260815150635,0.5459,0.7399,0.0,modis
2020-02-18,-75.46789721044756,4.5155260815150635,0.46190000000000003,0.7275,0.0,modis
2020-03-05,-75.46789721044756,4.5155260815150635,0.4289,0.7585000000000001,0.0,modis
2020-03-21,-75.46789721044756,4.5155260815150635,0.4541,0.7553000000000001,0.0,modis
2020-04-06,-75.46789721044756,4.5155260815150635,0.5189,0.6935,1.0,modis
2020-05-08,-75.46789721044756,4.5155260815150635,0.45690000000000003,0.7117,1.0,modis
2020-05-24,-75.46789721044756,4.5155260815150635,0.5259,0.7243,0.0,modis
2020-07-27,-75.46789721044756,4.5155260815150635,0.48760000000000003,0.7266,0.0,modis
2020-08-28,-75.46789721044756,4.5155260815150635,0.4607,0.7412000000000001,1.0,modis
2020-10-15,-75.46789721044756,4.5155260815150635,0.4655,0.8465,1.0,modis
2020-10-31,-75.46789721044756,4.5155260815150635,0.5093,0.7879,1.0,modis
2020-12-02,-75.46789721044756,4.5155260815150635,0.5385,0.7788,1.0,modis
2021-01-01,-75.46789721044756,4.5155260815150635,0.5818,0.7296,0.0,modis
2021-01-17,-75.46789721044756,4.5155260815150635,0.4842,0.7999,1.0,modis
2021-03-22,-75.46789721044756,4.5155260815150635,0.5890000000000001,0.6908000000000001,1.0,modis
2021-05-25,-75.46789721044756,4.5155260815150635,0.4746,0.782,1.0,modis
2021-06-10,-75.46789721044756,4.5155260815150635,0.5113,0.6582,1.0,modis
2021-08-29,-75.46789721044756,4.5155260815150635,0.5514,0.7578,0.0,modis
2021-09-14,-75.46789721044756,4.5155260815150635,0.5275000000000001,0.6985,0.0,modis
2021-09-30,-75.46789721044756,4.5155260815150635,0.5732,0.7053,1.0,modis
2021-10-16,-75.46789721044756,4.5155260815150635,0.5191,0.741,1.0,modis
2021-11-17,-75.46789721044756,4.5155260815150635,0.5256000000000001,0.7577,0.0,modis
2021-12-03,-75.46789721044756,4.5155260815150635,0.5811000000000001,0.7619,1.0,modis
2021-12-19,-75.46789721044756,4.5155260815150635,0.6389,0.8136,1.0,modis
2022-01-01,-75.46789721044756,4.5155260815150635,0.5637,0.749,0.0,modis
2022-01-17,-75.46789721044756,4.5155260815150635,0.49310000000000004,0.6999000000000001,1.0,modis
2022-02-18,-75.46789721044756,4.5155260815150635,0.5098,0.5756,1.0,modis
2022-03-06,-75.46789721044756,4.5155260815150635,0.4455,0.7608,1.0,modis
2022-03-22,-75.46789721044756,4.5155260815150635,0.2361,0.758,1.0,modis
2022-04-23,-75.46789721044756,4.5155260815150635,0.2893,0.748,1.0,modis
2022-06-10,-75.46789721044756,4.5155260815150635,0.43920000000000003,0.5777,1.0,modis
2022-07-12,-75.46789721044756,4.5155260815150635,0.46490000000000004,0.7744000000000001,1.0,modis
2022-07-28,-75.46789721044756,4.5155260815150635,0.4504,0.8268000000000001,1.0,modis
2022-08-13,-75.46789721044756,4.5155260815150635,0.5123,0.6896,1.0,modis
2022-09-30,-75.46789721044756,4.5155260815150635,0.5512,0.7133,1.0,modis
2022-10-16,-75.46789721044756,4.5155260815150635,0.47240000000000004,0.6303000000000001,1.0,modis
2022-11-01,-75.46789721044756,4.5155260815150635,0.5271,0.6930000000000001,1.0,modis
2022-11-17,-75.46789721044756,4.5155260815150635,0.5648000000000001,0.6847000000000001,1.0,modis
2022-12-19,-75.46789721044756,4.5155260815150635,0.5145000000000001,0.7895000000000001,0.0,modis
2023-01-17,-75.46789721044756,4.5155260815150635,0.5035000000000001,0.7576,0.0,modis
2023-02-02,-75.46789721044756,4.5155260815150635,0.5741,0.7247,0.0,modis
2023-03-06,-75.46789721044756,4.5155260815150635,0.5856,0.7001000000000001,1.0,modis
2023-05-09,-75.46789721044756,4.5155260815150635,0.5228,0.736,1.0,modis
2023-05-25,-75.46789721044756,4.5155260815150635,0.44680000000000003,0.792,0.0,modis
2023-06-10,-75.46789721044756,4.5155260815150635,0.44,0.8206,1.0,modis
2023-07-28,-75.46789721044756,4.5155260815150635,0.5057,0.66,0.0,modis
2023-08-13,-75.46789721044756,4.5155260815150635,0.456,0.7754000000000001,0.0,modis
2023-08-29,-75.46789721044756,4.5155260815150635,0.5857,0.7625000000000001,0.0,modis
2023-09-14,-75.46789721044756,4.5155260815150635,0.5765,0.7349,1.0,modis
2023-11-01,-75.46789721044756,4.5155260815150635,0.4756,0.7158,1.0,modis
2023-11-17,-75.46789721044756,4.5155260815150635,0.4108,0.8150000000000001,1.0,modis
2023-12-03,-75.46789721044756,4.5155260815150635,0.6443,0.7407,1.0,modis
2023-12-19,-75.46789721044756,4.5155260815150635,0.44020000000000004,0.7894,1.0,modis
2024-01-01,-75.46789721044756,4.5155260815150635,0.44020000000000004,0.7894,1.0,modis
2024-01-17,-75.46789721044756,4.5155260815150635,0.4756,0.7766000000000001,0.0,modis
2024-02-02,-75.46789721044756,4.5155260815150635,0.5112,0.6741,1.0,modis
2024-02-18,-75.46789721044756,4.5155260815150635,0.47800000000000004,0.6697000000000001,1.0,modis
2024-04-06,-75.46789721044756,4.5155260815150635,0.3451,0.8053,1.0,modis
2024-04-22,-75.46789721044756,4.5155260815150635,0.45080000000000003,0.6117,1.0,modis
2024-05-08,-75.46789721044756,4.5155260815150635,0.4007,0.7903,0.0,modis
2024-06-09,-75.46789721044756,4.5155260815150635,0.45120000000000005,0.7537,0.0,modis
2024-06-25,-75.46789721044756,4.5155260815150635,0.4874,0.8009000000000001,1.0,modis
2024-07-11,-75.46789721044756,4.5155260815150635,0.46580000000000005,0.8467,1.0,modis
2024-07-27,-75.46789721044756,4.5155260815150635,0.5155000000000001,0.6873,1.0,modis
2024-08-12,-75.46789721044756,4.5155260815150635,0.49710000000000004,0.7832,0.0,modis
2024-08-28,-75.46789721044756,4.5155260815150635,0.5171,0.7798,0.0,modis
2024-09-13,-75.46789721044756,4.5155260815150635,0.45840000000000003,0.7865000000000001,0.0,modis
2024-09-29,-75.46789721044756,4.5155260815150635,0.46540000000000004,0.7916000000000001,0.0,modis
2024-10-15,-75.46789721044756,4.5155260815150635,0.5848,0.7269,0.0,modis
2024-10-31,-75.46789721044756,4.5155260815150635,0.6159,0.7212000000000001,1.0,modis
2024-11-16,-75.46789721044756,4.5155260815150635,0.5217,0.7699,1.0,modis
2024-12-02,-75.46789721044756,4.5155260815150635,0.47990000000000005,0.7771,0.0,modis
2024-12-18,-75.46789721044756,4.5155260815150635,0.3715,0.8659,1.0,modis
2015-01-01,-75.46509920339852,4.488546463747269,0.5195000000000001,0.8112,0.0,modis
2015-04-23,-75.46509920339852,4.488546463747269,0.38280000000000003,0.8556,1.0,modis
2015-09-14,-75.46509920339852,4.488546463747269,0.3438,0.8530000000000001,1.0,modis
2015-12-03,-75.46509920339852,4.488546463747269,0.36810000000000004,0.8591000000000001,0.0,modis
2015-12-19,-75.46509920339852,4.488546463747269,0.28,0.8814000000000001,0.0,modis
2016-01-01,-75.46509920339852,4.488546463747269,0.4239,0.7536,1.0,modis
2016-02-02,-75.46509920339852,4.488546463747269,0.5694,0.8276,1.0,modis
2016-03-21,-75.46509920339852,4.488546463747269,0.3643,0.8738,0.0,modis
2016-05-24,-75.46509920339852,4.488546463747269,0.4661,0.8607,0.0,modis
2016-07-11,-75.46509920339852,4.488546463747269,0.43460000000000004,0.8688,1.0,modis
2016-08-12,-75.46509920339852,4.488546463747269,0.5043,0.6581,0.0,modis
2016-11-16,-75.46509920339852,4.488546463747269,0.4247,0.8503000000000001,0.0,modis
2016-12-02,-75.46509920339852,4.488546463747269,0.277,0.9018,1.0,modis
2017-02-02,-75.46509920339852,4.488546463747269,0.3262,0.8795000000000001,0.0,modis
2017-05-09,-75.46509920339852,4.488546463747269,0.4161,0.8813000000000001,1.0,modis
2017-08-13,-75.46509920339852,4.488546463747269,0.5446,0.8069000000000001,1.0,modis
2017-12-03,-75.46509920339852,4.488546463747269,0.19790000000000002,0.5172,1.0,modis
2018-01-01,-75.46509920339852,4.488546463747269,0.5056,0.8625,0.0,modis
2018-03-06,-75.46509920339852,4.488546463747269,0.4973,0.8068000000000001,0.0,modis
2018-05-25,-75.46509920339852,4.488546463747269,0.37120000000000003,0.7714000000000001,0.0,modis
2018-06-26,-75.46509920339852,4.488546463747269,0.49000000000000005,0.8106,1.0,modis
2018-09-14,-75.46509920339852,4.488546463747269,0.521,0.8169000000000001,0.0,modis
2018-12-19,-75.46509920339852,4.488546463747269,0.4953,0.8052,0.0,modis
2019-01-01,-75.46509920339852,4.488546463747269,0.4953,0.8052,0.0,modis
2019-02-02,-75.46509920339852,4.488546463747269,0.4254,0.873,0.0,modis
2019-02-18,-75.46509920339852,4.488546463747269,0.39480000000000004,0.8359000000000001,0.0,modis
2019-04-23,-75.46509920339852,4.488546463747269,0.5341,0.8330000000000001,0.0,modis
2019-06-26,-75.46509920339852,4.488546463747269,0.4919,0.7195,1.0,modis
2019-07-12,-75.46509920339852,4.488546463747269,0.5582,0.8429000000000001,1.0,modis
2020-01-01,-75.46509920339852,4.488546463747269,0.3381,0.7988000000000001,1.0,modis
2020-02-02,-75.46509920339852,4.488546463747269,0.3116,0.8744000000000001,1.0,modis
2020-03-05,-75.46509920339852,4.488546463747269,0.4408,0.867,0.0,modis
2020-03-21,-75.46509920339852,4.488546463747269,0.4685,0.8703000000000001,0.0,modis
2020-05-08,-75.46509920339852,4.488546463747269,0.46330000000000005,0.8251000000000001,1.0,modis
2020-05-24,-75.46509920339852,4.488546463747269,0.41100000000000003,0.8158000000000001,0.0,modis
2020-07-27,-75.46509920339852,4.488546463747269,0.3929,0.8550000000000001,0.0,modis
2021-01-17,-75.46509920339852,4.488546463747269,0.41350000000000003,0.8683000000000001,1.0,modis
2021-09-14,-75.46509920339852,4.488546463747269,0.5926,0.7062,0.0,modis
2021-11-17,-75.46509920339852,4.488546463747269,0.36760000000000004,0.8125,0.0,modis
2022-01-01,-75.46509920339852,4.488546463747269,0.5088,0.8131,1.0,modis
2022-08-13,-75.46509920339852,4.488546463747269,0.4107,0.7797000000000001,1.0,modis
2022-12-19,-75.46509920339852,4.488546463747269,0.2906,0.8655,0.0,modis
2023-01-17,-75.46509920339852,4.488546463747269,0.279,0.8869,0.0,modis
2023-02-02,-75.46509920339852,4.488546463747269,0.4116,0.8477,1.0,modis
2023-03-06,-75.46509920339852,4.488546463747269,0.6145,0.7466,1.0,modis
2023-05-25,-75.46509920339852,4.488546463747269,0.37470000000000003,0.7773,0.0,modis
2023-06-10,-75.46509920339852,4.488546463747269,0.5216000000000001,0.8343,0.0,modis
2023-08-13,-75.46509920339852,4.488546463747269,0.4998,0.8313,0.0,modis
2023-08-29,-75.46509920339852,4.488546463747269,0.47400000000000003,0.6369,1.0,modis
2023-11-01,-75.46509920339852,4.488546463747269,0.5952000000000001,0.8262,1.0,modis
2024-01-01,-75.46509920339852,4.488546463747269,0.3512,0.7904,1.0,modis
2024-01-17,-75.46509920339852,4.488546463747269,0.5595,0.8107000000000001,0.0,modis
2024-02-02,-75.46509920339852,4.488546463747269,0.6003000000000001,0.761,1.0,modis
2024-04-06,-75.46509920339852,4.488546463747269,0.30810000000000004,0.8417,1.0,modis
2024-05-08,-75.46509920339852,4.488546463747269,0.3357,0.8932,0.0,modis
2024-06-09,-75.46509920339852,4.488546463747269,0.4702,0.8149000000000001,0.0,modis
2024-08-12,-75.46509920339852,4.488546463747269,0.437,0.8783000000000001,0.0,modis
2024-08-28,-75.46509920339852,4.488546463747269,0.49110000000000004,0.8204,0.0,modis
2024-09-13,-75.46509920339852,4.488546463747269,0.40240000000000004,0.878,0.0,modis
2024-09-29,-75.46509920339852,4.488546463747269,0.3304,0.8646,1.0,modis
2024-10-15,-75.46509920339852,4.488546463747269,0.542,0.8035,0.0,modis
2024-11-16,-75.46509920339852,4.488546463747269,0.1032,0.6576000000000001,1.0,modis
2024-12-02,-75.46509920339852,4.488546463747269,0.37560000000000004,0.8413,0.0,modis
2024-12-18,-75.46509920339852,4.488546463747269,0.4304,0.8329000000000001,1.0,modis
2015-01-01,-75.4393529632291,4.587471728895854,0.39590000000000003,0.7528,0.0,modis
2015-09-14,-75.4393529632291,4.587471728895854,0.2581,0.7293000000000001,1.0,modis
2015-12-03,-75.4393529632291,4.587471728895854,0.2672,0.8362,0.0,modis
2015-12-19,-75.4393529632291,4.587471728895854,0.24070000000000003,0.8153,0.0,modis
2016-03-21,-75.4393529632291,4.587471728895854,0.2386,0.6496000000000001,1.0,modis
2016-11-16,-75.4393529632291,4.587471728895854,0.3055,0.7908000000000001,0.0,modis
2017-01-17,-75.4393529632291,4.587471728895854,0.2609,0.8449000000000001,0.0,modis
2017-02-02,-75.4393529632291,4.587471728895854,0.40080000000000005,0.7501,1.0,modis
2018-06-26,-75.4393529632291,4.587471728895854,0.3376,0.7302000000000001,1.0,modis
2018-07-28,-75.4393529632291,4.587471728895854,0.38630000000000003,0.7551,0.0,modis
2018-09-14,-75.4393529632291,4.587471728895854,0.3393,0.7823,0.0,modis
2018-12-19,-75.4393529632291,4.587471728895854,0.23500000000000001,0.8437,0.0,modis
2019-01-01,-75.4393529632291,4.587471728895854,0.23500000000000001,0.8437,0.0,modis
2019-04-23,-75.4393529632291,4.587471728895854,0.3869,0.7761,0.0,modis
2020-01-01,-75.4393529632291,4.587471728895854,0.233,0.5841000000000001,1.0,modis
2020-02-02,-75.4393529632291,4.587471728895854,0.3577,0.7778,0.0,modis
2020-03-21,-75.4393529632291,4.587471728895854,0.3135,0.8286,0.0,modis
2020-07-27,-75.4393529632291,4.587471728895854,0.2575,0.7969,1.0,modis
2021-06-26,-75.4393529632291,4.587471728895854,0.3619,0.6864,1.0,modis
2022-01-01,-75.4393529632291,4.587471728895854,0.3801,0.7965,1.0,modis
2022-03-06,-75.4393529632291,4.587471728895854,0.27590000000000003,0.6736000000000001,1.0,modis
2022-12-19,-75.4393529632291,4.587471728895854,0.2285,0.609,1.0,modis
2023-01-17,-75.4393529632291,4.587471728895854,0.2132,0.61,1.0,modis
2023-05-25,-75.4393529632291,4.587471728895854,0.2585,0.7354,1.0,modis
2024-01-17,-75.4393529632291,4.587471728895854,0.47140000000000004,0.7583000000000001,0.0,modis
2024-04-06,-75.4393529632291,4.587471728895854,0.20450000000000002,0.7039000000000001,1.0,modis
2024-05-08,-75.4393529632291,4.587471728895854,0.22890000000000002,0.6375000000000001,1.0,modis
2024-08-12,-75.4393529632291,4.587471728895854,0.2114,0.788,1.0,modis
2024-08-28,-75.4393529632291,4.587471728895854,0.31880000000000003,0.7604000000000001,1.0,modis
2024-09-13,-75.4393529632291,4.587471728895854,0.4526,0.6955,1.0,modis
2024-10-15,-75.4393529632291,4.587471728895854,0.33740000000000003,0.5621,1.0,modis
2015-01-01,-75.43840380285448,4.578478522973256,0.4212,0.7918000000000001,0.0,modis
2015-12-03,-75.43840380285448,4.578478522973256,0.2791,0.8492000000000001,0.0,modis
2015-12-19,-75.43840380285448,4.578478522973256,0.26130000000000003,0.9117000000000001,0.0,modis
2016-03-21,-75.43840380285448,4.578478522973256,0.257,0.8244,0.0,modis
2016-07-11,-75.43840380285448,4.578478522973256,0.24330000000000002,0.5138,1.0,modis
2016-11-16,-75.43840380285448,4.578478522973256,0.3269,0.8260000000000001,0.0,modis
2017-02-02,-75.43840380285448,4.578478522973256,0.4698,0.7919,1.0,modis
2018-02-18,-75.43840380285448,4.578478522973256,0.28950000000000004,0.744,0.0,modis
2018-07-28,-75.43840380285448,4.578478522973256,0.3816,0.8160000000000001,0.0,modis
2018-09-14,-75.43840380285448,4.578478522973256,0.3764,0.8278000000000001,0.0,modis
2018-12-19,-75.43840380285448,4.578478522973256,0.2702,0.8708,0.0,modis
2019-01-01,-75.43840380285448,4.578478522973256,0.2702,0.8708,0.0,modis
2019-04-23,-75.43840380285448,4.578478522973256,0.43620000000000003,0.8346,0.0,modis
2020-01-01,-75.43840380285448,4.578478522973256,0.2577,0.8167000000000001,1.0,modis
2020-02-02,-75.43840380285448,4.578478522973256,0.29500000000000004,0.7544000000000001,0.0,modis
2020-03-21,-75.43840380285448,4.578478522973256,0.33640000000000003,0.8659,0.0,modis
2021-07-28,-75.43840380285448,4.578478522973256,0.2437,0.5495,1.0,modis
2022-01-01,-75.43840380285448,4.578478522973256,0.3895,0.8261000000000001,1.0,modis
2022-03-06,-75.43840380285448,4.578478522973256,0.2766,0.8457,1.0,modis
2023-01-17,-75.43840380285448,4.578478522973256,0.2741,0.8634000000000001,0.0,modis
2023-05-25,-75.43840380285448,4.578478522973256,0.27640000000000003,0.6343,1.0,modis
2023-08-13,-75.43840380285448,4.578478522973256,0.2745,0.7328,0.0,modis
2024-01-17,-75.43840380285448,4.578478522973256,0.5264,0.8012,0.0,modis
2024-04-06,-75.43840380285448,4.578478522973256,0.2501,0.7427,1.0,modis
2024-05-08,-75.43840380285448,4.578478522973256,0.25,0.8689,0.0,modis
2024-08-28,-75.43840380285448,4.578478522973256,0.33230000000000004,0.7822,1.0,modis
2024-09-13,-75.43840380285448,4.578478522973256,0.2346,0.8927,0.0,modis
2015-01-01,-75.42560444022662,4.542505699282857,0.5827,0.8171,0.0,modis
2015-01-17,-75.42560444022662,4.542505699282857,0.39640000000000003,0.7821,1.0,modis
2015-02-18,-75.42560444022662,4.542505699282857,0.5993,0.7709,1.0,modis
2015-04-07,-75.42560444022662,4.542505699282857,0.5505,0.8617,0.0,modis
2015-04-23,-75.42560444022662,4.542505699282857,0.4454,0.8672000000000001,1.0,modis
2015-06-10,-75.42560444022662,4.542505699282857,0.37020000000000003,0.7235,1.0,modis
2015-08-29,-75.42560444022662,4.542505699282857,0.3593,0.7072,1.0,modis
2015-09-14,-75.42560444022662,4.542505699282857,0.4263,0.7463000000000001,1.0,modis
2015-10-16,-75.42560444022662,4.542505699282857,0.44580000000000003,0.8908,1.0,modis
2015-11-17,-75.42560444022662,4.542505699282857,0.5049,0.8224,1.0,modis
2015-12-03,-75.42560444022662,4.542505699282857,0.4958,0.8726,0.0,modis
2015-12-19,-75.42560444022662,4.542505699282857,0.5351,0.8588,0.0,modis
2016-01-01,-75.42560444022662,4.542505699282857,0.5344,0.8210000000000001,0.0,modis
2016-01-17,-75.42560444022662,4.542505699282857,0.5934,0.8005,1.0,modis
2016-02-02,-75.42560444022662,4.542505699282857,0.5618000000000001,0.757,1.0,modis
2016-03-05,-75.42560444022662,4.542505699282857,0.4591,0.8407,1.0,modis
2016-03-21,-75.42560444022662,4.542505699282857,0.3945,0.8516,0.0,modis
2016-04-06,-75.42560444022662,4.542505699282857,0.4404,0.8410000000000001,1.0,modis
2016-04-22,-75.42560444022662,4.542505699282857,0.48560000000000003,0.8546,1.0,modis
2016-05-24,-75.42560444022662,4.542505699282857,0.4807,0.8623000000000001,0.0,modis
2016-06-25,-75.42560444022662,4.542505699282857,0.49360000000000004,0.8673000000000001,0.0,modis
2016-07-11,-75.42560444022662,4.542505699282857,0.3929,0.8639,1.0,modis
2016-08-12,-75.42560444022662,4.542505699282857,0.6017,0.7567,0.0,modis
2016-09-13,-75.42560444022662,4.542505699282857,0.4581,0.893,0.0,modis
2016-10-15,-75.42560444022662,4.542505699282857,0.44670000000000004,0.8673000000000001,1.0,modis
2016-10-31,-75.42560444022662,4.542505699282857,0.5887,0.8078000000000001,1.0,modis
2016-11-16,-75.42560444022662,4.542505699282857,0.5223,0.8554,0.0,modis
2017-01-01,-75.42560444022662,4.542505699282857,0.6158,0.8374,1.0,modis
2017-01-17,-75.42560444022662,4.542505699282857,0.43560000000000004,0.9221,1.0,modis
2017-02-02,-75.42560444022662,4.542505699282857,0.5864,0.8230000000000001,0.0,modis
2017-02-18,-75.42560444022662,4.542505699282857,0.602,0.8180000000000001,1.0,modis
2017-03-06,-75.42560444022662,4.542505699282857,0.6147,0.8475,1.0,modis
2017-05-09,-75.42560444022662,4.542505699282857,0.3808,0.747,1.0,modis
2017-07-12,-75.42560444022662,4.542505699282857,0.6095,0.8981,1.0,modis
2017-08-13,-75.42560444022662,4.542505699282857,0.6704,0.8187000000000001,1.0,modis
2017-08-29,-75.42560444022662,4.542505699282857,0.4766,0.8727,1.0,modis
2017-09-14,-75.42560444022662,4.542505699282857,0.5813,0.8552000000000001,1.0,modis
2017-09-30,-75.42560444022662,4.542505699282857,0.6304000000000001,0.8053,1.0,modis
2017-10-16,-75.42560444022662,4.542505699282857,0.6044,0.8285,1.0,modis
2017-11-17,-75.42560444022662,4.542505699282857,0.5281,0.8922,1.0,modis
2017-12-03,-75.42560444022662,4.542505699282857,0.7335,0.8935000000000001,1.0,modis
2017-12-19,-75.42560444022662,4.542505699282857,0.5887,0.8725,1.0,modis
2018-01-01,-75.42560444022662,4.542505699282857,0.5408000000000001,0.8551000000000001,0.0,modis
2018-01-17,-75.42560444022662,4.542505699282857,0.6221,0.8413,1.0,modis
2018-02-18,-75.42560444022662,4.542505699282857,0.49610000000000004,0.8358,0.0,modis
2018-03-06,-75.42560444022662,4.542505699282857,0.5365,0.8214,0.0,modis
2018-04-07,-75.42560444022662,4.542505699282857,0.4312,0.8886000000000001,1.0,modis
2018-07-28,-75.42560444022662,4.542505699282857,0.5082,0.8608,0.0,modis
2018-08-13,-75.42560444022662,4.542505699282857,0.5458000000000001,0.8414,0.0,modis
2018-08-29,-75.42560444022662,4.542505699282857,0.5681,0.8191,1.0,modis
2018-09-14,-75.42560444022662,4.542505699282857,0.5893,0.8643000000000001,0.0,modis
2018-11-01,-75.42560444022662,4.542505699282857,0.5983,0.754,1.0,modis
2018-12-03,-75.42560444022662,4.542505699282857,0.4802,0.8966000000000001,1.0,modis
2018-12-19,-75.42560444022662,4.542505699282857,0.5766,0.8215,0.0,modis
2019-01-01,-75.42560444022662,4.542505699282857,0.5747,0.8187000000000001,0.0,modis
2019-01-17,-75.42560444022662,4.542505699282857,0.5729000000000001,0.8230000000000001,0.0,modis
2019-02-02,-75.42560444022662,4.542505699282857,0.5209,0.7724000000000001,1.0,modis
2019-02-18,-75.42560444022662,4.542505699282857,0.41340000000000005,0.7988000000000001,1.0,modis
2019-04-07,-75.42560444022662,4.542505699282857,0.5943,0.8371000000000001,1.0,modis
2019-04-23,-75.42560444022662,4.542505699282857,0.5361,0.8232,0.0,modis
2019-05-25,-75.42560444022662,4.542505699282857,0.5853,0.8609,1.0,modis
2019-06-26,-75.42560444022662,4.542505699282857,0.48800000000000004,0.7947000000000001,1.0,modis
2019-10-16,-75.42560444022662,4.542505699282857,0.6627000000000001,0.8806,1.0,modis
2019-11-17,-75.42560444022662,4.542505699282857,0.5910000000000001,0.8425,1.0,modis
2020-01-01,-75.42560444022662,4.542505699282857,0.4098,0.8867,1.0,modis
2020-01-17,-75.42560444022662,4.542505699282857,0.5066,0.7416,1.0,modis
2020-02-02,-75.42560444022662,4.542505699282857,0.5408000000000001,0.7798,0.0,modis
2020-02-18,-75.42560444022662,4.542505699282857,0.44780000000000003,0.6077,1.0,modis
2020-03-05,-75.42560444022662,4.542505699282857,0.49110000000000004,0.8493,0.0,modis
2020-03-21,-75.42560444022662,4.542505699282857,0.437,0.8367,0.0,modis
2020-04-06,-75.42560444022662,4.542505699282857,0.5399,0.7108,1.0,modis
2020-05-08,-75.42560444022662,4.542505699282857,0.49410000000000004,0.669,1.0,modis
2020-05-24,-75.42560444022662,4.542505699282857,0.49420000000000003,0.8311000000000001,0.0,modis
2020-06-09,-75.42560444022662,4.542505699282857,0.43110000000000004,0.8522000000000001,0.0,modis
2020-07-11,-75.42560444022662,4.542505699282857,0.6863,0.7723,1.0,modis
2020-07-27,-75.42560444022662,4.542505699282857,0.5711,0.8265,0.0,modis
2020-08-28,-75.42560444022662,4.542505699282857,0.6453,0.7583000000000001,1.0,modis
2020-10-15,-75.42560444022662,4.542505699282857,0.47340000000000004,0.8381000000000001,1.0,modis
2020-10-31,-75.42560444022662,4.542505699282857,0.6422,0.8708,0.0,modis
2020-12-02,-75.42560444022662,4.542505699282857,0.5818,0.8193,1.0,modis
2021-01-01,-75.42560444022662,4.542505699282857,0.632,0.8418,1.0,modis
2021-01-17,-75.42560444022662,4.542505699282857,0.6108,0.8134,1.0,modis
2021-03-06,-75.42560444022662,4.542505699282857,0.6133000000000001,0.8172,1.0,modis
2021-04-07,-75.42560444022662,4.542505699282857,0.5859,0.7262000000000001,1.0,modis
2021-05-25,-75.42560444022662,4.542505699282857,0.4131,0.8498,1.0,modis
2021-06-10,-75.42560444022662,4.542505699282857,0.4021,0.8717,1.0,modis
2021-06-26,-75.42560444022662,4.542505699282857,0.5236000000000001,0.7837000000000001,0.0,modis
2021-08-29,-75.42560444022662,4.542505699282857,0.6192000000000001,0.8845000000000001,1.0,modis
2021-09-14,-75.42560444022662,4.542505699282857,0.6369,0.8271000000000001,0.0,modis
2021-09-30,-75.42560444022662,4.542505699282857,0.6092000000000001,0.8956000000000001,1.0,modis
2021-10-16,-75.42560444022662,4.542505699282857,0.6421,0.8603000000000001,1.0,modis
2021-11-17,-75.42560444022662,4.542505699282857,0.5644,0.8744000000000001,0.0,modis
2021-12-03,-75.42560444022662,4.542505699282857,0.4324,0.8789,1.0,modis
2021-12-19,-75.42560444022662,4.542505699282857,0.6774,0.873,1.0,modis
2022-01-01,-75.42560444022662,4.542505699282857,0.5607,0.8270000000000001,0.0,modis
2022-01-17,-75.42560444022662,4.542505699282857,0.6111,0.8849,1.0,modis
2022-02-02,-75.42560444022662,4.542505699282857,0.3986,0.8061,1.0,modis
2022-02-18,-75.42560444022662,4.542505699282857,0.4827,0.758,1.0,modis
2022-03-06,-75.42560444022662,4.542505699282857,0.342,0.884,1.0,modis
2022-04-23,-75.42560444022662,4.542505699282857,0.38230000000000003,0.8455,1.0,modis
2022-06-10,-75.42560444022662,4.542505699282857,0.44870000000000004,0.8489,0.0,modis
2022-08-13,-75.42560444022662,4.542505699282857,0.4429,0.8721,1.0,modis
2022-08-29,-75.42560444022662,4.542505699282857,0.46880000000000005,0.6332,1.0,modis
2022-09-30,-75.42560444022662,4.542505699282857,0.7017,0.8623000000000001,1.0,modis
2022-10-16,-75.42560444022662,4.542505699282857,0.4642,0.7211000000000001,1.0,modis
2022-11-17,-75.42560444022662,4.542505699282857,0.45420000000000005,0.8644000000000001,1.0,modis
2022-12-19,-75.42560444022662,4.542505699282857,0.45530000000000004,0.7962,1.0,modis
2023-01-17,-75.42560444022662,4.542505699282857,0.4862,0.8463,0.0,modis
2023-02-02,-75.42560444022662,4.542505699282857,0.6671,0.8330000000000001,1.0,modis
2023-02-18,-75.42560444022662,4.542505699282857,0.4913,0.8662000000000001,1.0,modis
2023-03-06,-75.42560444022662,4.542505699282857,0.6128,0.7889,1.0,modis
2023-04-23,-75.42560444022662,4.542505699282857,0.44170000000000004,0.7973,1.0,modis
2023-05-09,-75.42560444022662,4.542505699282857,0.4964,0.8152,1.0,modis
2023-05-25,-75.42560444022662,4.542505699282857,0.3992,0.8776,0.0,modis
2023-06-10,-75.42560444022662,4.542505699282857,0.5788,0.8289000000000001,0.0,modis
2023-06-26,-75.42560444022662,4.542505699282857,0.3637,0.7457,1.0,modis
2023-07-28,-75.42560444022662,4.542505699282857,0.5508000000000001,0.8714000000000001,0.0,modis
2023-08-13,-75.42560444022662,4.542505699282857,0.4344,0.8798,0.0,modis
2023-08-29,-75.42560444022662,4.542505699282857,0.7059000000000001,0.8022,0.0,modis
2023-09-14,-75.42560444022662,4.542505699282857,0.6584,0.8065,1.0,modis
2023-09-30,-75.42560444022662,4.542505699282857,0.5244,0.8489,1.0,modis
2023-11-01,-75.42560444022662,4.542505699282857,0.6325000000000001,0.8442000000000001,1.0,modis
2023-12-19,-75.42560444022662,4.542505699282857,0.6425000000000001,0.8176,1.0,modis
2024-01-01,-75.42560444022662,4.542505699282857,0.6339,0.8391000000000001,1.0,modis
2024-01-17,-75.42560444022662,4.542505699282857,0.5889,0.7977000000000001,0.0,modis
2024-02-02,-75.42560444022662,4.542505699282857,0.5267000000000001,0.7135,1.0,modis
2024-02-18,-75.42560444022662,4.542505699282857,0.5049,0.8214,1.0,modis
2024-03-05,-75.42560444022662,4.542505699282857,0.4151,0.7105,1.0,modis
2024-04-06,-75.42560444022662,4.542505699282857,0.3153,0.8155,1.0,modis
2024-04-22,-75.42560444022662,4.542505699282857,0.5013000000000001,0.6679,1.0,modis
2024-05-08,-75.42560444022662,4.542505699282857,0.39,0.8536,0.0,modis
2024-06-25,-75.42560444022662,4.542505699282857,0.3663,0.8594,1.0,modis
2024-08-12,-75.42560444022662,4.542505699282857,0.38870000000000005,0.8692000000000001,1.0,modis
2024-08-28,-75.42560444022662,4.542505699282857,0.5377000000000001,0.8319000000000001,0.0,modis
2024-09-13,-75.42560444022662,4.542505699282857,0.49610000000000004,0.8774000000000001,0.0,modis
2024-09-29,-75.42560444022662,4.542505699282857,0.5163,0.8645,1.0,modis
2024-10-15,-75.42560444022662,4.542505699282857,0.6741,0.8320000000000001,0.0,modis
2024-10-31,-75.42560444022662,4.542505699282857,0.7079000000000001,0.8285,1.0,modis
2024-12-02,-75.42560444022662,4.542505699282857,0.5436,0.8496,0.0,modis
2024-12-18,-75.42560444022662,4.542505699282857,0.6422,0.8474,1.0,modis
2015-01-01,-75.41190408479784,4.497539669669868,0.4893,0.7869,0.0,modis
2015-01-17,-75.41190408479784,4.497539669669868,0.48190000000000005,0.8054,1.0,modis
2015-02-18,-75.41190408479784,4.497539669669868,0.4983,0.6967,1.0,modis
2015-03-06,-75.41190408479784,4.497539669669868,0.5736,0.7314,1.0,modis
2015-03-22,-75.41190408479784,4.497539669669868,0.377,0.7146,1.0,modis
2015-04-07,-75.41190408479784,4.497539669669868,0.5628000000000001,0.7966000000000001,0.0,modis
2015-04-23,-75.41190408479784,4.497539669669868,0.402,0.8694000000000001,1.0,modis
2015-05-09,-75.41190408479784,4.497539669669868,0.5588000000000001,0.7411,1.0,modis
2015-06-10,-75.41190408479784,4.497539669669868,0.5109,0.8602000000000001,1.0,modis
2015-06-26,-75.41190408479784,4.497539669669868,0.41250000000000003,0.8054,1.0,modis
2015-07-12,-75.41190408479784,4.497539669669868,0.6113000000000001,0.7899,1.0,modis
2015-07-28,-75.41190408479784,4.497539669669868,0.6187,0.7478,1.0,modis
2015-08-13,-75.41190408479784,4.497539669669868,0.5927,0.7849,0.0,modis
2015-09-14,-75.41190408479784,4.497539669669868,0.5254,0.7618,0.0,modis
2015-10-16,-75.41190408479784,4.497539669669868,0.5623,0.7635000000000001,1.0,modis
2015-11-17,-75.41190408479784,4.497539669669868,0.3251,0.727,1.0,modis
2015-12-03,-75.41190408479784,4.497539669669868,0.4736,0.8130000000000001,0.0,modis
2015-12-19,-75.41190408479784,4.497539669669868,0.4932,0.7845000000000001,0.0,modis
2016-01-01,-75.41190408479784,4.497539669669868,0.4455,0.6874,0.0,modis
2016-01-17,-75.41190408479784,4.497539669669868,0.4632,0.6771,0.0,modis
2016-02-02,-75.41190408479784,4.497539669669868,0.42960000000000004,0.641,0.0,modis
2016-03-05,-75.41190408479784,4.497539669669868,0.4811,0.7301000000000001,1.0,modis
2016-03-21,-75.41190408479784,4.497539669669868,0.448,0.7119000000000001,1.0,modis
2016-04-06,-75.41190408479784,4.497539669669868,0.5137,0.8452000000000001,1.0,modis
2016-04-22,-75.41190408479784,4.497539669669868,0.5775,0.8163,1.0,modis
2016-05-08,-75.41190408479784,4.497539669669868,0.4853,0.8283,1.0,modis
2016-05-24,-75.41190408479784,4.497539669669868,0.4975,0.8001,0.0,modis
2016-06-09,-75.41190408479784,4.497539669669868,0.47350000000000003,0.8564,0.0,modis
2016-06-25,-75.41190408479784,4.497539669669868,0.5439,0.8066,0.0,modis
2016-07-11,-75.41190408479784,4.497539669669868,0.42810000000000004,0.8267,1.0,modis
2016-07-27,-75.41190408479784,4.497539669669868,0.5842,0.7905000000000001,1.0,modis
2016-08-12,-75.41190408479784,4.497539669669868,0.5377000000000001,0.7596,0.0,modis
2016-08-28,-75.41190408479784,4.497539669669868,0.5473,0.8029000000000001,1.0,modis
2016-09-13,-75.41190408479784,4.497539669669868,0.6402,0.7096,1.0,modis
2016-09-29,-75.41190408479784,4.497539669669868,0.5798,0.8307,1.0,modis
2016-10-15,-75.41190408479784,4.497539669669868,0.5568000000000001,0.8088000000000001,1.0,modis
2016-11-16,-75.41190408479784,4.497539669669868,0.47250000000000003,0.7909,0.0,modis
2016-12-18,-75.41190408479784,4.497539669669868,0.4158,0.7653000000000001,1.0,modis
2017-01-01,-75.41190408479784,4.497539669669868,0.5535,0.7835000000000001,0.0,modis
2017-01-17,-75.41190408479784,4.497539669669868,0.4515,0.8304,0.0,modis
2017-02-02,-75.41190408479784,4.497539669669868,0.4242,0.8183,0.0,modis
2017-04-23,-75.41190408479784,4.497539669669868,0.535,0.8504,1.0,modis
2017-05-25,-75.41190408479784,4.497539669669868,0.436,0.6311,1.0,modis
2017-07-12,-75.41190408479784,4.497539669669868,0.5625,0.8200000000000001,1.0,modis
2017-08-13,-75.41190408479784,4.497539669669868,0.6011000000000001,0.8229000000000001,1.0,modis
2017-08-29,-75.41190408479784,4.497539669669868,0.5543,0.7396,1.0,modis
2017-09-14,-75.41190408479784,4.497539669669868,0.3936,0.7858,0.0,modis
2017-10-16,-75.41190408479784,4.497539669669868,0.5583,0.7712,1.0,modis
2017-11-01,-75.41190408479784,4.497539669669868,0.5394,0.655,1.0,modis
2017-12-03,-75.41190408479784,4.497539669669868,0.4898,0.8411000000000001,1.0,modis
2017-12-19,-75.41190408479784,4.497539669669868,0.5414,0.8131,0.0,modis
2018-01-01,-75.41190408479784,4.497539669669868,0.5214,0.8031,0.0,modis
2018-01-17,-75.41190408479784,4.497539669669868,0.5352,0.8259000000000001,1.0,modis
2018-02-02,-75.41190408479784,4.497539669669868,0.5211,0.7675000000000001,1.0,modis
2018-03-06,-75.41190408479784,4.497539669669868,0.4919,0.736,0.0,modis
2018-04-07,-75.41190408479784,4.497539669669868,0.5185000000000001,0.7634000000000001,1.0,modis
2018-05-25,-75.41190408479784,4.497539669669868,0.44010000000000005,0.7578,1.0,modis
2018-06-10,-75.41190408479784,4.497539669669868,0.5922000000000001,0.8249000000000001,0.0,modis
2018-06-26,-75.41190408479784,4.497539669669868,0.5543,0.7158,1.0,modis
2018-07-12,-75.41190408479784,4.497539669669868,0.5605,0.8014,1.0,modis
2018-07-28,-75.41190408479784,4.497539669669868,0.536,0.8076,0.0,modis
2018-08-13,-75.41190408479784,4.497539669669868,0.5935,0.8215,0.0,modis
2018-08-29,-75.41190408479784,4.497539669669868,0.5944,0.7725000000000001,0.0,modis
2018-09-14,-75.41190408479784,4.497539669669868,0.5717,0.7973,0.0,modis
2018-10-16,-75.41190408479784,4.497539669669868,0.48450000000000004,0.6962,1.0,modis
2018-11-01,-75.41190408479784,4.497539669669868,0.5816,0.7914,1.0,modis
2018-11-17,-75.41190408479784,4.497539669669868,0.4869,0.8679,1.0,modis
2018-12-03,-75.41190408479784,4.497539669669868,0.5677,0.8317,1.0,modis
2018-12-19,-75.41190408479784,4.497539669669868,0.5024000000000001,0.7625000000000001,0.0,modis
2019-01-01,-75.41190408479784,4.497539669669868,0.5024000000000001,0.7443000000000001,0.0,modis
2019-01-17,-75.41190408479784,4.497539669669868,0.505,0.7427,0.0,modis
2019-02-02,-75.41190408479784,4.497539669669868,0.4403,0.7226,1.0,modis
2019-02-18,-75.41190408479784,4.497539669669868,0.43,0.7861,0.0,modis
2019-04-07,-75.41190408479784,4.497539669669868,0.526,0.7459,1.0,modis
2019-04-23,-75.41190408479784,4.497539669669868,0.5261,0.7686000000000001,0.0,modis
2019-05-09,-75.41190408479784,4.497539669669868,0.5705,0.8280000000000001,1.0,modis
2019-05-25,-75.41190408479784,4.497539669669868,0.44880000000000003,0.8345,0.0,modis
2019-06-10,-75.41190408479784,4.497539669669868,0.5598000000000001,0.8328,0.0,modis
2019-06-26,-75.41190408479784,4.497539669669868,0.5523,0.7931,0.0,modis
2019-07-28,-75.41190408479784,4.497539669669868,0.4923,0.8291000000000001,1.0,modis
2019-08-29,-75.41190408479784,4.497539669669868,0.5249,0.7251000000000001,1.0,modis
2019-11-01,-75.41190408479784,4.497539669669868,0.5798,0.8549,1.0,modis
2019-11-17,-75.41190408479784,4.497539669669868,0.5384,0.7966000000000001,0.0,modis
2019-12-19,-75.41190408479784,4.497539669669868,0.5875,0.8231,0.0,modis
2020-01-01,-75.41190408479784,4.497539669669868,0.4877,0.7957000000000001,0.0,modis
2020-02-02,-75.41190408479784,4.497539669669868,0.4867,0.7431,0.0,modis
2020-02-18,-75.41190408479784,4.497539669669868,0.438,0.7365,0.0,modis
2020-03-05,-75.41190408479784,4.497539669669868,0.46630000000000005,0.7541,0.0,modis
2020-04-06,-75.41190408479784,4.497539669669868,0.4922,0.6880000000000001,1.0,modis
2020-05-08,-75.41190408479784,4.497539669669868,0.501,0.7809,1.0,modis
2020-05-24,-75.41190408479784,4.497539669669868,0.44680000000000003,0.8280000000000001,0.0,modis
2020-06-09,-75.41190408479784,4.497539669669868,0.4912,0.8012,0.0,modis
2020-07-11,-75.41190408479784,4.497539669669868,0.4999,0.8675,1.0,modis
2020-07-27,-75.41190408479784,4.497539669669868,0.5299,0.7844,0.0,modis
2020-08-12,-75.41190408479784,4.497539669669868,0.5594,0.8133,1.0,modis
2020-09-13,-75.41190408479784,4.497539669669868,0.40090000000000003,0.8425,1.0,modis
2020-10-15,-75.41190408479784,4.497539669669868,0.5412,0.7204,1.0,modis
2020-10-31,-75.41190408479784,4.497539669669868,0.6183000000000001,0.8315,1.0,modis
2020-12-02,-75.41190408479784,4.497539669669868,0.5469,0.7868,0.0,modis
2020-12-18,-75.41190408479784,4.497539669669868,0.3159,0.6177,1.0,modis
2021-01-01,-75.41190408479784,4.497539669669868,0.5818,0.794,1.0,modis
2021-01-17,-75.41190408479784,4.497539669669868,0.536,0.7462000000000001,0.0,modis
2021-03-22,-75.41190408479784,4.497539669669868,0.5578000000000001,0.7933,1.0,modis
2021-04-07,-75.41190408479784,4.497539669669868,0.5936,0.7825000000000001,1.0,modis
2021-05-09,-75.41190408479784,4.497539669669868,0.6411,0.8144,1.0,modis
2021-05-25,-75.41190408479784,4.497539669669868,0.5146000000000001,0.8384,1.0,modis
2021-06-10,-75.41190408479784,4.497539669669868,0.5287000000000001,0.7935,0.0,modis
2021-06-26,-75.41190408479784,4.497539669669868,0.5762,0.7854,0.0,modis
2021-08-29,-75.41190408479784,4.497539669669868,0.622,0.8515,1.0,modis
2021-09-14,-75.41190408479784,4.497539669669868,0.6216,0.7993,0.0,modis
2021-09-30,-75.41190408479784,4.497539669669868,0.5666,0.7016,1.0,modis
2021-10-16,-75.41190408479784,4.497539669669868,0.6525000000000001,0.8562000000000001,1.0,modis
2021-11-17,-75.41190408479784,4.497539669669868,0.5386000000000001,0.8105,0.0,modis
2021-12-03,-75.41190408479784,4.497539669669868,0.5481,0.8280000000000001,1.0,modis
2021-12-19,-75.41190408479784,4.497539669669868,0.5047,0.8545,1.0,modis
2022-01-01,-75.41190408479784,4.497539669669868,0.5690000000000001,0.7924,0.0,modis
2022-04-07,-75.41190408479784,4.497539669669868,0.5594,0.7514000000000001,1.0,modis
2022-04-23,-75.41190408479784,4.497539669669868,0.617,0.8725,1.0,modis
2022-06-10,-75.41190408479784,4.497539669669868,0.5226000000000001,0.8482000000000001,0.0,modis
2022-07-28,-75.41190408479784,4.497539669669868,0.506,0.7742,1.0,modis
2022-08-13,-75.41190408479784,4.497539669669868,0.5995,0.8330000000000001,1.0,modis
2022-08-29,-75.41190408479784,4.497539669669868,0.6599,0.8263,1.0,modis
2022-09-14,-75.41190408479784,4.497539669669868,0.6263000000000001,0.6769000000000001,1.0,modis
2022-09-30,-75.41190408479784,4.497539669669868,0.6424000000000001,0.8253,1.0,modis
2022-11-01,-75.41190408479784,4.497539669669868,0.5449,0.8504,1.0,modis
2022-11-17,-75.41190408479784,4.497539669669868,0.6283000000000001,0.8557,1.0,modis
2022-12-03,-75.41190408479784,4.497539669669868,0.5339,0.7993,1.0,modis
2022-12-19,-75.41190408479784,4.497539669669868,0.46040000000000003,0.8615,1.0,modis
2023-01-17,-75.41190408479784,4.497539669669868,0.4601,0.8207,0.0,modis
2023-02-02,-75.41190408479784,4.497539669669868,0.5437000000000001,0.7899,1.0,modis
2023-02-18,-75.41190408479784,4.497539669669868,0.518,0.8016000000000001,1.0,modis
2023-03-06,-75.41190408479784,4.497539669669868,0.5643,0.7339,1.0,modis
2023-05-09,-75.41190408479784,4.497539669669868,0.6272,0.8408,1.0,modis
2023-05-25,-75.41190408479784,4.497539669669868,0.49870000000000003,0.8349000000000001,0.0,modis
2023-06-10,-75.41190408479784,4.497539669669868,0.5982000000000001,0.8083,0.0,modis
2023-06-26,-75.41190408479784,4.497539669669868,0.5332,0.7856000000000001,1.0,modis
2023-07-12,-75.41190408479784,4.497539669669868,0.5976,0.7771,1.0,modis
2023-07-28,-75.41190408479784,4.497539669669868,0.6362,0.8189000000000001,0.0,modis
2023-08-13,-75.41190408479784,4.497539669669868,0.4893,0.8036000000000001,0.0,modis
2023-08-29,-75.41190408479784,4.497539669669868,0.6046,0.7752,0.0,modis
2023-09-14,-75.41190408479784,4.497539669669868,0.5958,0.792,1.0,modis
2023-09-30,-75.41190408479784,4.497539669669868,0.543,0.7922,1.0,modis
2023-11-01,-75.41190408479784,4.497539669669868,0.3945,0.7545000000000001,1.0,modis
2023-12-03,-75.41190408479784,4.497539669669868,0.5933,0.777,1.0,modis
2023-12-19,-75.41190408479784,4.497539669669868,0.48550000000000004,0.8270000000000001,1.0,modis
2024-01-01,-75.41190408479784,4.497539669669868,0.5718,0.7699,0.0,modis
2024-01-17,-75.41190408479784,4.497539669669868,0.49310000000000004,0.7070000000000001,0.0,modis
2024-02-02,-75.41190408479784,4.497539669669868,0.4383,0.5931000000000001,1.0,modis
2024-02-18,-75.41190408479784,4.497539669669868,0.35400000000000004,0.6785,1.0,modis
2024-03-05,-75.41190408479784,4.497539669669868,0.40750000000000003,0.678,0.0,modis
2024-03-21,-75.41190408479784,4.497539669669868,0.4449,0.5786,1.0,modis
2024-04-06,-75.41190408479784,4.497539669669868,0.2973,0.7769,1.0,modis
2024-04-22,-75.41190408479784,4.497539669669868,0.5682,0.781,1.0,modis
2024-05-08,-75.41190408479784,4.497539669669868,0.435,0.8540000000000001,0.0,modis
2024-05-24,-75.41190408479784,4.497539669669868,0.5583,0.8562000000000001,1.0,modis
2024-06-25,-75.41190408479784,4.497539669669868,0.5954,0.8390000000000001,0.0,modis
2024-08-12,-75.41190408479784,4.497539669669868,0.6227,0.7847000000000001,0.0,modis
2024-08-28,-75.41190408479784,4.497539669669868,0.5921000000000001,0.801,1.0,modis
2024-09-13,-75.41190408479784,4.497539669669868,0.5192,0.8171,0.0,modis
2024-09-29,-75.41190408479784,4.497539669669868,0.5813,0.8510000000000001,1.0,modis
2024-10-15,-75.41190408479784,4.497539669669868,0.6261,0.7889,0.0,modis
2024-10-31,-75.41190408479784,4.497539669669868,0.6309,0.8181,1.0,modis
2024-11-16,-75.41190408479784,4.497539669669868,0.6266,0.7984,1.0,modis
2024-12-02,-75.41190408479784,4.497539669669868,0.5371,0.7806000000000001,0.0,modis
2024-12-18,-75.41190408479784,4.497539669669868,0.5680000000000001,0.759,1.0,modis
2015-01-01,-75.40756135239734,4.542505699282857,0.4988,0.8177000000000001,0.0,modis
2015-01-17,-75.40756135239734,4.542505699282857,0.5471,0.6458,1.0,modis
2015-04-07,-75.40756135239734,4.542505699282857,0.6026,0.8286,1.0,modis
2015-04-23,-75.40756135239734,4.542505699282857,0.44680000000000003,0.8873000000000001,1.0,modis
2015-06-10,-75.40756135239734,4.542505699282857,0.3249,0.6519,1.0,modis
2015-07-12,-75.40756135239734,4.542505699282857,0.5284,0.8046000000000001,0.0,modis
2015-09-14,-75.40756135239734,4.542505699282857,0.38570000000000004,0.8500000000000001,1.0,modis
2015-10-16,-75.40756135239734,4.542505699282857,0.43870000000000003,0.9169,1.0,modis
2015-11-17,-75.40756135239734,4.542505699282857,0.461,0.7909,1.0,modis
2015-12-03,-75.40756135239734,4.542505699282857,0.4581,0.8466,0.0,modis
2015-12-19,-75.40756135239734,4.542505699282857,0.40140000000000003,0.8715,0.0,modis
2016-01-01,-75.40756135239734,4.542505699282857,0.5235000000000001,0.79,0.0,modis
2016-01-17,-75.40756135239734,4.542505699282857,0.3587,0.8175,1.0,modis
2016-02-02,-75.40756135239734,4.542505699282857,0.522,0.7522000000000001,1.0,modis
2016-03-21,-75.40756135239734,4.542505699282857,0.39980000000000004,0.8216,0.0,modis
2016-04-06,-75.40756135239734,4.542505699282857,0.4147,0.7629,1.0,modis
2016-04-22,-75.40756135239734,4.542505699282857,0.41190000000000004,0.7497,1.0,modis
2016-05-24,-75.40756135239734,4.542505699282857,0.2313,0.6354000000000001,1.0,modis
2016-06-09,-75.40756135239734,4.542505699282857,0.431,0.7685000000000001,1.0,modis
2016-06-25,-75.40756135239734,4.542505699282857,0.5095000000000001,0.8180000000000001,0.0,modis
2016-07-11,-75.40756135239734,4.542505699282857,0.4062,0.8314,1.0,modis
2016-09-13,-75.40756135239734,4.542505699282857,0.6419,0.7067,1.0,modis
2016-09-29,-75.40756135239734,4.542505699282857,0.5351,0.8305,1.0,modis
2016-10-15,-75.40756135239734,4.542505699282857,0.5161,0.8742000000000001,1.0,modis
2016-10-31,-75.40756135239734,4.542505699282857,0.5790000000000001,0.7751,1.0,modis
2016-11-16,-75.40756135239734,4.542505699282857,0.49160000000000004,0.8348,0.0,modis
2017-01-01,-75.40756135239734,4.542505699282857,0.5724,0.6875,1.0,modis
2017-01-17,-75.40756135239734,4.542505699282857,0.49920000000000003,0.8179000000000001,0.0,modis
2017-02-02,-75.40756135239734,4.542505699282857,0.4026,0.8369000000000001,0.0,modis
2017-02-18,-75.40756135239734,4.542505699282857,0.47390000000000004,0.8445,1.0,modis
2017-08-29,-75.40756135239734,4.542505699282857,0.4061,0.8723000000000001,0.0,modis
2017-09-14,-75.40756135239734,4.542505699282857,0.5437000000000001,0.8178000000000001,1.0,modis
2017-11-17,-75.40756135239734,4.542505699282857,0.4823,0.8659,1.0,modis
2017-12-03,-75.40756135239734,4.542505699282857,0.4435,0.8534,1.0,modis
2018-01-01,-75.40756135239734,4.542505699282857,0.5189,0.8049000000000001,0.0,modis
2018-01-17,-75.40756135239734,4.542505699282857,0.2846,0.6577000000000001,1.0,modis
2018-02-02,-75.40756135239734,4.542505699282857,0.39440000000000003,0.7626000000000001,1.0,modis
2018-02-18,-75.40756135239734,4.542505699282857,0.4892,0.802,0.0,modis
2018-03-06,-75.40756135239734,4.542505699282857,0.5459,0.7818,0.0,modis
2018-04-07,-75.40756135239734,4.542505699282857,0.33430000000000004,0.8073,1.0,modis
2018-07-28,-75.40756135239734,4.542505699282857,0.496,0.8409000000000001,0.0,modis
2018-08-13,-75.40756135239734,4.542505699282857,0.4122,0.756,0.0,modis
2018-09-14,-75.40756135239734,4.542505699282857,0.5579000000000001,0.8081,0.0,modis
2018-09-30,-75.40756135239734,4.542505699282857,0.668,0.7312000000000001,1.0,modis
2018-12-03,-75.40756135239734,4.542505699282857,0.3153,0.8211,1.0,modis
2018-12-19,-75.40756135239734,4.542505699282857,0.5790000000000001,0.8014,0.0,modis
2019-01-01,-75.40756135239734,4.542505699282857,0.5790000000000001,0.8014,0.0,modis
2019-01-17,-75.40756135239734,4.542505699282857,0.5335,0.7427,1.0,modis
2019-02-18,-75.40756135239734,4.542505699282857,0.254,0.8905000000000001,1.0,modis
2019-03-22,-75.40756135239734,4.542505699282857,0.5119,0.624,1.0,modis
2019-04-23,-75.40756135239734,4.542505699282857,0.5608000000000001,0.8055,0.0,modis
2019-05-25,-75.40756135239734,4.542505699282857,0.6673,0.8542000000000001,1.0,modis
2019-06-26,-75.40756135239734,4.542505699282857,0.37510000000000004,0.8037000000000001,1.0,modis
2019-08-29,-75.40756135239734,4.542505699282857,0.4389,0.7787000000000001,1.0,modis
2019-11-17,-75.40756135239734,4.542505699282857,0.5650000000000001,0.7187,1.0,modis
2020-01-01,-75.40756135239734,4.542505699282857,0.5958,0.776,1.0,modis
2020-02-02,-75.40756135239734,4.542505699282857,0.41850000000000004,0.8284,1.0,modis
2020-02-18,-75.40756135239734,4.542505699282857,0.374,0.7721,1.0,modis
2020-03-05,-75.40756135239734,4.542505699282857,0.4577,0.8019000000000001,0.0,modis
2020-03-21,-75.40756135239734,4.542505699282857,0.49720000000000003,0.7805000000000001,0.0,modis
2020-04-06,-75.40756135239734,4.542505699282857,0.3054,0.6826,1.0,modis
2020-05-24,-75.40756135239734,4.542505699282857,0.4828,0.7316,1.0,modis
2020-06-09,-75.40756135239734,4.542505699282857,0.5198,0.7898000000000001,0.0,modis
2020-07-27,-75.40756135239734,4.542505699282857,0.5546,0.8111,0.0,modis
2020-08-12,-75.40756135239734,4.542505699282857,0.3786,0.8041,1.0,modis
2020-10-15,-75.40756135239734,4.542505699282857,0.4969,0.869,1.0,modis
2020-10-31,-75.40756135239734,4.542505699282857,0.561,0.7535000000000001,1.0,modis
2020-11-16,-75.40756135239734,4.542505699282857,0.4148,0.8076,1.0,modis
2021-01-17,-75.40756135239734,4.542505699282857,0.34890000000000004,0.7315,1.0,modis
2021-05-25,-75.40756135239734,4.542505699282857,0.47590000000000005,0.8326,1.0,modis
2021-06-26,-75.40756135239734,4.542505699282857,0.5603,0.7200000000000001,0.0,modis
2021-08-29,-75.40756135239734,4.542505699282857,0.3682,0.9214,1.0,modis
2021-09-14,-75.40756135239734,4.542505699282857,0.5776,0.6676000000000001,0.0,modis
2021-09-30,-75.40756135239734,4.542505699282857,0.5264,0.8134,1.0,modis
2021-11-01,-75.40756135239734,4.542505699282857,0.5716,0.7168,1.0,modis
2021-11-17,-75.40756135239734,4.542505699282857,0.46630000000000005,0.8766,1.0,modis
2021-12-19,-75.40756135239734,4.542505699282857,0.643,0.8201,1.0,modis
2022-01-01,-75.40756135239734,4.542505699282857,0.5306000000000001,0.8081,0.0,modis
2022-01-17,-75.40756135239734,4.542505699282857,0.5683,0.8191,1.0,modis
2022-02-02,-75.40756135239734,4.542505699282857,0.3981,0.7782,1.0,modis
2022-03-06,-75.40756135239734,4.542505699282857,0.33530000000000004,0.7015,1.0,modis
2022-06-10,-75.40756135239734,4.542505699282857,0.5207,0.7693,0.0,modis
2022-08-13,-75.40756135239734,4.542505699282857,0.35860000000000003,0.8295,1.0,modis
2022-09-30,-75.40756135239734,4.542505699282857,0.23570000000000002,0.7120000000000001,1.0,modis
2022-10-16,-75.40756135239734,4.542505699282857,0.5202,0.8355,1.0,modis
2022-11-17,-75.40756135239734,4.542505699282857,0.2795,0.7555000000000001,1.0,modis
2022-12-03,-75.40756135239734,4.542505699282857,0.5041,0.8029000000000001,1.0,modis
2022-12-19,-75.40756135239734,4.542505699282857,0.33490000000000003,0.6089,1.0,modis
2023-01-17,-75.40756135239734,4.542505699282857,0.4708,0.8310000000000001,0.0,modis
2023-02-02,-75.40756135239734,4.542505699282857,0.5334,0.7919,1.0,modis
2023-02-18,-75.40756135239734,4.542505699282857,0.3468,0.8812000000000001,1.0,modis
2023-04-23,-75.40756135239734,4.542505699282857,0.39080000000000004,0.7904,1.0,modis
2023-05-09,-75.40756135239734,4.542505699282857,0.5885,0.8410000000000001,1.0,modis
2023-05-25,-75.40756135239734,4.542505699282857,0.4485,0.8374,0.0,modis
2023-06-10,-75.40756135239734,4.542505699282857,0.5399,0.7553000000000001,0.0,modis
2023-08-13,-75.40756135239734,4.542505699282857,0.43660000000000004,0.8286,0.0,modis
2023-08-29,-75.40756135239734,4.542505699282857,0.6674,0.781,0.0,modis
2023-09-14,-75.40756135239734,4.542505699282857,0.6208,0.7611,1.0,modis
2023-09-30,-75.40756135239734,4.542505699282857,0.4037,0.6002000000000001,1.0,modis
2023-11-01,-75.40756135239734,4.542505699282857,0.6024,0.796,1.0,modis
2023-12-03,-75.40756135239734,4.542505699282857,0.32780000000000004,0.8490000000000001,1.0,modis
2024-01-01,-75.40756135239734,4.542505699282857,0.19410000000000002,0.5517000000000001,1.0,modis
2024-01-17,-75.40756135239734,4.542505699282857,0.6258,0.7729,0.0,modis
2024-02-02,-75.40756135239734,4.542505699282857,0.5544,0.7411,1.0,modis
2024-02-18,-75.40756135239734,4.542505699282857,0.3209,0.7753,1.0,modis
2024-04-06,-75.40756135239734,4.542505699282857,0.336,0.8174,1.0,modis
2024-04-22,-75.40756135239734,4.542505699282857,0.5646,0.861,1.0,modis
2024-05-08,-75.40756135239734,4.542505699282857,0.4228,0.8552000000000001,0.0,modis
2024-06-25,-75.40756135239734,4.542505699282857,0.4787,0.8577,1.0,modis
2024-07-11,-75.40756135239734,4.542505699282857,0.443,0.7725000000000001,1.0,modis
2024-08-12,-75.40756135239734,4.542505699282857,0.4551,0.8637,1.0,modis
2024-08-28,-75.40756135239734,4.542505699282857,0.52,0.7864,0.0,modis
2024-09-13,-75.40756135239734,4.542505699282857,0.4964,0.8589,0.0,modis
2024-09-29,-75.40756135239734,4.542505699282857,0.4042,0.8434,1.0,modis
2024-10-15,-75.40756135239734,4.542505699282857,0.6435000000000001,0.8072,0.0,modis
2024-12-02,-75.40756135239734,4.542505699282857,0.4887,0.7247,0.0,modis
2015-01-01,-75.40451578702155,4.4255940222890855,0.43820000000000003,0.7678,0.0,modis
2015-01-17,-75.40451578702155,4.4255940222890855,0.43360000000000004,0.8106,1.0,modis
2015-02-02,-75.40451578702155,4.4255940222890855,0.3665,0.8401000000000001,1.0,modis
2015-02-18,-75.40451578702155,4.4255940222890855,0.449,0.7702,0.0,modis
2015-03-06,-75.40451578702155,4.4255940222890855,0.5636,0.7574000000000001,1.0,modis
2015-03-22,-75.40451578702155,4.4255940222890855,0.504,0.7914,1.0,modis
2015-04-23,-75.40451578702155,4.4255940222890855,0.42250000000000004,0.8143,0.0,modis
2015-05-09,-75.40451578702155,4.4255940222890855,0.5641,0.759,1.0,modis
2015-06-10,-75.40451578702155,4.4255940222890855,0.4758,0.7634000000000001,1.0,modis
2015-06-26,-75.40451578702155,4.4255940222890855,0.5308,0.7286,1.0,modis
2015-07-12,-75.40451578702155,4.4255940222890855,0.5795,0.7961,1.0,modis
2015-07-28,-75.40451578702155,4.4255940222890855,0.48100000000000004,0.6695,1.0,modis
2015-08-13,-75.40451578702155,4.4255940222890855,0.5053,0.7483000000000001,1.0,modis
2015-08-29,-75.40451578702155,4.4255940222890855,0.43960000000000005,0.6833,0.0,modis
2015-09-14,-75.40451578702155,4.4255940222890855,0.4252,0.683,0.0,modis
2015-10-16,-75.40451578702155,4.4255940222890855,0.4791,0.7059000000000001,1.0,modis
2015-11-01,-75.40451578702155,4.4255940222890855,0.4335,0.8346,1.0,modis
2015-11-17,-75.40451578702155,4.4255940222890855,0.5266000000000001,0.7848,1.0,modis
2015-12-03,-75.40451578702155,4.4255940222890855,0.4339,0.7925000000000001,0.0,modis
2015-12-19,-75.40451578702155,4.4255940222890855,0.45580000000000004,0.7774000000000001,0.0,modis
2016-01-01,-75.40451578702155,4.4255940222890855,0.4348,0.7108,0.0,modis
2016-01-17,-75.40451578702155,4.4255940222890855,0.464,0.6908000000000001,1.0,modis
2016-02-02,-75.40451578702155,4.4255940222890855,0.4182,0.6613,1.0,modis
2016-03-05,-75.40451578702155,4.4255940222890855,0.4546,0.6731,1.0,modis
2016-03-21,-75.40451578702155,4.4255940222890855,0.4418,0.6968000000000001,1.0,modis
2016-04-06,-75.40451578702155,4.4255940222890855,0.4461,0.7044,1.0,modis
2016-04-22,-75.40451578702155,4.4255940222890855,0.5045000000000001,0.8297,1.0,modis
2016-05-08,-75.40451578702155,4.4255940222890855,0.5971000000000001,0.6628000000000001,1.0,modis
2016-05-24,-75.40451578702155,4.4255940222890855,0.549,0.7886000000000001,0.0,modis
2016-06-09,-75.40451578702155,4.4255940222890855,0.5956,0.682,1.0,modis
2016-06-25,-75.40451578702155,4.4255940222890855,0.5652,0.7923,0.0,modis
2016-07-27,-75.40451578702155,4.4255940222890855,0.5875,0.7939,1.0,modis
2016-08-12,-75.40451578702155,4.4255940222890855,0.522,0.7368,0.0,modis
2016-08-28,-75.40451578702155,4.4255940222890855,0.5263,0.7465,1.0,modis
2016-09-13,-75.40451578702155,4.4255940222890855,0.5283,0.6214000000000001,1.0,modis
2016-09-29,-75.40451578702155,4.4255940222890855,0.5057,0.727,1.0,modis
2016-10-15,-75.40451578702155,4.4255940222890855,0.4718,0.6888000000000001,1.0,modis
2016-10-31,-75.40451578702155,4.4255940222890855,0.4449,0.8402000000000001,1.0,modis
2016-11-16,-75.40451578702155,4.4255940222890855,0.44570000000000004,0.7718,0.0,modis
2016-12-02,-75.40451578702155,4.4255940222890855,0.466,0.8338,0.0,modis
2016-12-18,-75.40451578702155,4.4255940222890855,0.4761,0.8065,1.0,modis
2017-01-01,-75.40451578702155,4.4255940222890855,0.5479,0.7888000000000001,0.0,modis
2017-01-17,-75.40451578702155,4.4255940222890855,0.46900000000000003,0.7942,0.0,modis
2017-02-02,-75.40451578702155,4.4255940222890855,0.45570000000000005,0.8255,0.0,modis
2017-02-18,-75.40451578702155,4.4255940222890855,0.5819,0.7045,1.0,modis
2017-03-22,-75.40451578702155,4.4255940222890855,0.44720000000000004,0.8452000000000001,1.0,modis
2017-04-23,-75.40451578702155,4.4255940222890855,0.5880000000000001,0.8224,0.0,modis
2017-05-25,-75.40451578702155,4.4255940222890855,0.5347000000000001,0.8303,0.0,modis
2017-06-10,-75.40451578702155,4.4255940222890855,0.6324000000000001,0.8522000000000001,0.0,modis
2017-06-26,-75.40451578702155,4.4255940222890855,0.40440000000000004,0.7859,1.0,modis
2017-07-12,-75.40451578702155,4.4255940222890855,0.5706,0.7865000000000001,0.0,modis
2017-08-13,-75.40451578702155,4.4255940222890855,0.5508000000000001,0.7399,0.0,modis
2017-08-29,-75.40451578702155,4.4255940222890855,0.40090000000000003,0.8169000000000001,0.0,modis
2017-09-14,-75.40451578702155,4.4255940222890855,0.49310000000000004,0.7699,0.0,modis
2017-10-16,-75.40451578702155,4.4255940222890855,0.4898,0.7281000000000001,1.0,modis
2017-11-01,-75.40451578702155,4.4255940222890855,0.5083,0.7671,1.0,modis
2017-11-17,-75.40451578702155,4.4255940222890855,0.41250000000000003,0.6171,1.0,modis
2017-12-03,-75.40451578702155,4.4255940222890855,0.392,0.7701,1.0,modis
2017-12-19,-75.40451578702155,4.4255940222890855,0.46880000000000005,0.7907000000000001,0.0,modis
2018-01-01,-75.40451578702155,4.4255940222890855,0.5436,0.8072,1.0,modis
2018-01-17,-75.40451578702155,4.4255940222890855,0.5587,0.7963,1.0,modis
2018-02-02,-75.40451578702155,4.4255940222890855,0.5145000000000001,0.7009000000000001,1.0,modis
2018-02-18,-75.40451578702155,4.4255940222890855,0.45020000000000004,0.762,0.0,modis
2018-03-06,-75.40451578702155,4.4255940222890855,0.4913,0.7424000000000001,0.0,modis
2018-04-07,-75.40451578702155,4.4255940222890855,0.5227,0.7592,0.0,modis
2018-05-09,-75.40451578702155,4.4255940222890855,0.4204,0.6668000000000001,1.0,modis
2018-05-25,-75.40451578702155,4.4255940222890855,0.3768,0.5499,1.0,modis
2018-06-10,-75.40451578702155,4.4255940222890855,0.5823,0.7974,0.0,modis
2018-06-26,-75.40451578702155,4.4255940222890855,0.5982000000000001,0.8260000000000001,1.0,modis
2018-07-28,-75.40451578702155,4.4255940222890855,0.5254,0.7853,0.0,modis
2018-08-13,-75.40451578702155,4.4255940222890855,0.5452,0.7735000000000001,0.0,modis
2018-08-29,-75.40451578702155,4.4255940222890855,0.5572,0.7732,1.0,modis
2018-09-14,-75.40451578702155,4.4255940222890855,0.5013000000000001,0.7407,0.0,modis
2018-09-30,-75.40451578702155,4.4255940222890855,0.4696,0.7080000000000001,1.0,modis
2018-11-17,-75.40451578702155,4.4255940222890855,0.5544,0.861,1.0,modis
2018-12-03,-75.40451578702155,4.4255940222890855,0.4078,0.8359000000000001,1.0,modis
2018-12-19,-75.40451578702155,4.4255940222890855,0.49050000000000005,0.764,0.0,modis
2019-01-01,-75.40451578702155,4.4255940222890855,0.4968,0.7479,0.0,modis
2019-01-17,-75.40451578702155,4.4255940222890855,0.4641,0.7647,0.0,modis
2019-02-02,-75.40451578702155,4.4255940222890855,0.38830000000000003,0.8345,1.0,modis
2019-02-18,-75.40451578702155,4.4255940222890855,0.431,0.7862,0.0,modis
2019-04-07,-75.40451578702155,4.4255940222890855,0.5539000000000001,0.802,1.0,modis
2019-04-23,-75.40451578702155,4.4255940222890855,0.5355,0.7693,0.0,modis
2019-05-09,-75.40451578702155,4.4255940222890855,0.601,0.8354,0.0,modis
2019-05-25,-75.40451578702155,4.4255940222890855,0.5113,0.8322,0.0,modis
2019-06-26,-75.40451578702155,4.4255940222890855,0.5844,0.8077000000000001,0.0,modis
2019-07-12,-75.40451578702155,4.4255940222890855,0.5757,0.6664,1.0,modis
2019-07-28,-75.40451578702155,4.4255940222890855,0.5191,0.8,0.0,modis
2019-08-13,-75.40451578702155,4.4255940222890855,0.395,0.8014,1.0,modis
2019-08-29,-75.40451578702155,4.4255940222890855,0.43370000000000003,0.6576000000000001,0.0,modis
2019-09-30,-75.40451578702155,4.4255940222890855,0.35650000000000004,0.7948000000000001,1.0,modis
2019-11-01,-75.40451578702155,4.4255940222890855,0.5255000000000001,0.8501000000000001,1.0,modis
2019-11-17,-75.40451578702155,4.4255940222890855,0.4761,0.76,0.0,modis
2019-12-03,-75.40451578702155,4.4255940222890855,0.4143,0.8736,1.0,modis
2019-12-19,-75.40451578702155,4.4255940222890855,0.5134000000000001,0.785,1.0,modis
2020-01-01,-75.40451578702155,4.4255940222890855,0.5682,0.7815000000000001,1.0,modis
2020-01-17,-75.40451578702155,4.4255940222890855,0.5764,0.7955,1.0,modis
2020-02-02,-75.40451578702155,4.4255940222890855,0.4975,0.7571,0.0,modis
2020-02-18,-75.40451578702155,4.4255940222890855,0.4596,0.7424000000000001,0.0,modis
2020-03-05,-75.40451578702155,4.4255940222890855,0.4505,0.7555000000000001,1.0,modis
2020-03-21,-75.40451578702155,4.4255940222890855,0.4864,0.7399,1.0,modis
2020-04-06,-75.40451578702155,4.4255940222890855,0.4645,0.667,1.0,modis
2020-05-08,-75.40451578702155,4.4255940222890855,0.5317000000000001,0.7968000000000001,1.0,modis
2020-05-24,-75.40451578702155,4.4255940222890855,0.5199,0.8325,0.0,modis
2020-06-09,-75.40451578702155,4.4255940222890855,0.537,0.7896000000000001,0.0,modis
2020-07-27,-75.40451578702155,4.4255940222890855,0.538,0.7834,0.0,modis
2020-08-12,-75.40451578702155,4.4255940222890855,0.44380000000000003,0.8200000000000001,1.0,modis
2020-08-28,-75.40451578702155,4.4255940222890855,0.5321,0.7969,1.0,modis
2020-09-13,-75.40451578702155,4.4255940222890855,0.5121,0.8252,1.0,modis
2020-09-29,-75.40451578702155,4.4255940222890855,0.522,0.6976,1.0,modis
2020-10-15,-75.40451578702155,4.4255940222890855,0.4839,0.7366,1.0,modis
2020-10-31,-75.40451578702155,4.4255940222890855,0.5108,0.7535000000000001,1.0,modis
2020-12-02,-75.40451578702155,4.4255940222890855,0.47240000000000004,0.7896000000000001,1.0,modis
2020-12-18,-75.40451578702155,4.4255940222890855,0.40340000000000004,0.7885000000000001,1.0,modis
2021-01-01,-75.40451578702155,4.4255940222890855,0.5305,0.7874,0.0,modis
2021-01-17,-75.40451578702155,4.4255940222890855,0.36710000000000004,0.8425,1.0,modis
2021-02-18,-75.40451578702155,4.4255940222890855,0.5788,0.7925000000000001,1.0,modis
2021-03-22,-75.40451578702155,4.4255940222890855,0.5356000000000001,0.7798,1.0,modis
2021-04-07,-75.40451578702155,4.4255940222890855,0.5688,0.8044,1.0,modis
2021-04-23,-75.40451578702155,4.4255940222890855,0.5475,0.8084,1.0,modis
2021-06-10,-75.40451578702155,4.4255940222890855,0.5821000000000001,0.8091,0.0,modis
2021-06-26,-75.40451578702155,4.4255940222890855,0.555,0.8009000000000001,0.0,modis
2021-07-28,-75.40451578702155,4.4255940222890855,0.6198,0.8314,1.0,modis
2021-08-29,-75.40451578702155,4.4255940222890855,0.5474,0.7517,0.0,modis
2021-09-14,-75.40451578702155,4.4255940222890855,0.5458000000000001,0.6581,0.0,modis
2021-09-30,-75.40451578702155,4.4255940222890855,0.5902000000000001,0.8064,1.0,modis
2021-10-16,-75.40451578702155,4.4255940222890855,0.5368,0.7502000000000001,1.0,modis
2021-11-01,-75.40451578702155,4.4255940222890855,0.4328,0.8064,1.0,modis
2021-11-17,-75.40451578702155,4.4255940222890855,0.4746,0.7883,0.0,modis
2021-12-03,-75.40451578702155,4.4255940222890855,0.42900000000000005,0.6793,1.0,modis
2021-12-19,-75.40451578702155,4.4255940222890855,0.5178,0.8059000000000001,1.0,modis
2022-01-01,-75.40451578702155,4.4255940222890855,0.5145000000000001,0.7753,1.0,modis
2022-01-17,-75.40451578702155,4.4255940222890855,0.44160000000000005,0.7088,1.0,modis
2022-02-02,-75.40451578702155,4.4255940222890855,0.5666,0.7368,1.0,modis
2022-03-06,-75.40451578702155,4.4255940222890855,0.4031,0.7338,0.0,modis
2022-04-07,-75.40451578702155,4.4255940222890855,0.5596,0.7446,1.0,modis
2022-05-09,-75.40451578702155,4.4255940222890855,0.45880000000000004,0.7466,1.0,modis
2022-06-10,-75.40451578702155,4.4255940222890855,0.6498,0.8057000000000001,1.0,modis
2022-06-26,-75.40451578702155,4.4255940222890855,0.45980000000000004,0.8728,1.0,modis
2022-07-12,-75.40451578702155,4.4255940222890855,0.6673,0.8276,1.0,modis
2022-07-28,-75.40451578702155,4.4255940222890855,0.5494,0.7578,1.0,modis
2022-08-13,-75.40451578702155,4.4255940222890855,0.5528000000000001,0.7882,1.0,modis
2022-08-29,-75.40451578702155,4.4255940222890855,0.3946,0.6937,1.0,modis
2022-09-14,-75.40451578702155,4.4255940222890855,0.5617,0.7676000000000001,1.0,modis
2022-09-30,-75.40451578702155,4.4255940222890855,0.5674,0.7094,1.0,modis
2022-12-03,-75.40451578702155,4.4255940222890855,0.5573,0.7465,1.0,modis
2022-12-19,-75.40451578702155,4.4255940222890855,0.39180000000000004,0.8178000000000001,1.0,modis
2023-01-01,-75.40451578702155,4.4255940222890855,0.5958,0.8160000000000001,1.0,modis
2023-01-17,-75.40451578702155,4.4255940222890855,0.46690000000000004,0.7974,0.0,modis
2023-02-02,-75.40451578702155,4.4255940222890855,0.39690000000000003,0.8233,1.0,modis
2023-02-18,-75.40451578702155,4.4255940222890855,0.5029,0.7171000000000001,1.0,modis
2023-03-06,-75.40451578702155,4.4255940222890855,0.5783,0.7447,1.0,modis
2023-03-22,-75.40451578702155,4.4255940222890855,0.5904,0.7717,1.0,modis
2023-04-07,-75.40451578702155,4.4255940222890855,0.6304000000000001,0.8044,1.0,modis
2023-04-23,-75.40451578702155,4.4255940222890855,0.4903,0.7619,1.0,modis
2023-05-09,-75.40451578702155,4.4255940222890855,0.5857,0.7834,0.0,modis
2023-05-25,-75.40451578702155,4.4255940222890855,0.45980000000000004,0.8462000000000001,0.0,modis
2023-06-10,-75.40451578702155,4.4255940222890855,0.5734,0.7832,0.0,modis
2023-06-26,-75.40451578702155,4.4255940222890855,0.5547000000000001,0.7743,0.0,modis
2023-07-12,-75.40451578702155,4.4255940222890855,0.5969,0.7755000000000001,0.0,modis
2023-07-28,-75.40451578702155,4.4255940222890855,0.5101,0.7088,0.0,modis
2023-08-13,-75.40451578702155,4.4255940222890855,0.4842,0.7649,0.0,modis
2023-08-29,-75.40451578702155,4.4255940222890855,0.5331,0.7332000000000001,0.0,modis
2023-09-14,-75.40451578702155,4.4255940222890855,0.5453,0.7103,0.0,modis
2023-09-30,-75.40451578702155,4.4255940222890855,0.5533,0.7081000000000001,1.0,modis
2023-10-16,-75.40451578702155,4.4255940222890855,0.3904,0.7062,1.0,modis
2023-11-17,-75.40451578702155,4.4255940222890855,0.5434,0.8128000000000001,1.0,modis
2023-12-03,-75.40451578702155,4.4255940222890855,0.5203,0.7535000000000001,0.0,modis
2023-12-19,-75.40451578702155,4.4255940222890855,0.5067,0.8333,1.0,modis
2024-01-01,-75.40451578702155,4.4255940222890855,0.5413,0.7793,0.0,modis
2024-01-17,-75.40451578702155,4.4255940222890855,0.5038,0.7525000000000001,0.0,modis
2024-02-02,-75.40451578702155,4.4255940222890855,0.5077,0.6785,1.0,modis
2024-02-18,-75.40451578702155,4.4255940222890855,0.3482,0.6891,1.0,modis
2024-03-05,-75.40451578702155,4.4255940222890855,0.4449,0.7354,1.0,modis
2024-03-21,-75.40451578702155,4.4255940222890855,0.4359,0.6562,1.0,modis
2024-04-06,-75.40451578702155,4.4255940222890855,0.5378000000000001,0.7025,1.0,modis
2024-04-22,-75.40451578702155,4.4255940222890855,0.5786,0.7933,1.0,modis
2024-05-08,-75.40451578702155,4.4255940222890855,0.4373,0.8265,0.0,modis
2024-05-24,-75.40451578702155,4.4255940222890855,0.5755,0.8132,0.0,modis
2024-06-25,-75.40451578702155,4.4255940222890855,0.5462,0.8285,1.0,modis
2024-07-11,-75.40451578702155,4.4255940222890855,0.5603,0.8273,1.0,modis
2024-07-27,-75.40451578702155,4.4255940222890855,0.5762,0.7695000000000001,1.0,modis
2024-08-12,-75.40451578702155,4.4255940222890855,0.604,0.746,0.0,modis
2024-08-28,-75.40451578702155,4.4255940222890855,0.5686,0.675,0.0,modis
2024-09-13,-75.40451578702155,4.4255940222890855,0.4496,0.742,0.0,modis
2024-09-29,-75.40451578702155,4.4255940222890855,0.5434,0.7156,1.0,modis
2024-10-15,-75.40451578702155,4.4255940222890855,0.5401,0.7441,0.0,modis
2024-10-31,-75.40451578702155,4.4255940222890855,0.463,0.8417,1.0,modis
2024-11-16,-75.40451578702155,4.4255940222890855,0.5436,0.7809,1.0,modis
2024-12-02,-75.40451578702155,4.4255940222890855,0.4721,0.7658,0.0,modis
2024-12-18,-75.40451578702155,4.4255940222890855,0.34240000000000004,0.7533000000000001,1.0,modis
2015-01-01,-75.40326452629338,4.587471728895854,0.4516,0.8629,0.0,modis
2015-04-23,-75.40326452629338,4.587471728895854,0.5972000000000001,0.8322,1.0,modis
2015-05-09,-75.40326452629338,4.587471728895854,0.5747,0.8005,1.0,modis
2015-06-10,-75.40326452629338,4.587471728895854,0.3871,0.8878,1.0,modis
2015-08-13,-75.40326452629338,4.587471728895854,0.604,0.7220000000000001,1.0,modis
2015-09-14,-75.40326452629338,4.587471728895854,0.3448,0.8897,1.0,modis
2015-11-17,-75.40326452629338,4.587471728895854,0.39880000000000004,0.7889,1.0,modis
2015-12-03,-75.40326452629338,4.587471728895854,0.41600000000000004,0.8896000000000001,0.0,modis
2015-12-19,-75.40326452629338,4.587471728895854,0.3608,0.9062,0.0,modis
2016-01-01,-75.40326452629338,4.587471728895854,0.5385,0.8681000000000001,0.0,modis
2016-02-02,-75.40326452629338,4.587471728895854,0.5847,0.8101,0.0,modis
2016-03-05,-75.40326452629338,4.587471728895854,0.5233,0.7192000000000001,1.0,modis
2016-03-21,-75.40326452629338,4.587471728895854,0.4136,0.8901,0.0,modis
2016-06-25,-75.40326452629338,4.587471728895854,0.5254,0.8601000000000001,0.0,modis
2016-07-11,-75.40326452629338,4.587471728895854,0.3178,0.8873000000000001,1.0,modis
2016-11-16,-75.40326452629338,4.587471728895854,0.4637,0.8499,0.0,modis
2017-01-01,-75.40326452629338,4.587471728895854,0.5615,0.8547,0.0,modis
2017-01-17,-75.40326452629338,4.587471728895854,0.4722,0.8056000000000001,1.0,modis
2017-02-02,-75.40326452629338,4.587471728895854,0.5851000000000001,0.8585,0.0,modis
2017-03-22,-75.40326452629338,4.587471728895854,0.3205,0.5295,1.0,modis
2017-05-09,-75.40326452629338,4.587471728895854,0.5215000000000001,0.7995,1.0,modis
2017-10-16,-75.40326452629338,4.587471728895854,0.5412,0.7851,1.0,modis
2017-12-19,-75.40326452629338,4.587471728895854,0.4899,0.8486,0.0,modis
2018-01-01,-75.40326452629338,4.587471728895854,0.522,0.8739,0.0,modis
2018-01-17,-75.40326452629338,4.587471728895854,0.6127,0.8703000000000001,1.0,modis
2018-03-06,-75.40326452629338,4.587471728895854,0.5772,0.8390000000000001,1.0,modis
2018-05-09,-75.40326452629338,4.587471728895854,0.3282,0.622,1.0,modis
2018-07-28,-75.40326452629338,4.587471728895854,0.48140000000000005,0.8540000000000001,0.0,modis
2018-09-14,-75.40326452629338,4.587471728895854,0.5633,0.8521000000000001,0.0,modis
2018-12-19,-75.40326452629338,4.587471728895854,0.557,0.8695,0.0,modis
2019-01-01,-75.40326452629338,4.587471728895854,0.5388000000000001,0.7211000000000001,0.0,modis
2019-01-17,-75.40326452629338,4.587471728895854,0.5556,0.8565,0.0,modis
2019-04-23,-75.40326452629338,4.587471728895854,0.5613,0.8432000000000001,0.0,modis
2019-06-26,-75.40326452629338,4.587471728895854,0.5361,0.8414,1.0,modis
2019-09-30,-75.40326452629338,4.587471728895854,0.5488000000000001,0.8829,1.0,modis
2019-11-17,-75.40326452629338,4.587471728895854,0.537,0.8488,1.0,modis
2020-01-01,-75.40326452629338,4.587471728895854,0.4303,0.6992,1.0,modis
2020-02-02,-75.40326452629338,4.587471728895854,0.5658000000000001,0.8785000000000001,0.0,modis
2020-02-18,-75.40326452629338,4.587471728895854,0.5206000000000001,0.8971,1.0,modis
2020-03-05,-75.40326452629338,4.587471728895854,0.5162,0.9086000000000001,0.0,modis
2020-03-21,-75.40326452629338,4.587471728895854,0.7113,0.8435,1.0,modis
2020-06-09,-75.40326452629338,4.587471728895854,0.5764,0.8316,1.0,modis
2020-10-31,-75.40326452629338,4.587471728895854,0.5770000000000001,0.8049000000000001,1.0,modis
2021-01-17,-75.40326452629338,4.587471728895854,0.3131,0.8189000000000001,1.0,modis
2021-05-25,-75.40326452629338,4.587471728895854,0.3941,0.677,1.0,modis
2021-09-14,-75.40326452629338,4.587471728895854,0.5792,0.8033,0.0,modis
2021-12-19,-75.40326452629338,4.587471728895854,0.5845,0.8702000000000001,1.0,modis
2022-01-01,-75.40326452629338,4.587471728895854,0.5457000000000001,0.8531000000000001,0.0,modis
2022-03-06,-75.40326452629338,4.587471728895854,0.3788,0.7210000000000001,1.0,modis
2022-09-30,-75.40326452629338,4.587471728895854,0.6374000000000001,0.8215,1.0,modis
2022-12-19,-75.40326452629338,4.587471728895854,0.6087,0.8691000000000001,1.0,modis
2023-01-17,-75.40326452629338,4.587471728895854,0.402,0.8783000000000001,0.0,modis
2023-02-02,-75.40326452629338,4.587471728895854,0.49460000000000004,0.7255,1.0,modis
2023-02-18,-75.40326452629338,4.587471728895854,0.2952,0.8483,1.0,modis
2023-05-09,-75.40326452629338,4.587471728895854,0.6729,0.8884000000000001,1.0,modis
2023-05-25,-75.40326452629338,4.587471728895854,0.38920000000000005,0.8885000000000001,0.0,modis
2023-06-10,-75.40326452629338,4.587471728895854,0.5751000000000001,0.8536,0.0,modis
2023-07-28,-75.40326452629338,4.587471728895854,0.5765,0.7914,0.0,modis
2023-08-29,-75.40326452629338,4.587471728895854,0.6482,0.7967000000000001,1.0,modis
2023-09-14,-75.40326452629338,4.587471728895854,0.5499,0.7805000000000001,1.0,modis
2024-01-01,-75.40326452629338,4.587471728895854,0.6043000000000001,0.8364,1.0,modis
2024-01-17,-75.40326452629338,4.587471728895854,0.6632,0.8397,0.0,modis
2024-02-02,-75.40326452629338,4.587471728895854,0.6516000000000001,0.8203,1.0,modis
2024-02-18,-75.40326452629338,4.587471728895854,0.5481,0.8693000000000001,1.0,modis
2024-04-06,-75.40326452629338,4.587471728895854,0.26780000000000004,0.8773000000000001,1.0,modis
2024-05-08,-75.40326452629338,4.587471728895854,0.29550000000000004,0.8197,1.0,modis
2024-08-12,-75.40326452629338,4.587471728895854,0.5001,0.8616,1.0,modis
2024-08-28,-75.40326452629338,4.587471728895854,0.5099,0.8152,0.0,modis
2024-09-13,-75.40326452629338,4.587471728895854,0.44070000000000004,0.8729,0.0,modis
2024-09-29,-75.40326452629338,4.587471728895854,0.3773,0.6418,1.0,modis
2024-10-15,-75.40326452629338,4.587471728895854,0.6239,0.8073,1.0,modis
2024-12-02,-75.40326452629338,4.587471728895854,0.48810000000000003,0.7658,1.0,modis
2024-12-18,-75.40326452629338,4.587471728895854,0.46730000000000005,0.8254,1.0,modis
2015-01-01,-75.39366763294542,4.40760761044389,0.42500000000000004,0.7969,0.0,modis
2015-01-17,-75.39366763294542,4.40760761044389,0.24500000000000002,0.41300000000000003,1.0,modis
2015-02-18,-75.39366763294542,4.40760761044389,0.3118,0.8033,1.0,modis
2015-03-22,-75.39366763294542,4.40760761044389,0.45890000000000003,0.7272000000000001,1.0,modis
2015-04-23,-75.39366763294542,4.40760761044389,0.4652,0.6422,1.0,modis
2015-05-09,-75.39366763294542,4.40760761044389,0.5842,0.7335,1.0,modis
2015-08-13,-75.39366763294542,4.40760761044389,0.46380000000000005,0.5232,1.0,modis
2015-08-29,-75.39366763294542,4.40760761044389,0.4656,0.665,0.0,modis
2015-09-14,-75.39366763294542,4.40760761044389,0.42710000000000004,0.7108,0.0,modis
2015-10-16,-75.39366763294542,4.40760761044389,0.5374,0.7643000000000001,1.0,modis
2015-11-17,-75.39366763294542,4.40760761044389,0.42550000000000004,0.7074,1.0,modis
2015-12-03,-75.39366763294542,4.40760761044389,0.42600000000000005,0.8318000000000001,0.0,modis
2015-12-19,-75.39366763294542,4.40760761044389,0.4514,0.8194,0.0,modis
2016-01-01,-75.39366763294542,4.40760761044389,0.4471,0.7705000000000001,0.0,modis
2016-01-17,-75.39366763294542,4.40760761044389,0.4867,0.7451,1.0,modis
2016-02-02,-75.39366763294542,4.40760761044389,0.4479,0.6767000000000001,1.0,modis
2016-03-05,-75.39366763294542,4.40760761044389,0.4025,0.5884,1.0,modis
2016-03-21,-75.39366763294542,4.40760761044389,0.4591,0.7269,1.0,modis
2016-05-24,-75.39366763294542,4.40760761044389,0.5164,0.8496,1.0,modis
2016-06-09,-75.39366763294542,4.40760761044389,0.4037,0.6696000000000001,1.0,modis
2016-06-25,-75.39366763294542,4.40760761044389,0.5730000000000001,0.8222,0.0,modis
2016-07-11,-75.39366763294542,4.40760761044389,0.5392,0.8463,1.0,modis
2016-07-27,-75.39366763294542,4.40760761044389,0.5985,0.8074,1.0,modis
2016-08-12,-75.39366763294542,4.40760761044389,0.5176000000000001,0.7271000000000001,0.0,modis
2016-09-13,-75.39366763294542,4.40760761044389,0.26530000000000004,0.8384,0.0,modis
2016-09-29,-75.39366763294542,4.40760761044389,0.3694,0.7301000000000001,1.0,modis
2016-10-15,-75.39366763294542,4.40760761044389,0.4243,0.5048,1.0,modis
2016-11-16,-75.39366763294542,4.40760761044389,0.31920000000000004,0.5407000000000001,1.0,modis
2017-01-01,-75.39366763294542,4.40760761044389,0.5554,0.6662,1.0,modis
2017-01-17,-75.39366763294542,4.40760761044389,0.40690000000000004,0.799,0.0,modis
2017-02-02,-75.39366763294542,4.40760761044389,0.3786,0.8152,0.0,modis
2017-03-22,-75.39366763294542,4.40760761044389,0.3844,0.7509,1.0,modis
2017-04-23,-75.39366763294542,4.40760761044389,0.5485,0.7931,0.0,modis
2017-05-09,-75.39366763294542,4.40760761044389,0.4711,0.7749,1.0,modis
2017-05-25,-75.39366763294542,4.40760761044389,0.5095000000000001,0.7291000000000001,1.0,modis
2017-06-10,-75.39366763294542,4.40760761044389,0.4132,0.6444000000000001,1.0,modis
2017-07-12,-75.39366763294542,4.40760761044389,0.6066,0.8128000000000001,0.0,modis
2017-08-13,-75.39366763294542,4.40760761044389,0.5521,0.7413000000000001,0.0,modis
2017-08-29,-75.39366763294542,4.40760761044389,0.3885,0.8038000000000001,0.0,modis
2017-09-14,-75.39366763294542,4.40760761044389,0.4792,0.7672,1.0,modis
2017-10-16,-75.39366763294542,4.40760761044389,0.5347000000000001,0.7381000000000001,1.0,modis
2017-11-17,-75.39366763294542,4.40760761044389,0.2768,0.628,1.0,modis
2017-12-03,-75.39366763294542,4.40760761044389,0.5739000000000001,0.7628,1.0,modis
2017-12-19,-75.39366763294542,4.40760761044389,0.4776,0.8085,1.0,modis
2018-01-01,-75.39366763294542,4.40760761044389,0.48550000000000004,0.8503000000000001,1.0,modis
2018-01-17,-75.39366763294542,4.40760761044389,0.31770000000000004,0.6768000000000001,1.0,modis
2018-02-18,-75.39366763294542,4.40760761044389,0.4545,0.7986000000000001,0.0,modis
2018-03-06,-75.39366763294542,4.40760761044389,0.5036,0.7784000000000001,0.0,modis
2018-04-07,-75.39366763294542,4.40760761044389,0.5309,0.7483000000000001,0.0,modis
2018-07-28,-75.39366763294542,4.40760761044389,0.5186000000000001,0.8074,0.0,modis
2018-08-13,-75.39366763294542,4.40760761044389,0.5663,0.8056000000000001,0.0,modis
2018-09-14,-75.39366763294542,4.40760761044389,0.503,0.7493000000000001,0.0,modis
2018-09-30,-75.39366763294542,4.40760761044389,0.4136,0.7389,1.0,modis
2018-11-17,-75.39366763294542,4.40760761044389,0.1592,0.8177000000000001,1.0,modis
2018-12-03,-75.39366763294542,4.40760761044389,0.5753,0.7964,1.0,modis
2018-12-19,-75.39366763294542,4.40760761044389,0.5071,0.791,0.0,modis
2019-01-01,-75.39366763294542,4.40760761044389,0.5437000000000001,0.7743,0.0,modis
2019-01-17,-75.39366763294542,4.40760761044389,0.46940000000000004,0.8376,1.0,modis
2019-02-02,-75.39366763294542,4.40760761044389,0.35960000000000003,0.8348,1.0,modis
2019-02-18,-75.39366763294542,4.40760761044389,0.36000000000000004,0.6881,0.0,modis
2019-04-23,-75.39366763294542,4.40760761044389,0.5369,0.7425,0.0,modis
2019-05-25,-75.39366763294542,4.40760761044389,0.4822,0.8375,0.0,modis
2019-06-26,-75.39366763294542,4.40760761044389,0.5918,0.7242000000000001,0.0,modis
2019-08-13,-75.39366763294542,4.40760761044389,0.4287,0.7992,0.0,modis
2019-11-17,-75.39366763294542,4.40760761044389,0.512,0.7781,0.0,modis
2019-12-19,-75.39366763294542,4.40760761044389,0.4107,0.8739,1.0,modis
2020-01-01,-75.39366763294542,4.40760761044389,0.4041,0.8099000000000001,1.0,modis
2020-01-17,-75.39366763294542,4.40760761044389,0.5561,0.7020000000000001,1.0,modis
2020-02-02,-75.39366763294542,4.40760761044389,0.3657,0.7977000000000001,1.0,modis
2020-02-18,-75.39366763294542,4.40760761044389,0.3995,0.748,0.0,modis
2020-05-08,-75.39366763294542,4.40760761044389,0.5362,0.7919,1.0,modis
2020-05-24,-75.39366763294542,4.40760761044389,0.47950000000000004,0.8390000000000001,0.0,modis
2020-06-09,-75.39366763294542,4.40760761044389,0.5053,0.6829000000000001,1.0,modis
2020-07-27,-75.39366763294542,4.40760761044389,0.5442,0.7737,0.0,modis
2020-08-12,-75.39366763294542,4.40760761044389,0.42010000000000003,0.737,1.0,modis
2020-08-28,-75.39366763294542,4.40760761044389,0.5094000000000001,0.6574,1.0,modis
2020-09-13,-75.39366763294542,4.40760761044389,0.5694,0.7634000000000001,1.0,modis
2020-12-02,-75.39366763294542,4.40760761044389,0.3698,0.7844,1.0,modis
2021-01-01,-75.39366763294542,4.40760761044389,0.5403,0.7747,1.0,modis
2021-01-17,-75.39366763294542,4.40760761044389,0.3783,0.8470000000000001,0.0,modis
2021-04-07,-75.39366763294542,4.40760761044389,0.5653,0.8172,1.0,modis
2021-04-23,-75.39366763294542,4.40760761044389,0.5491,0.8167000000000001,1.0,modis
2021-05-25,-75.39366763294542,4.40760761044389,0.3443,0.6832,1.0,modis
2021-06-10,-75.39366763294542,4.40760761044389,0.6764,0.7239,1.0,modis
2021-06-26,-75.39366763294542,4.40760761044389,0.5919,0.7923,0.0,modis
2021-08-29,-75.39366763294542,4.40760761044389,0.49860000000000004,0.8408,1.0,modis
2021-09-14,-75.39366763294542,4.40760761044389,0.5717,0.6947,0.0,modis
2021-09-30,-75.39366763294542,4.40760761044389,0.45,0.731,1.0,modis
2021-11-01,-75.39366763294542,4.40760761044389,0.4183,0.5847,1.0,modis
2021-11-17,-75.39366763294542,4.40760761044389,0.39080000000000004,0.7424000000000001,0.0,modis
2021-12-19,-75.39366763294542,4.40760761044389,0.5412,0.771,1.0,modis
2022-01-01,-75.39366763294542,4.40760761044389,0.49610000000000004,0.7782,0.0,modis
2022-02-02,-75.39366763294542,4.40760761044389,0.41350000000000003,0.8450000000000001,1.0,modis
2022-03-06,-75.39366763294542,4.40760761044389,0.36810000000000004,0.8051,0.0,modis
2022-04-07,-75.39366763294542,4.40760761044389,0.5859,0.7331000000000001,1.0,modis
2022-06-26,-75.39366763294542,4.40760761044389,0.4752,0.9036000000000001,1.0,modis
2022-08-13,-75.39366763294542,4.40760761044389,0.5936,0.769,1.0,modis
2022-08-29,-75.39366763294542,4.40760761044389,0.5962000000000001,0.7816000000000001,1.0,modis
2022-09-30,-75.39366763294542,4.40760761044389,0.5276000000000001,0.6834,1.0,modis
2022-11-17,-75.39366763294542,4.40760761044389,0.3748,0.5048,1.0,modis
2022-12-03,-75.39366763294542,4.40760761044389,0.5255000000000001,0.7362000000000001,1.0,modis
2022-12-19,-75.39366763294542,4.40760761044389,0.5374,0.8543000000000001,1.0,modis
2023-01-01,-75.39366763294542,4.40760761044389,0.5374,0.8543000000000001,1.0,modis
2023-01-17,-75.39366763294542,4.40760761044389,0.5058,0.7579,0.0,modis
2023-02-02,-75.39366763294542,4.40760761044389,0.5728,0.7849,1.0,modis
2023-02-18,-75.39366763294542,4.40760761044389,0.455,0.7667,1.0,modis
2023-03-06,-75.39366763294542,4.40760761044389,0.4576,0.7462000000000001,1.0,modis
2023-05-25,-75.39366763294542,4.40760761044389,0.47150000000000003,0.8450000000000001,0.0,modis
2023-06-10,-75.39366763294542,4.40760761044389,0.5808,0.7847000000000001,0.0,modis
2023-06-26,-75.39366763294542,4.40760761044389,0.5696,0.7977000000000001,0.0,modis
2023-07-12,-75.39366763294542,4.40760761044389,0.611,0.7812,0.0,modis
2023-07-28,-75.39366763294542,4.40760761044389,0.5266000000000001,0.6809000000000001,1.0,modis
2023-08-13,-75.39366763294542,4.40760761044389,0.4636,0.8033,0.0,modis
2023-08-29,-75.39366763294542,4.40760761044389,0.38830000000000003,0.8065,0.0,modis
2023-09-14,-75.39366763294542,4.40760761044389,0.5562,0.7204,1.0,modis
2023-09-30,-75.39366763294542,4.40760761044389,0.40340000000000004,0.806,1.0,modis
2023-10-16,-75.39366763294542,4.40760761044389,0.3261,0.7136,1.0,modis
2023-11-17,-75.39366763294542,4.40760761044389,0.44920000000000004,0.7979,1.0,modis
2023-12-03,-75.39366763294542,4.40760761044389,0.42560000000000003,0.7569,1.0,modis
2023-12-19,-75.39366763294542,4.40760761044389,0.404,0.7662,1.0,modis
2024-01-01,-75.39366763294542,4.40760761044389,0.5229,0.7931,0.0,modis
2024-01-17,-75.39366763294542,4.40760761044389,0.5952000000000001,0.7451,0.0,modis
2024-02-02,-75.39366763294542,4.40760761044389,0.46330000000000005,0.7170000000000001,1.0,modis
2024-02-18,-75.39366763294542,4.40760761044389,0.2937,0.865,1.0,modis
2024-03-05,-75.39366763294542,4.40760761044389,0.29910000000000003,0.6828000000000001,1.0,modis
2024-04-06,-75.39366763294542,4.40760761044389,0.3496,0.7769,1.0,modis
2024-04-22,-75.39366763294542,4.40760761044389,0.5698,0.6838000000000001,1.0,modis
2024-05-08,-75.39366763294542,4.40760761044389,0.43060000000000004,0.8355,0.0,modis
2024-05-24,-75.39366763294542,4.40760761044389,0.5531,0.6594,1.0,modis
2024-06-25,-75.39366763294542,4.40760761044389,0.4369,0.8499,1.0,modis
2024-07-27,-75.39366763294542,4.40760761044389,0.5177,0.7488,0.0,modis
2024-08-12,-75.39366763294542,4.40760761044389,0.5862,0.7465,0.0,modis
2024-08-28,-75.39366763294542,4.40760761044389,0.5076,0.758,0.0,modis
2024-09-13,-75.39366763294542,4.40760761044389,0.41440000000000005,0.7653000000000001,0.0,modis
2024-09-29,-75.39366763294542,4.40760761044389,0.48260000000000003,0.8079000000000001,1.0,modis
2024-10-15,-75.39366763294542,4.40760761044389,0.5601,0.7699,0.0,modis
2024-10-31,-75.39366763294542,4.40760761044389,0.6659,0.7863,1.0,modis
2024-11-16,-75.39366763294542,4.40760761044389,0.544,0.6133000000000001,1.0,modis
2024-12-02,-75.39366763294542,4.40760761044389,0.45220000000000005,0.7957000000000001,0.0,modis
2024-12-18,-75.39366763294542,4.40760761044389,0.5187,0.8167000000000001,1.0,modis
2015-01-01,-75.39095069212644,4.641430964431441,0.30260000000000004,0.5689000000000001,0.0,modis
2015-02-18,-75.39095069212644,4.641430964431441,0.25570000000000004,0.6675,1.0,modis
2015-04-23,-75.39095069212644,4.641430964431441,0.3176,0.6239,0.0,modis
2015-09-14,-75.39095069212644,4.641430964431441,0.2459,0.7240000000000001,1.0,modis
2015-12-03,-75.39095069212644,4.641430964431441,0.24070000000000003,0.6389,0.0,modis
2015-12-19,-75.39095069212644,4.641430964431441,0.24300000000000002,0.6998000000000001,0.0,modis
2016-01-01,-75.39095069212644,4.641430964431441,0.2782,0.637,0.0,modis
2016-01-17,-75.39095069212644,4.641430964431441,0.24810000000000001,0.4045,1.0,modis
2016-02-02,-75.39095069212644,4.641430964431441,0.40890000000000004,0.7002,1.0,modis
2016-03-21,-75.39095069212644,4.641430964431441,0.2338,0.6684,0.0,modis
2016-05-24,-75.39095069212644,4.641430964431441,0.2383,0.4696,1.0,modis
2016-06-09,-75.39095069212644,4.641430964431441,0.1836,0.38520000000000004,1.0,modis
2016-06-25,-75.39095069212644,4.641430964431441,0.269,0.6119,0.0,modis
2016-11-16,-75.39095069212644,4.641430964431441,0.2487,0.6102000000000001,0.0,modis
2016-12-02,-75.39095069212644,4.641430964431441,0.23670000000000002,0.6075,1.0,modis
2017-01-17,-75.39095069212644,4.641430964431441,0.2555,0.6618,0.0,modis
2017-02-02,-75.39095069212644,4.641430964431441,0.366,0.6355000000000001,0.0,modis
2017-05-09,-75.39095069212644,4.641430964431441,0.2611,0.5044000000000001,1.0,modis
2017-08-29,-75.39095069212644,4.641430964431441,0.2129,0.4435,1.0,modis
2017-09-14,-75.39095069212644,4.641430964431441,0.25020000000000003,0.5770000000000001,1.0,modis
2018-01-01,-75.39095069212644,4.641430964431441,0.2459,0.5576,0.0,modis
2018-02-18,-75.39095069212644,4.641430964431441,0.23090000000000002,0.6619,0.0,modis
2018-03-06,-75.39095069212644,4.641430964431441,0.323,0.5889,1.0,modis
2018-04-07,-75.39095069212644,4.641430964431441,0.22260000000000002,0.461,1.0,modis
2018-07-28,-75.39095069212644,4.641430964431441,0.24200000000000002,0.6043000000000001,0.0,modis
2018-09-14,-75.39095069212644,4.641430964431441,0.29000000000000004,0.5700000000000001,0.0,modis
2018-12-19,-75.39095069212644,4.641430964431441,0.3079,0.5809000000000001,0.0,modis
2019-01-01,-75.39095069212644,4.641430964431441,0.3079,0.5809000000000001,0.0,modis
2019-02-18,-75.39095069212644,4.641430964431441,0.2346,0.6135,1.0,modis
2019-04-23,-75.39095069212644,4.641430964431441,0.2866,0.6153000000000001,0.0,modis
2019-08-29,-75.39095069212644,4.641430964431441,0.30760000000000004,0.5810000000000001,1.0,modis
2019-11-17,-75.39095069212644,4.641430964431441,0.2859,0.5916,1.0,modis
2020-01-01,-75.39095069212644,4.641430964431441,0.2209,0.7016,0.0,modis
2020-02-02,-75.39095069212644,4.641430964431441,0.276,0.6067,0.0,modis
2020-02-18,-75.39095069212644,4.641430964431441,0.2427,0.5679000000000001,0.0,modis
2020-03-05,-75.39095069212644,4.641430964431441,0.26480000000000004,0.6586000000000001,1.0,modis
2020-03-21,-75.39095069212644,4.641430964431441,0.265,0.6619,0.0,modis
2020-07-27,-75.39095069212644,4.641430964431441,0.2581,0.5818,1.0,modis
2020-08-28,-75.39095069212644,4.641430964431441,0.21330000000000002,0.6138,1.0,modis
2020-11-16,-75.39095069212644,4.641430964431441,0.2411,0.5567,1.0,modis
2020-12-18,-75.39095069212644,4.641430964431441,0.1588,0.6648000000000001,1.0,modis
2021-01-17,-75.39095069212644,4.641430964431441,0.22110000000000002,0.4887,1.0,modis
2021-02-02,-75.39095069212644,4.641430964431441,0.23800000000000002,0.4176,1.0,modis
2021-06-26,-75.39095069212644,4.641430964431441,0.18780000000000002,0.6934,1.0,modis
2021-09-14,-75.39095069212644,4.641430964431441,0.3221,0.6154000000000001,1.0,modis
2021-11-17,-75.39095069212644,4.641430964431441,0.14980000000000002,0.2843,1.0,modis
2022-01-01,-75.39095069212644,4.641430964431441,0.2432,0.5285000000000001,0.0,modis
2022-01-17,-75.39095069212644,4.641430964431441,0.1698,0.4148,1.0,modis
2022-02-02,-75.39095069212644,4.641430964431441,0.22210000000000002,0.7329,1.0,modis
2022-03-06,-75.39095069212644,4.641430964431441,0.20750000000000002,0.6689,0.0,modis
2022-06-10,-75.39095069212644,4.641430964431441,0.2119,0.641,1.0,modis
2022-08-13,-75.39095069212644,4.641430964431441,0.3032,0.5259,1.0,modis
2022-11-17,-75.39095069212644,4.641430964431441,0.2788,0.5507000000000001,1.0,modis
2022-12-03,-75.39095069212644,4.641430964431441,0.1525,0.32480000000000003,1.0,modis
2022-12-19,-75.39095069212644,4.641430964431441,0.2904,0.5195000000000001,1.0,modis
2023-01-17,-75.39095069212644,4.641430964431441,0.21100000000000002,0.6853,0.0,modis
2023-02-02,-75.39095069212644,4.641430964431441,0.22110000000000002,0.5939,1.0,modis
2023-02-18,-75.39095069212644,4.641430964431441,0.2066,0.7511,1.0,modis
2023-05-25,-75.39095069212644,4.641430964431441,0.1894,0.5653,1.0,modis
2023-06-10,-75.39095069212644,4.641430964431441,0.2581,0.4086,1.0,modis
2023-08-13,-75.39095069212644,4.641430964431441,0.2204,0.6244000000000001,0.0,modis
2023-09-14,-75.39095069212644,4.641430964431441,0.2818,0.5797,1.0,modis
2023-11-17,-75.39095069212644,4.641430964431441,0.2373,0.5343,1.0,modis
2023-12-03,-75.39095069212644,4.641430964431441,0.21300000000000002,0.6572,1.0,modis
2024-01-01,-75.39095069212644,4.641430964431441,0.20500000000000002,0.5126000000000001,1.0,modis
2024-01-17,-75.39095069212644,4.641430964431441,0.3884,0.6441,0.0,modis
2024-02-18,-75.39095069212644,4.641430964431441,0.1376,0.3789,1.0,modis
2024-04-06,-75.39095069212644,4.641430964431441,0.2092,0.7509,1.0,modis
2024-05-08,-75.39095069212644,4.641430964431441,0.2028,0.5798,1.0,modis
2024-06-09,-75.39095069212644,4.641430964431441,0.1831,0.5851000000000001,1.0,modis
2024-08-12,-75.39095069212644,4.641430964431441,0.2156,0.46330000000000005,1.0,modis
2024-08-28,-75.39095069212644,4.641430964431441,0.2635,0.6299,0.0,modis
2024-09-29,-75.39095069212644,4.641430964431441,0.1983,0.6875,0.0,modis
2024-10-15,-75.39095069212644,4.641430964431441,0.3123,0.5638000000000001,0.0,modis
2024-12-02,-75.39095069212644,4.641430964431441,0.21960000000000002,0.5205000000000001,1.0,modis
2024-12-18,-75.39095069212644,4.641430964431441,0.22360000000000002,0.6025,1.0,modis
2015-01-01,-75.38712291001272,4.60545814074105,0.4691,0.8744000000000001,0.0,modis
2015-01-17,-75.38712291001272,4.60545814074105,0.2283,0.5176000000000001,1.0,modis
2015-03-06,-75.38712291001272,4.60545814074105,0.5884,0.6765,1.0,modis
2015-04-23,-75.38712291001272,4.60545814074105,0.5552,0.8395,0.0,modis
2015-11-17,-75.38712291001272,4.60545814074105,0.3312,0.7824,1.0,modis
2015-12-03,-75.38712291001272,4.60545814074105,0.431,0.9046000000000001,0.0,modis
2015-12-19,-75.38712291001272,4.60545814074105,0.3579,0.9244,0.0,modis
2016-01-01,-75.38712291001272,4.60545814074105,0.5456,0.8944000000000001,0.0,modis
2016-02-02,-75.38712291001272,4.60545814074105,0.6108,0.8249000000000001,1.0,modis
2016-03-21,-75.38712291001272,4.60545814074105,0.40690000000000004,0.8883000000000001,0.0,modis
2016-05-24,-75.38712291001272,4.60545814074105,0.4224,0.8330000000000001,1.0,modis
2016-06-25,-75.38712291001272,4.60545814074105,0.4685,0.8747,0.0,modis
2016-08-12,-75.38712291001272,4.60545814074105,0.4471,0.7058,1.0,modis
2016-09-13,-75.38712291001272,4.60545814074105,0.41960000000000003,0.8346,1.0,modis
2016-11-16,-75.38712291001272,4.60545814074105,0.4711,0.882,0.0,modis
2017-01-01,-75.38712291001272,4.60545814074105,0.5429,0.8687,0.0,modis
2017-01-17,-75.38712291001272,4.60545814074105,0.5035000000000001,0.8807,0.0,modis
2017-02-02,-75.38712291001272,4.60545814074105,0.5899,0.8541000000000001,0.0,modis
2017-03-22,-75.38712291001272,4.60545814074105,0.29660000000000003,0.4822,1.0,modis
2017-05-09,-75.38712291001272,4.60545814074105,0.46080000000000004,0.6923,1.0,modis
2017-08-29,-75.38712291001272,4.60545814074105,0.32430000000000003,0.7261000000000001,1.0,modis
2017-12-19,-75.38712291001272,4.60545814074105,0.4675,0.643,1.0,modis
2018-01-01,-75.38712291001272,4.60545814074105,0.5048,0.7355,1.0,modis
2018-02-18,-75.38712291001272,4.60545814074105,0.3907,0.8898,0.0,modis
2018-06-26,-75.38712291001272,4.60545814074105,0.4864,0.8641000000000001,1.0,modis
2018-07-28,-75.38712291001272,4.60545814074105,0.4172,0.8802000000000001,0.0,modis
2018-08-13,-75.38712291001272,4.60545814074105,0.43270000000000003,0.8117000000000001,1.0,modis
2018-12-19,-75.38712291001272,4.60545814074105,0.5073,0.8401000000000001,0.0,modis
2019-01-01,-75.38712291001272,4.60545814074105,0.5073,0.8401000000000001,0.0,modis
2019-01-17,-75.38712291001272,4.60545814074105,0.4726,0.8822000000000001,1.0,modis
2019-02-18,-75.38712291001272,4.60545814074105,0.48750000000000004,0.9182,1.0,modis
2019-04-23,-75.38712291001272,4.60545814074105,0.5186000000000001,0.8584,0.0,modis
2019-05-09,-75.38712291001272,4.60545814074105,0.5946,0.8413,1.0,modis
2019-06-26,-75.38712291001272,4.60545814074105,0.4418,0.5916,1.0,modis
2019-11-17,-75.38712291001272,4.60545814074105,0.5415,0.7834,1.0,modis
2020-01-01,-75.38712291001272,4.60545814074105,0.2907,0.896,0.0,modis
2020-01-17,-75.38712291001272,4.60545814074105,0.5666,0.7797000000000001,1.0,modis
2020-02-02,-75.38712291001272,4.60545814074105,0.48560000000000003,0.8736,0.0,modis
2020-02-18,-75.38712291001272,4.60545814074105,0.4531,0.7444000000000001,1.0,modis
2020-03-05,-75.38712291001272,4.60545814074105,0.32070000000000004,0.8068000000000001,1.0,modis
2020-03-21,-75.38712291001272,4.60545814074105,0.4828,0.8997,0.0,modis
2020-06-09,-75.38712291001272,4.60545814074105,0.43160000000000004,0.8943000000000001,1.0,modis
2020-10-31,-75.38712291001272,4.60545814074105,0.6213000000000001,0.8765000000000001,1.0,modis
2021-01-17,-75.38712291001272,4.60545814074105,0.29460000000000003,0.47550000000000003,1.0,modis
2021-12-19,-75.38712291001272,4.60545814074105,0.5948,0.8543000000000001,1.0,modis
2022-01-01,-75.38712291001272,4.60545814074105,0.5488000000000001,0.8716,0.0,modis
2022-02-02,-75.38712291001272,4.60545814074105,0.27690000000000003,0.776,1.0,modis
2022-03-06,-75.38712291001272,4.60545814074105,0.34650000000000003,0.8912,1.0,modis
2022-06-10,-75.38712291001272,4.60545814074105,0.2995,0.7203,1.0,modis
2022-08-13,-75.38712291001272,4.60545814074105,0.3506,0.7682,1.0,modis
2022-11-17,-75.38712291001272,4.60545814074105,0.5666,0.8343,1.0,modis
2022-12-19,-75.38712291001272,4.60545814074105,0.627,0.9184,1.0,modis
2023-01-17,-75.38712291001272,4.60545814074105,0.48700000000000004,0.8848,0.0,modis
2023-05-25,-75.38712291001272,4.60545814074105,0.41540000000000005,0.7067,0.0,modis
2023-06-10,-75.38712291001272,4.60545814074105,0.4297,0.7308,1.0,modis
2023-07-28,-75.38712291001272,4.60545814074105,0.5317000000000001,0.8249000000000001,1.0,modis
2023-08-13,-75.38712291001272,4.60545814074105,0.4026,0.8927,0.0,modis
2023-08-29,-75.38712291001272,4.60545814074105,0.7508,0.8762000000000001,1.0,modis
2023-09-14,-75.38712291001272,4.60545814074105,0.30920000000000003,0.7165,1.0,modis
2023-12-03,-75.38712291001272,4.60545814074105,0.308,0.8619,1.0,modis
2024-01-01,-75.38712291001272,4.60545814074105,0.5232,0.8522000000000001,1.0,modis
2024-01-17,-75.38712291001272,4.60545814074105,0.6581,0.8426,0.0,modis
2024-04-06,-75.38712291001272,4.60545814074105,0.28090000000000004,0.7892,1.0,modis
2024-05-08,-75.38712291001272,4.60545814074105,0.2993,0.5494,1.0,modis
2024-08-12,-75.38712291001272,4.60545814074105,0.28390000000000004,0.8626,1.0,modis
2024-08-28,-75.38712291001272,4.60545814074105,0.45730000000000004,0.8403,0.0,modis
2024-09-13,-75.38712291001272,4.60545814074105,0.3789,0.8778,0.0,modis
2024-09-29,-75.38712291001272,4.60545814074105,0.43810000000000004,0.8888,0.0,modis
2024-10-15,-75.38712291001272,4.60545814074105,0.6053000000000001,0.8037000000000001,1.0,modis
2024-12-02,-75.38712291001272,4.60545814074105,0.3961,0.7598,1.0,modis
2024-12-18,-75.38712291001272,4.60545814074105,0.23370000000000002,0.5904,1.0,modis
2015-01-01,-75.38617066827865,4.596464934818451,0.36260000000000003,0.8686,0.0,modis
2015-01-17,-75.38617066827865,4.596464934818451,0.228,0.48760000000000003,1.0,modis
2015-04-23,-75.38617066827865,4.596464934818451,0.552,0.8283,0.0,modis
2015-09-14,-75.38617066827865,4.596464934818451,0.3088,0.6256,1.0,modis
2015-12-03,-75.38617066827865,4.596464934818451,0.37970000000000004,0.9019,0.0,modis
2015-12-19,-75.38617066827865,4.596464934818451,0.29760000000000003,0.9412,0.0,modis
2016-06-25,-75.38617066827865,4.596464934818451,0.4933,0.8837,0.0,modis
2016-07-11,-75.38617066827865,4.596464934818451,0.2242,0.5722,1.0,modis
2016-08-12,-75.38617066827865,4.596464934818451,0.41050000000000003,0.7473000000000001,1.0,modis
2016-11-16,-75.38617066827865,4.596464934818451,0.40750000000000003,0.8727,0.0,modis
2017-01-17,-75.38617066827865,4.596464934818451,0.3094,0.8942,0.0,modis
2017-02-02,-75.38617066827865,4.596464934818451,0.5631,0.8408,0.0,modis
2017-05-09,-75.38617066827865,4.596464934818451,0.35660000000000003,0.7817000000000001,1.0,modis
2017-08-29,-75.38617066827865,4.596464934818451,0.30870000000000003,0.7103,1.0,modis
2017-11-17,-75.38617066827865,4.596464934818451,0.24750000000000003,0.5399,1.0,modis
2018-02-18,-75.38617066827865,4.596464934818451,0.4092,0.89,0.0,modis
2018-04-07,-75.38617066827865,4.596464934818451,0.2508,0.6237,1.0,modis
2018-06-26,-75.38617066827865,4.596464934818451,0.40940000000000004,0.6352,1.0,modis
2018-07-28,-75.38617066827865,4.596464934818451,0.40090000000000003,0.8751,0.0,modis
2018-12-19,-75.38617066827865,4.596464934818451,0.2778,0.6354000000000001,1.0,modis
2019-01-01,-75.38617066827865,4.596464934818451,0.3211,0.7389,1.0,modis
2019-02-18,-75.38617066827865,4.596464934818451,0.36960000000000004,0.5719000000000001,1.0,modis
2019-04-23,-75.38617066827865,4.596464934818451,0.5123,0.8521000000000001,0.0,modis
2020-01-01,-75.38617066827865,4.596464934818451,0.26980000000000004,0.8756,0.0,modis
2020-01-17,-75.38617066827865,4.596464934818451,0.555,0.7149,1.0,modis
2020-02-02,-75.38617066827865,4.596464934818451,0.4806,0.8806,0.0,modis
2020-02-18,-75.38617066827865,4.596464934818451,0.4287,0.7676000000000001,1.0,modis
2020-03-05,-75.38617066827865,4.596464934818451,0.2841,0.6482,1.0,modis
2020-03-21,-75.38617066827865,4.596464934818451,0.4661,0.9072,0.0,modis
2020-06-09,-75.38617066827865,4.596464934818451,0.44170000000000004,0.7100000000000001,1.0,modis
2020-10-31,-75.38617066827865,4.596464934818451,0.5986,0.8441000000000001,1.0,modis
2021-01-17,-75.38617066827865,4.596464934818451,0.29460000000000003,0.47550000000000003,1.0,modis
2021-06-26,-75.38617066827865,4.596464934818451,0.4499,0.8109000000000001,1.0,modis
2021-09-14,-75.38617066827865,4.596464934818451,0.513,0.7552,1.0,modis
2021-12-19,-75.38617066827865,4.596464934818451,0.5359,0.7869,1.0,modis
2022-01-01,-75.38617066827865,4.596464934818451,0.4691,0.8550000000000001,0.0,modis
2022-02-02,-75.38617066827865,4.596464934818451,0.25120000000000003,0.7061000000000001,1.0,modis
2022-03-06,-75.38617066827865,4.596464934818451,0.322,0.889,1.0,modis
2022-07-28,-75.38617066827865,4.596464934818451,0.24710000000000001,0.4693,1.0,modis
2022-11-17,-75.38617066827865,4.596464934818451,0.513,0.7493000000000001,1.0,modis
2022-12-03,-75.38617066827865,4.596464934818451,0.447,0.8553000000000001,1.0,modis
2022-12-19,-75.38617066827865,4.596464934818451,0.47890000000000005,0.6813,1.0,modis
2023-01-17,-75.38617066827865,4.596464934818451,0.2771,0.9,0.0,modis
2023-02-02,-75.38617066827865,4.596464934818451,0.6531,0.8169000000000001,1.0,modis
2023-06-10,-75.38617066827865,4.596464934818451,0.3766,0.6627000000000001,1.0,modis
2023-08-13,-75.38617066827865,4.596464934818451,0.3917,0.7603000000000001,1.0,modis
2023-08-29,-75.38617066827865,4.596464934818451,0.6419,0.7606,1.0,modis
2024-01-01,-75.38617066827865,4.596464934818451,0.1854,0.49970000000000003,1.0,modis
2024-01-17,-75.38617066827865,4.596464934818451,0.6379,0.8283,0.0,modis
2024-02-02,-75.38617066827865,4.596464934818451,0.5292,0.7758,1.0,modis
2024-05-08,-75.38617066827865,4.596464934818451,0.3049,0.5363,1.0,modis
2024-08-12,-75.38617066827865,4.596464934818451,0.257,0.8541000000000001,1.0,modis
2024-08-28,-75.38617066827865,4.596464934818451,0.4228,0.8011,0.0,modis
2024-09-13,-75.38617066827865,4.596464934818451,0.3451,0.8788,0.0,modis
2024-09-29,-75.38617066827865,4.596464934818451,0.3178,0.9212,0.0,modis
2024-10-15,-75.38617066827865,4.596464934818451,0.5501,0.7719,1.0,modis
2024-12-02,-75.38617066827865,4.596464934818451,0.32530000000000003,0.6706000000000001,1.0,modis
2015-01-01,-75.37619819859158,4.587471728895854,0.33580000000000004,0.8298000000000001,0.0,modis
2015-04-23,-75.37619819859158,4.587471728895854,0.451,0.7774000000000001,1.0,modis
2015-09-14,-75.37619819859158,4.587471728895854,0.29460000000000003,0.8983000000000001,1.0,modis
2015-12-03,-75.37619819859158,4.587471728895854,0.3144,0.8601000000000001,0.0,modis
2015-12-19,-75.37619819859158,4.587471728895854,0.2685,0.9085000000000001,0.0,modis
2016-01-01,-75.37619819859158,4.587471728895854,0.4101,0.8683000000000001,0.0,modis
2016-03-21,-75.37619819859158,4.587471728895854,0.2942,0.8547,0.0,modis
2016-05-24,-75.37619819859158,4.587471728895854,0.3128,0.6421,1.0,modis
2016-06-25,-75.37619819859158,4.587471728895854,0.39030000000000004,0.8539,0.0,modis
2016-07-11,-75.37619819859158,4.587471728895854,0.23070000000000002,0.6896,1.0,modis
2016-08-12,-75.37619819859158,4.587471728895854,0.39980000000000004,0.7748,1.0,modis
2016-09-29,-75.37619819859158,4.587471728895854,0.21350000000000002,0.3739,1.0,modis
2016-10-15,-75.37619819859158,4.587471728895854,0.16160000000000002,0.41140000000000004,1.0,modis
2016-11-16,-75.37619819859158,4.587471728895854,0.3567,0.8429000000000001,0.0,modis
2017-01-01,-75.37619819859158,4.587471728895854,0.437,0.774,1.0,modis
2017-02-02,-75.37619819859158,4.587471728895854,0.4993,0.8236,0.0,modis
2017-08-29,-75.37619819859158,4.587471728895854,0.2886,0.5688,1.0,modis
2018-01-01,-75.37619819859158,4.587471728895854,0.48960000000000004,0.8664000000000001,0.0,modis
2018-02-18,-75.37619819859158,4.587471728895854,0.3413,0.8677,0.0,modis
2018-07-28,-75.37619819859158,4.587471728895854,0.3483,0.8506,0.0,modis
2018-09-14,-75.37619819859158,4.587471728895854,0.40640000000000004,0.7627,0.0,modis
2018-12-19,-75.37619819859158,4.587471728895854,0.46340000000000003,0.8361000000000001,0.0,modis
2019-01-01,-75.37619819859158,4.587471728895854,0.46340000000000003,0.8361000000000001,0.0,modis
2019-01-17,-75.37619819859158,4.587471728895854,0.4187,0.8685,0.0,modis
2019-04-23,-75.37619819859158,4.587471728895854,0.4445,0.8303,0.0,modis
2019-11-17,-75.37619819859158,4.587471728895854,0.48860000000000003,0.8032,1.0,modis
2020-01-01,-75.37619819859158,4.587471728895854,0.2555,0.8469,0.0,modis
2020-02-02,-75.37619819859158,4.587471728895854,0.5223,0.8201,1.0,modis
2020-02-18,-75.37619819859158,4.587471728895854,0.38070000000000004,0.8059000000000001,0.0,modis
2020-03-05,-75.37619819859158,4.587471728895854,0.34600000000000003,0.8032,1.0,modis
2020-03-21,-75.37619819859158,4.587471728895854,0.3773,0.8764000000000001,0.0,modis
2020-06-09,-75.37619819859158,4.587471728895854,0.25680000000000003,0.3961,1.0,modis
2021-01-17,-75.37619819859158,4.587471728895854,0.2616,0.7869,0.0,modis
2021-06-26,-75.37619819859158,4.587471728895854,0.276,0.5640000000000001,1.0,modis
2021-09-14,-75.37619819859158,4.587471728895854,0.5044000000000001,0.8079000000000001,1.0,modis
2022-01-01,-75.37619819859158,4.587471728895854,0.4369,0.8284,0.0,modis
2022-02-02,-75.37619819859158,4.587471728895854,0.2083,0.49450000000000005,1.0,modis
2022-03-06,-75.37619819859158,4.587471728895854,0.22360000000000002,0.7403000000000001,1.0,modis
2022-06-10,-75.37619819859158,4.587471728895854,0.2303,0.6298,1.0,modis
2022-12-19,-75.37619819859158,4.587471728895854,0.5133,0.8191,1.0,modis
2023-01-17,-75.37619819859158,4.587471728895854,0.2826,0.8203,0.0,modis
2023-02-18,-75.37619819859158,4.587471728895854,0.2122,0.7958000000000001,1.0,modis
2023-05-25,-75.37619819859158,4.587471728895854,0.3064,0.4954,1.0,modis
2023-06-10,-75.37619819859158,4.587471728895854,0.31920000000000004,0.6728000000000001,0.0,modis
2023-08-29,-75.37619819859158,4.587471728895854,0.4934,0.7513000000000001,1.0,modis
2023-09-14,-75.37619819859158,4.587471728895854,0.48360000000000003,0.6687000000000001,1.0,modis
2024-01-17,-75.37619819859158,4.587471728895854,0.5009,0.7908000000000001,0.0,modis
2024-04-06,-75.37619819859158,4.587471728895854,0.2281,0.8392000000000001,1.0,modis
2024-08-12,-75.37619819859158,4.587471728895854,0.2257,0.8381000000000001,1.0,modis
2024-08-28,-75.37619819859158,4.587471728895854,0.3694,0.7729,0.0,modis
2024-09-13,-75.37619819859158,4.587471728895854,0.2767,0.8754000000000001,0.0,modis
2024-09-29,-75.37619819859158,4.587471728895854,0.2005,0.5425,1.0,modis
2024-10-15,-75.37619819859158,4.587471728895854,0.46240000000000003,0.7713,1.0,modis
2024-12-18,-75.37619819859158,4.587471728895854,0.22640000000000002,0.49210000000000004,1.0,modis
2015-01-01,-75.37582014790972,4.497539669669868,0.4384,0.8190000000000001,0.0,modis
2015-02-02,-75.37582014790972,4.497539669669868,0.3906,0.8211,1.0,modis
2015-04-23,-75.37582014790972,4.497539669669868,0.4073,0.8668,0.0,modis
2015-06-10,-75.37582014790972,4.497539669669868,0.36060000000000003,0.8448,1.0,modis
2015-06-26,-75.37582014790972,4.497539669669868,0.35860000000000003,0.6455000000000001,1.0,modis
2015-07-12,-75.37582014790972,4.497539669669868,0.5891000000000001,0.8333,1.0,modis
2015-09-14,-75.37582014790972,4.497539669669868,0.3909,0.8217,1.0,modis
2015-10-16,-75.37582014790972,4.497539669669868,0.444,0.8703000000000001,1.0,modis
2015-12-03,-75.37582014790972,4.497539669669868,0.4293,0.8377,0.0,modis
2015-12-19,-75.37582014790972,4.497539669669868,0.3648,0.8585,0.0,modis
2016-01-01,-75.37582014790972,4.497539669669868,0.4917,0.7586,1.0,modis
2016-02-02,-75.37582014790972,4.497539669669868,0.5292,0.7665000000000001,1.0,modis
2016-03-05,-75.37582014790972,4.497539669669868,0.5439,0.8094,1.0,modis
2016-03-21,-75.37582014790972,4.497539669669868,0.4702,0.7771,1.0,modis
2016-05-08,-75.37582014790972,4.497539669669868,0.41340000000000005,0.7234,1.0,modis
2016-05-24,-75.37582014790972,4.497539669669868,0.4425,0.8295,0.0,modis
2016-06-09,-75.37582014790972,4.497539669669868,0.4257,0.5710000000000001,1.0,modis
2016-06-25,-75.37582014790972,4.497539669669868,0.5176000000000001,0.8190000000000001,0.0,modis
2016-07-27,-75.37582014790972,4.497539669669868,0.5935,0.7645000000000001,1.0,modis
2016-08-12,-75.37582014790972,4.497539669669868,0.5078,0.7173,0.0,modis
2016-09-13,-75.37582014790972,4.497539669669868,0.4449,0.8467,1.0,modis
2016-09-29,-75.37582014790972,4.497539669669868,0.4176,0.86,1.0,modis
2016-10-15,-75.37582014790972,4.497539669669868,0.3965,0.8430000000000001,1.0,modis
2016-11-16,-75.37582014790972,4.497539669669868,0.4621,0.8323,0.0,modis
2017-01-01,-75.37582014790972,4.497539669669868,0.5889,0.7851,1.0,modis
2017-01-17,-75.37582014790972,4.497539669669868,0.5405,0.8045,1.0,modis
2017-02-02,-75.37582014790972,4.497539669669868,0.3957,0.8488,0.0,modis
2017-02-18,-75.37582014790972,4.497539669669868,0.5727,0.8405,1.0,modis
2017-04-23,-75.37582014790972,4.497539669669868,0.608,0.8368,1.0,modis
2017-05-09,-75.37582014790972,4.497539669669868,0.5406000000000001,0.8605,1.0,modis
2017-05-25,-75.37582014790972,4.497539669669868,0.47890000000000005,0.8609,0.0,modis
2017-08-29,-75.37582014790972,4.497539669669868,0.34990000000000004,0.8574,0.0,modis
2017-12-03,-75.37582014790972,4.497539669669868,0.3144,0.8288000000000001,1.0,modis
2018-01-01,-75.37582014790972,4.497539669669868,0.47840000000000005,0.8545,0.0,modis
2018-01-17,-75.37582014790972,4.497539669669868,0.5213,0.7895000000000001,1.0,modis
2018-02-18,-75.37582014790972,4.497539669669868,0.4802,0.8130000000000001,0.0,modis
2018-03-06,-75.37582014790972,4.497539669669868,0.524,0.8057000000000001,0.0,modis
2018-05-25,-75.37582014790972,4.497539669669868,0.47390000000000004,0.8408,0.0,modis
2018-07-28,-75.37582014790972,4.497539669669868,0.5383,0.8042,0.0,modis
2018-08-13,-75.37582014790972,4.497539669669868,0.5770000000000001,0.8478,0.0,modis
2018-08-29,-75.37582014790972,4.497539669669868,0.685,0.8308000000000001,1.0,modis
2018-09-14,-75.37582014790972,4.497539669669868,0.5623,0.8220000000000001,0.0,modis
2018-10-16,-75.37582014790972,4.497539669669868,0.4323,0.8185,1.0,modis
2018-11-01,-75.37582014790972,4.497539669669868,0.5183,0.8270000000000001,1.0,modis
2018-12-03,-75.37582014790972,4.497539669669868,0.4016,0.8302,1.0,modis
2018-12-19,-75.37582014790972,4.497539669669868,0.5295,0.7947000000000001,0.0,modis
2019-01-01,-75.37582014790972,4.497539669669868,0.5295,0.7947000000000001,0.0,modis
2019-02-02,-75.37582014790972,4.497539669669868,0.2424,0.44620000000000004,1.0,modis
2019-02-18,-75.37582014790972,4.497539669669868,0.4302,0.7879,0.0,modis
2019-04-23,-75.37582014790972,4.497539669669868,0.5363,0.8092,0.0,modis
2019-05-09,-75.37582014790972,4.497539669669868,0.3533,0.6689,1.0,modis
2019-05-25,-75.37582014790972,4.497539669669868,0.4501,0.8471000000000001,0.0,modis
2019-06-10,-75.37582014790972,4.497539669669868,0.5529000000000001,0.8281000000000001,1.0,modis
2019-06-26,-75.37582014790972,4.497539669669868,0.5309,0.7982,0.0,modis
2019-07-28,-75.37582014790972,4.497539669669868,0.40740000000000004,0.7168,1.0,modis
2019-08-13,-75.37582014790972,4.497539669669868,0.4388,0.8216,1.0,modis
2019-08-29,-75.37582014790972,4.497539669669868,0.4524,0.8922,1.0,modis
2019-11-17,-75.37582014790972,4.497539669669868,0.5433,0.8153,1.0,modis
2020-01-01,-75.37582014790972,4.497539669669868,0.39390000000000003,0.8564,0.0,modis
2020-01-17,-75.37582014790972,4.497539669669868,0.5445,0.8594,1.0,modis
2020-02-02,-75.37582014790972,4.497539669669868,0.509,0.7865000000000001,0.0,modis
2020-02-18,-75.37582014790972,4.497539669669868,0.44480000000000003,0.8188000000000001,0.0,modis
2020-03-05,-75.37582014790972,4.497539669669868,0.4254,0.7965,1.0,modis
2020-03-21,-75.37582014790972,4.497539669669868,0.508,0.8643000000000001,1.0,modis
2020-04-06,-75.37582014790972,4.497539669669868,0.4712,0.7575000000000001,1.0,modis
2020-05-24,-75.37582014790972,4.497539669669868,0.4777,0.8673000000000001,0.0,modis
2020-06-09,-75.37582014790972,4.497539669669868,0.5152,0.8031,0.0,modis
2020-07-27,-75.37582014790972,4.497539669669868,0.5179,0.8204,0.0,modis
2020-08-28,-75.37582014790972,4.497539669669868,0.4817,0.6394000000000001,1.0,modis
2020-10-31,-75.37582014790972,4.497539669669868,0.5840000000000001,0.8350000000000001,1.0,modis
2020-12-02,-75.37582014790972,4.497539669669868,0.4078,0.8822000000000001,1.0,modis
2020-12-18,-75.37582014790972,4.497539669669868,0.4143,0.8353,1.0,modis
2021-01-17,-75.37582014790972,4.497539669669868,0.3934,0.8559,1.0,modis
2021-05-25,-75.37582014790972,4.497539669669868,0.47350000000000003,0.7958000000000001,1.0,modis
2021-06-10,-75.37582014790972,4.497539669669868,0.19240000000000002,0.8255,1.0,modis
2021-06-26,-75.37582014790972,4.497539669669868,0.5167,0.7301000000000001,0.0,modis
2021-07-12,-75.37582014790972,4.497539669669868,0.47950000000000004,0.7527,1.0,modis
2021-09-14,-75.37582014790972,4.497539669669868,0.6478,0.7626000000000001,0.0,modis
2021-09-30,-75.37582014790972,4.497539669669868,0.604,0.8132,1.0,modis
2021-11-01,-75.37582014790972,4.497539669669868,0.556,0.8982,1.0,modis
2021-11-17,-75.37582014790972,4.497539669669868,0.5232,0.8546,0.0,modis
2021-12-19,-75.37582014790972,4.497539669669868,0.5084000000000001,0.8341000000000001,1.0,modis
2022-01-01,-75.37582014790972,4.497539669669868,0.5436,0.8454,0.0,modis
2022-03-06,-75.37582014790972,4.497539669669868,0.4121,0.8673000000000001,1.0,modis
2022-04-07,-75.37582014790972,4.497539669669868,0.5622,0.7369,1.0,modis
2022-05-09,-75.37582014790972,4.497539669669868,0.43770000000000003,0.8350000000000001,1.0,modis
2022-06-10,-75.37582014790972,4.497539669669868,0.3539,0.8344,1.0,modis
2022-06-26,-75.37582014790972,4.497539669669868,0.22990000000000002,0.7242000000000001,1.0,modis
2022-07-12,-75.37582014790972,4.497539669669868,0.3634,0.7642,1.0,modis
2022-07-28,-75.37582014790972,4.497539669669868,0.5495,0.78,1.0,modis
2022-08-13,-75.37582014790972,4.497539669669868,0.3895,0.789,1.0,modis
2022-08-29,-75.37582014790972,4.497539669669868,0.5542,0.8662000000000001,1.0,modis
2022-09-30,-75.37582014790972,4.497539669669868,0.4494,0.8859,1.0,modis
2022-12-19,-75.37582014790972,4.497539669669868,0.4051,0.8423,1.0,modis
2023-01-17,-75.37582014790972,4.497539669669868,0.4524,0.8396,0.0,modis
2023-02-02,-75.37582014790972,4.497539669669868,0.24150000000000002,0.6904,1.0,modis
2023-02-18,-75.37582014790972,4.497539669669868,0.5112,0.8334,1.0,modis
2023-03-06,-75.37582014790972,4.497539669669868,0.5288,0.5900000000000001,1.0,modis
2023-05-25,-75.37582014790972,4.497539669669868,0.4297,0.8481000000000001,0.0,modis
2023-06-10,-75.37582014790972,4.497539669669868,0.5629000000000001,0.8334,0.0,modis
2023-07-12,-75.37582014790972,4.497539669669868,0.5189,0.8156,1.0,modis
2023-07-28,-75.37582014790972,4.497539669669868,0.6005,0.8569,0.0,modis
2023-08-13,-75.37582014790972,4.497539669669868,0.45730000000000004,0.8529,0.0,modis
2023-08-29,-75.37582014790972,4.497539669669868,0.7036,0.8169000000000001,0.0,modis
2023-09-14,-75.37582014790972,4.497539669669868,0.6686000000000001,0.8150000000000001,1.0,modis
2023-09-30,-75.37582014790972,4.497539669669868,0.29450000000000004,0.7374,1.0,modis
2023-11-01,-75.37582014790972,4.497539669669868,0.6296,0.8458,1.0,modis
2023-11-17,-75.37582014790972,4.497539669669868,0.3131,0.746,1.0,modis
2023-12-03,-75.37582014790972,4.497539669669868,0.3266,0.49570000000000003,1.0,modis
2023-12-19,-75.37582014790972,4.497539669669868,0.2358,0.5524,1.0,modis
2024-01-01,-75.37582014790972,4.497539669669868,0.3415,0.7593000000000001,1.0,modis
2024-01-17,-75.37582014790972,4.497539669669868,0.5945,0.7937000000000001,0.0,modis
2024-02-18,-75.37582014790972,4.497539669669868,0.3416,0.6898000000000001,1.0,modis
2024-03-05,-75.37582014790972,4.497539669669868,0.4728,0.7932,1.0,modis
2024-04-06,-75.37582014790972,4.497539669669868,0.3032,0.8130000000000001,1.0,modis
2024-04-22,-75.37582014790972,4.497539669669868,0.3529,0.7714000000000001,1.0,modis
2024-05-08,-75.37582014790972,4.497539669669868,0.37570000000000003,0.8462000000000001,0.0,modis
2024-06-25,-75.37582014790972,4.497539669669868,0.3876,0.8565,1.0,modis
2024-07-27,-75.37582014790972,4.497539669669868,0.5766,0.7099000000000001,1.0,modis
2024-08-12,-75.37582014790972,4.497539669669868,0.5667,0.7931,0.0,modis
2024-08-28,-75.37582014790972,4.497539669669868,0.5369,0.8219000000000001,0.0,modis
2024-09-13,-75.37582014790972,4.497539669669868,0.4635,0.8548,0.0,modis
2024-09-29,-75.37582014790972,4.497539669669868,0.3841,0.8493,1.0,modis
2024-10-15,-75.37582014790972,4.497539669669868,0.4113,0.8827,0.0,modis
2024-10-31,-75.37582014790972,4.497539669669868,0.42500000000000004,0.7839,1.0,modis
2024-11-16,-75.37582014790972,4.497539669669868,0.5899,0.8297,1.0,modis
2024-12-02,-75.37582014790972,4.497539669669868,0.541,0.8687,1.0,modis
2015-01-01,-75.36679916368767,4.497539669669868,0.375,0.7817000000000001,0.0,modis
2015-04-23,-75.36679916368767,4.497539669669868,0.3428,0.9087000000000001,0.0,modis
2015-09-14,-75.36679916368767,4.497539669669868,0.2972,0.88,1.0,modis
2015-12-03,-75.36679916368767,4.497539669669868,0.38220000000000004,0.8741,0.0,modis
2015-12-19,-75.36679916368767,4.497539669669868,0.334,0.8978,0.0,modis
2016-01-17,-75.36679916368767,4.497539669669868,0.342,0.8502000000000001,1.0,modis
2016-03-21,-75.36679916368767,4.497539669669868,0.4102,0.8283,1.0,modis
2016-06-09,-75.36679916368767,4.497539669669868,0.2381,0.7712,0.0,modis
2016-07-27,-75.36679916368767,4.497539669669868,0.5801000000000001,0.7463000000000001,1.0,modis
2016-08-12,-75.36679916368767,4.497539669669868,0.4898,0.6947,0.0,modis
2016-09-29,-75.36679916368767,4.497539669669868,0.3855,0.888,1.0,modis
2016-10-15,-75.36679916368767,4.497539669669868,0.35450000000000004,0.8389000000000001,1.0,modis
2016-11-16,-75.36679916368767,4.497539669669868,0.4471,0.8281000000000001,0.0,modis
2017-02-02,-75.36679916368767,4.497539669669868,0.3269,0.8832000000000001,0.0,modis
2017-04-23,-75.36679916368767,4.497539669669868,0.55,0.8547,1.0,modis
2017-05-09,-75.36679916368767,4.497539669669868,0.4682,0.8177000000000001,0.0,modis
2017-05-25,-75.36679916368767,4.497539669669868,0.3775,0.9187000000000001,1.0,modis
2017-08-29,-75.36679916368767,4.497539669669868,0.2795,0.9131,0.0,modis
2017-09-14,-75.36679916368767,4.497539669669868,0.49760000000000004,0.8379000000000001,1.0,modis
2017-12-03,-75.36679916368767,4.497539669669868,0.3144,0.8288000000000001,1.0,modis
2018-01-01,-75.36679916368767,4.497539669669868,0.468,0.8115,1.0,modis
2018-02-18,-75.36679916368767,4.497539669669868,0.39480000000000004,0.8798,1.0,modis
2018-03-06,-75.36679916368767,4.497539669669868,0.4545,0.8205,0.0,modis
2018-05-25,-75.36679916368767,4.497539669669868,0.42110000000000003,0.8597,0.0,modis
2018-07-28,-75.36679916368767,4.497539669669868,0.5169,0.8123,0.0,modis
2018-08-13,-75.36679916368767,4.497539669669868,0.4757,0.8313,0.0,modis
2018-09-14,-75.36679916368767,4.497539669669868,0.5105000000000001,0.8331000000000001,0.0,modis
2018-10-16,-75.36679916368767,4.497539669669868,0.3614,0.8117000000000001,1.0,modis
2018-12-03,-75.36679916368767,4.497539669669868,0.3649,0.8007000000000001,1.0,modis
2018-12-19,-75.36679916368767,4.497539669669868,0.5119,0.8074,0.0,modis
2019-01-01,-75.36679916368767,4.497539669669868,0.5119,0.8074,0.0,modis
2019-02-18,-75.36679916368767,4.497539669669868,0.25930000000000003,0.732,1.0,modis
2019-04-23,-75.36679916368767,4.497539669669868,0.5025000000000001,0.803,0.0,modis
2019-05-25,-75.36679916368767,4.497539669669868,0.3463,0.8886000000000001,0.0,modis
2019-06-10,-75.36679916368767,4.497539669669868,0.5007,0.8180000000000001,1.0,modis
2019-06-26,-75.36679916368767,4.497539669669868,0.5378000000000001,0.797,0.0,modis
2019-08-13,-75.36679916368767,4.497539669669868,0.4388,0.8216,1.0,modis
2019-08-29,-75.36679916368767,4.497539669669868,0.40940000000000004,0.8882,1.0,modis
2020-01-01,-75.36679916368767,4.497539669669868,0.3249,0.9035000000000001,0.0,modis
2020-02-02,-75.36679916368767,4.497539669669868,0.47050000000000003,0.8082,0.0,modis
2020-02-18,-75.36679916368767,4.497539669669868,0.3506,0.7053,0.0,modis
2020-03-05,-75.36679916368767,4.497539669669868,0.3178,0.7941,1.0,modis
2020-03-21,-75.36679916368767,4.497539669669868,0.40040000000000003,0.8908,1.0,modis
2020-05-24,-75.36679916368767,4.497539669669868,0.3835,0.8873000000000001,0.0,modis
2020-06-09,-75.36679916368767,4.497539669669868,0.2962,0.5379,1.0,modis
2020-07-27,-75.36679916368767,4.497539669669868,0.4879,0.8312,0.0,modis
2020-12-02,-75.36679916368767,4.497539669669868,0.3316,0.8803000000000001,1.0,modis
2021-01-17,-75.36679916368767,4.497539669669868,0.3042,0.86,0.0,modis
2021-05-25,-75.36679916368767,4.497539669669868,0.3648,0.8168000000000001,1.0,modis
2021-06-10,-75.36679916368767,4.497539669669868,0.2902,0.8213,1.0,modis
2021-06-26,-75.36679916368767,4.497539669669868,0.5022,0.6990000000000001,0.0,modis
2021-09-14,-75.36679916368767,4.497539669669868,0.5612,0.7833,0.0,modis
2021-09-30,-75.36679916368767,4.497539669669868,0.5925,0.8063,1.0,modis
2021-11-01,-75.36679916368767,4.497539669669868,0.42850000000000005,0.8724000000000001,1.0,modis
2021-11-17,-75.36679916368767,4.497539669669868,0.3845,0.7008,0.0,modis
2021-12-19,-75.36679916368767,4.497539669669868,0.3161,0.7689,1.0,modis
2022-01-01,-75.36679916368767,4.497539669669868,0.40040000000000003,0.7619,1.0,modis
2022-03-06,-75.36679916368767,4.497539669669868,0.3307,0.8847,1.0,modis
2022-04-07,-75.36679916368767,4.497539669669868,0.5046,0.774,1.0,modis
2022-07-28,-75.36679916368767,4.497539669669868,0.4988,0.7938000000000001,1.0,modis
2022-12-19,-75.36679916368767,4.497539669669868,0.3738,0.7981,1.0,modis
2023-01-17,-75.36679916368767,4.497539669669868,0.25370000000000004,0.5727,1.0,modis
2023-02-18,-75.36679916368767,4.497539669669868,0.3754,0.8207,1.0,modis
2023-05-25,-75.36679916368767,4.497539669669868,0.3317,0.8709,0.0,modis
2023-06-10,-75.36679916368767,4.497539669669868,0.4812,0.8111,1.0,modis
2023-08-13,-75.36679916368767,4.497539669669868,0.3375,0.8532000000000001,0.0,modis
2023-09-14,-75.36679916368767,4.497539669669868,0.5614,0.7194,1.0,modis
2023-11-01,-75.36679916368767,4.497539669669868,0.6316,0.7703,1.0,modis
2023-12-03,-75.36679916368767,4.497539669669868,0.3039,0.8396,1.0,modis
2024-01-17,-75.36679916368767,4.497539669669868,0.5565,0.7859,0.0,modis
2024-02-18,-75.36679916368767,4.497539669669868,0.23520000000000002,0.6146,1.0,modis
2024-03-05,-75.36679916368767,4.497539669669868,0.3467,0.7362000000000001,1.0,modis
2024-04-06,-75.36679916368767,4.497539669669868,0.2797,0.8215,1.0,modis
2024-05-08,-75.36679916368767,4.497539669669868,0.248,0.8548,0.0,modis
2024-06-25,-75.36679916368767,4.497539669669868,0.3507,0.8150000000000001,1.0,modis
2024-07-11,-75.36679916368767,4.497539669669868,0.1937,0.5542,1.0,modis
2024-08-12,-75.36679916368767,4.497539669669868,0.5256000000000001,0.772,0.0,modis
2024-08-28,-75.36679916368767,4.497539669669868,0.40180000000000005,0.7631,0.0,modis
2024-09-13,-75.36679916368767,4.497539669669868,0.32320000000000004,0.8459,0.0,modis
2024-09-29,-75.36679916368767,4.497539669669868,0.3408,0.8206,1.0,modis
2024-10-15,-75.36679916368767,4.497539669669868,0.5223,0.7644000000000001,0.0,modis
2024-12-02,-75.36679916368767,4.497539669669868,0.3044,0.6368,1.0,modis
2015-01-01,-75.35625958299778,4.569485317050658,0.39540000000000003,0.8684000000000001,0.0,modis
2015-04-23,-75.35625958299778,4.569485317050658,0.4859,0.7594000000000001,1.0,modis
2015-06-10,-75.35625958299778,4.569485317050658,0.3554,0.901,1.0,modis
2015-07-12,-75.35625958299778,4.569485317050658,0.5243,0.8726,1.0,modis
2015-09-14,-75.35625958299778,4.569485317050658,0.35750000000000004,0.8776,1.0,modis
2015-12-03,-75.35625958299778,4.569485317050658,0.36760000000000004,0.9016000000000001,0.0,modis
2015-12-19,-75.35625958299778,4.569485317050658,0.328,0.9001,0.0,modis
2016-03-21,-75.35625958299778,4.569485317050658,0.20400000000000001,0.6107,1.0,modis
2016-05-24,-75.35625958299778,4.569485317050658,0.324,0.7377,1.0,modis
2016-06-25,-75.35625958299778,4.569485317050658,0.46340000000000003,0.8642000000000001,0.0,modis
2016-08-12,-75.35625958299778,4.569485317050658,0.5221,0.8420000000000001,0.0,modis
2016-11-16,-75.35625958299778,4.569485317050658,0.45830000000000004,0.8618,0.0,modis
2017-01-01,-75.35625958299778,4.569485317050658,0.5344,0.6515000000000001,1.0,modis
2017-02-02,-75.35625958299778,4.569485317050658,0.5615,0.8331000000000001,0.0,modis
2017-05-09,-75.35625958299778,4.569485317050658,0.4733,0.8462000000000001,1.0,modis
2017-08-13,-75.35625958299778,4.569485317050658,0.3669,0.7272000000000001,1.0,modis
2018-07-28,-75.35625958299778,4.569485317050658,0.5124000000000001,0.8509,0.0,modis
2018-09-14,-75.35625958299778,4.569485317050658,0.5122,0.8348,0.0,modis
2018-12-19,-75.35625958299778,4.569485317050658,0.3322,0.8928,0.0,modis
2019-01-01,-75.35625958299778,4.569485317050658,0.3322,0.8928,0.0,modis
2019-04-23,-75.35625958299778,4.569485317050658,0.5242,0.8552000000000001,0.0,modis
2019-06-26,-75.35625958299778,4.569485317050658,0.3991,0.6646000000000001,1.0,modis
2020-01-01,-75.35625958299778,4.569485317050658,0.3398,0.8299000000000001,1.0,modis
2020-02-18,-75.35625958299778,4.569485317050658,0.45630000000000004,0.8499,0.0,modis
2020-03-21,-75.35625958299778,4.569485317050658,0.48200000000000004,0.909,0.0,modis
2020-04-06,-75.35625958299778,4.569485317050658,0.5953,0.7856000000000001,1.0,modis
2020-07-27,-75.35625958299778,4.569485317050658,0.5163,0.6979000000000001,1.0,modis
2021-01-17,-75.35625958299778,4.569485317050658,0.2818,0.8487,0.0,modis
2021-06-26,-75.35625958299778,4.569485317050658,0.512,0.8616,0.0,modis
2021-09-14,-75.35625958299778,4.569485317050658,0.5346000000000001,0.7708,1.0,modis
2022-01-01,-75.35625958299778,4.569485317050658,0.5188,0.8617,0.0,modis
2022-03-06,-75.35625958299778,4.569485317050658,0.2967,0.7789,1.0,modis
2022-08-13,-75.35625958299778,4.569485317050658,0.37160000000000004,0.7216,1.0,modis
2023-01-17,-75.35625958299778,4.569485317050658,0.331,0.5814,1.0,modis
2023-06-10,-75.35625958299778,4.569485317050658,0.5104000000000001,0.8523000000000001,0.0,modis
2023-07-28,-75.35625958299778,4.569485317050658,0.4637,0.7188,1.0,modis
2023-08-29,-75.35625958299778,4.569485317050658,0.5187,0.7554000000000001,1.0,modis
2024-01-17,-75.35625958299778,4.569485317050658,0.6342,0.8395,0.0,modis
2024-02-02,-75.35625958299778,4.569485317050658,0.3048,0.7998000000000001,1.0,modis
2024-04-06,-75.35625958299778,4.569485317050658,0.30610000000000004,0.8266,1.0,modis
2024-05-08,-75.35625958299778,4.569485317050658,0.3304,0.7832,1.0,modis
2024-08-12,-75.35625958299778,4.569485317050658,0.25730000000000003,0.9102,0.0,modis
2024-08-28,-75.35625958299778,4.569485317050658,0.48550000000000004,0.8565,0.0,modis
2024-09-13,-75.35625958299778,4.569485317050658,0.3577,0.9015000000000001,0.0,modis
2024-10-15,-75.35625958299778,4.569485317050658,0.3336,0.9063,1.0,modis
2024-12-18,-75.35625958299778,4.569485317050658,0.15610000000000002,0.3856,1.0,modis
2015-01-01,-75.35131148250554,4.434587228211683,0.4567,0.8234,0.0,modis
2015-01-17,-75.35131148250554,4.434587228211683,0.5612,0.7272000000000001,1.0,modis
2015-03-22,-75.35131148250554,4.434587228211683,0.5429,0.7160000000000001,1.0,modis
2015-04-23,-75.35131148250554,4.434587228211683,0.37270000000000003,0.8280000000000001,1.0,modis
2015-05-09,-75.35131148250554,4.434587228211683,0.24530000000000002,0.5784,1.0,modis
2015-06-10,-75.35131148250554,4.434587228211683,0.5172,0.8497,0.0,modis
2015-06-26,-75.35131148250554,4.434587228211683,0.44220000000000004,0.8046000000000001,1.0,modis
2015-07-12,-75.35131148250554,4.434587228211683,0.5800000000000001,0.7859,0.0,modis
2015-07-28,-75.35131148250554,4.434587228211683,0.5690000000000001,0.8247,1.0,modis
2015-08-13,-75.35131148250554,4.434587228211683,0.4984,0.6464000000000001,1.0,modis
2015-08-29,-75.35131148250554,4.434587228211683,0.47400000000000003,0.6618,0.0,modis
2015-09-14,-75.35131148250554,4.434587228211683,0.4284,0.7381000000000001,0.0,modis
2015-10-16,-75.35131148250554,4.434587228211683,0.3859,0.747,1.0,modis
2015-11-01,-75.35131148250554,4.434587228211683,0.4434,0.6108,1.0,modis
2015-11-17,-75.35131148250554,4.434587228211683,0.4183,0.8394,1.0,modis
2015-12-03,-75.35131148250554,4.434587228211683,0.42250000000000004,0.8302,0.0,modis
2015-12-19,-75.35131148250554,4.434587228211683,0.44060000000000005,0.8091,0.0,modis
2016-01-01,-75.35131148250554,4.434587228211683,0.4123,0.7458,0.0,modis
2016-01-17,-75.35131148250554,4.434587228211683,0.45830000000000004,0.6932,1.0,modis
2016-02-02,-75.35131148250554,4.434587228211683,0.452,0.7051000000000001,1.0,modis
2016-03-21,-75.35131148250554,4.434587228211683,0.47940000000000005,0.7858,1.0,modis
2016-04-06,-75.35131148250554,4.434587228211683,0.5009,0.7128,1.0,modis
2016-05-08,-75.35131148250554,4.434587228211683,0.6523,0.8605,1.0,modis
2016-05-24,-75.35131148250554,4.434587228211683,0.5048,0.7528,0.0,modis
2016-06-09,-75.35131148250554,4.434587228211683,0.5756,0.7987000000000001,0.0,modis
2016-06-25,-75.35131148250554,4.434587228211683,0.5438000000000001,0.8116,0.0,modis
2016-07-11,-75.35131148250554,4.434587228211683,0.4602,0.8383,1.0,modis
2016-07-27,-75.35131148250554,4.434587228211683,0.5849,0.7789,1.0,modis
2016-08-12,-75.35131148250554,4.434587228211683,0.5392,0.7445,0.0,modis
2016-08-28,-75.35131148250554,4.434587228211683,0.5311,0.6955,1.0,modis
2016-09-13,-75.35131148250554,4.434587228211683,0.5887,0.6963,0.0,modis
2016-09-29,-75.35131148250554,4.434587228211683,0.4288,0.5495,1.0,modis
2016-10-15,-75.35131148250554,4.434587228211683,0.5194,0.8227,1.0,modis
2016-11-16,-75.35131148250554,4.434587228211683,0.47240000000000004,0.7794000000000001,0.0,modis
2016-12-18,-75.35131148250554,4.434587228211683,0.46090000000000003,0.7448,1.0,modis
2017-01-01,-75.35131148250554,4.434587228211683,0.5196000000000001,0.6892,1.0,modis
2017-01-17,-75.35131148250554,4.434587228211683,0.4418,0.8137000000000001,0.0,modis
2017-02-02,-75.35131148250554,4.434587228211683,0.3896,0.8264,0.0,modis
2017-02-18,-75.35131148250554,4.434587228211683,0.36960000000000004,0.7794000000000001,1.0,modis
2017-03-22,-75.35131148250554,4.434587228211683,0.4606,0.8502000000000001,1.0,modis
2017-04-23,-75.35131148250554,4.434587228211683,0.5955,0.8252,0.0,modis
2017-05-09,-75.35131148250554,4.434587228211683,0.5504,0.7826000000000001,0.0,modis
2017-05-25,-75.35131148250554,4.434587228211683,0.527,0.764,1.0,modis
2017-06-10,-75.35131148250554,4.434587228211683,0.43210000000000004,0.6824,1.0,modis
2017-07-12,-75.35131148250554,4.434587228211683,0.5911000000000001,0.8124,0.0,modis
2017-07-28,-75.35131148250554,4.434587228211683,0.34440000000000004,0.7941,1.0,modis
2017-08-13,-75.35131148250554,4.434587228211683,0.5343,0.7416,0.0,modis
2017-09-14,-75.35131148250554,4.434587228211683,0.4445,0.7147,1.0,modis
2017-09-30,-75.35131148250554,4.434587228211683,0.3931,0.8388,1.0,modis
2017-10-16,-75.35131148250554,4.434587228211683,0.562,0.7594000000000001,1.0,modis
2017-11-17,-75.35131148250554,4.434587228211683,0.4555,0.7779,1.0,modis
2017-12-03,-75.35131148250554,4.434587228211683,0.4087,0.78,1.0,modis
2017-12-19,-75.35131148250554,4.434587228211683,0.499,0.8153,0.0,modis
2018-01-17,-75.35131148250554,4.434587228211683,0.5245000000000001,0.7811,0.0,modis
2018-02-02,-75.35131148250554,4.434587228211683,0.6024,0.7507,1.0,modis
2018-02-18,-75.35131148250554,4.434587228211683,0.42510000000000003,0.7946000000000001,0.0,modis
2018-03-06,-75.35131148250554,4.434587228211683,0.48850000000000005,0.7772,0.0,modis
2018-04-07,-75.35131148250554,4.434587228211683,0.54,0.7687,0.0,modis
2018-04-23,-75.35131148250554,4.434587228211683,0.42060000000000003,0.8201,1.0,modis
2018-05-09,-75.35131148250554,4.434587228211683,0.18150000000000002,0.6616000000000001,1.0,modis
2018-06-10,-75.35131148250554,4.434587228211683,0.6015,0.8089000000000001,0.0,modis
2018-06-26,-75.35131148250554,4.434587228211683,0.5585,0.7962,1.0,modis
2018-07-28,-75.35131148250554,4.434587228211683,0.5005000000000001,0.8168000000000001,0.0,modis
2018-08-13,-75.35131148250554,4.434587228211683,0.5355,0.8064,0.0,modis
2018-09-14,-75.35131148250554,4.434587228211683,0.5196000000000001,0.7765000000000001,0.0,modis
2018-12-03,-75.35131148250554,4.434587228211683,0.5292,0.7813,0.0,modis
2018-12-19,-75.35131148250554,4.434587228211683,0.46780000000000005,0.7548,0.0,modis
2019-01-01,-75.35131148250554,4.434587228211683,0.3508,0.8191,0.0,modis
2019-01-17,-75.35131148250554,4.434587228211683,0.4203,0.7713,0.0,modis
2019-02-02,-75.35131148250554,4.434587228211683,0.3462,0.8042,1.0,modis
2019-02-18,-75.35131148250554,4.434587228211683,0.3895,0.7686000000000001,1.0,modis
2019-04-07,-75.35131148250554,4.434587228211683,0.5464,0.8018000000000001,1.0,modis
2019-04-23,-75.35131148250554,4.434587228211683,0.5847,0.787,0.0,modis
2019-05-25,-75.35131148250554,4.434587228211683,0.4566,0.8391000000000001,0.0,modis
2019-06-26,-75.35131148250554,4.434587228211683,0.5627,0.79,0.0,modis
2019-07-12,-75.35131148250554,4.434587228211683,0.4857,0.8683000000000001,1.0,modis
2019-07-28,-75.35131148250554,4.434587228211683,0.48700000000000004,0.8281000000000001,0.0,modis
2019-08-13,-75.35131148250554,4.434587228211683,0.41190000000000004,0.7994,0.0,modis
2019-08-29,-75.35131148250554,4.434587228211683,0.5035000000000001,0.6892,1.0,modis
2019-09-30,-75.35131148250554,4.434587228211683,0.3975,0.7864,1.0,modis
2019-11-01,-75.35131148250554,4.434587228211683,0.5414,0.6725,1.0,modis
2019-11-17,-75.35131148250554,4.434587228211683,0.5486,0.7925000000000001,1.0,modis
2019-12-19,-75.35131148250554,4.434587228211683,0.526,0.8508,1.0,modis
2020-01-01,-75.35131148250554,4.434587228211683,0.3753,0.8246,0.0,modis
2020-01-17,-75.35131148250554,4.434587228211683,0.46540000000000004,0.7829,1.0,modis
2020-02-02,-75.35131148250554,4.434587228211683,0.5154,0.7605000000000001,0.0,modis
2020-02-18,-75.35131148250554,4.434587228211683,0.4233,0.7684000000000001,0.0,modis
2020-03-05,-75.35131148250554,4.434587228211683,0.4017,0.7353000000000001,1.0,modis
2020-03-21,-75.35131148250554,4.434587228211683,0.4388,0.7589,1.0,modis
2020-04-06,-75.35131148250554,4.434587228211683,0.3551,0.7488,1.0,modis
2020-05-08,-75.35131148250554,4.434587228211683,0.5353,0.805,1.0,modis
2020-05-24,-75.35131148250554,4.434587228211683,0.4585,0.8553000000000001,0.0,modis
2020-06-09,-75.35131148250554,4.434587228211683,0.4808,0.8192,0.0,modis
2020-06-25,-75.35131148250554,4.434587228211683,0.5946,0.8400000000000001,1.0,modis
2020-07-27,-75.35131148250554,4.434587228211683,0.5468000000000001,0.7811,0.0,modis
2020-08-12,-75.35131148250554,4.434587228211683,0.3957,0.7605000000000001,1.0,modis
2020-08-28,-75.35131148250554,4.434587228211683,0.3472,0.5447000000000001,1.0,modis
2020-09-29,-75.35131148250554,4.434587228211683,0.5809000000000001,0.7807000000000001,1.0,modis
2020-10-15,-75.35131148250554,4.434587228211683,0.4731,0.8621000000000001,1.0,modis
2020-10-31,-75.35131148250554,4.434587228211683,0.5689000000000001,0.7233,1.0,modis
2020-12-02,-75.35131148250554,4.434587228211683,0.3806,0.7914,1.0,modis
2020-12-18,-75.35131148250554,4.434587228211683,0.34040000000000004,0.7914,1.0,modis
2021-01-17,-75.35131148250554,4.434587228211683,0.3663,0.8405,1.0,modis
2021-03-06,-75.35131148250554,4.434587228211683,0.3781,0.6411,1.0,modis
2021-04-07,-75.35131148250554,4.434587228211683,0.5294,0.764,1.0,modis
2021-04-23,-75.35131148250554,4.434587228211683,0.5815,0.7896000000000001,1.0,modis
2021-05-09,-75.35131148250554,4.434587228211683,0.4944,0.8462000000000001,1.0,modis
2021-05-25,-75.35131148250554,4.434587228211683,0.42600000000000005,0.7227,1.0,modis
2021-06-10,-75.35131148250554,4.434587228211683,0.5162,0.8054,0.0,modis
2021-06-26,-75.35131148250554,4.434587228211683,0.558,0.7951,0.0,modis
2021-07-28,-75.35131148250554,4.434587228211683,0.6284000000000001,0.8062,1.0,modis
2021-08-29,-75.35131148250554,4.434587228211683,0.5953,0.7956000000000001,0.0,modis
2021-09-14,-75.35131148250554,4.434587228211683,0.5971000000000001,0.7043,0.0,modis
2021-09-30,-75.35131148250554,4.434587228211683,0.42900000000000005,0.8939,1.0,modis
2021-11-01,-75.35131148250554,4.434587228211683,0.5403,0.8806,1.0,modis
2021-11-17,-75.35131148250554,4.434587228211683,0.48650000000000004,0.7867000000000001,0.0,modis
2021-12-03,-75.35131148250554,4.434587228211683,0.5146000000000001,0.7301000000000001,1.0,modis
2021-12-19,-75.35131148250554,4.434587228211683,0.5636,0.7985,1.0,modis
2022-01-01,-75.35131148250554,4.434587228211683,0.5213,0.8006000000000001,1.0,modis
2022-02-02,-75.35131148250554,4.434587228211683,0.6386000000000001,0.8068000000000001,1.0,modis
2022-03-06,-75.35131148250554,4.434587228211683,0.3739,0.8,1.0,modis
2022-03-22,-75.35131148250554,4.434587228211683,0.5096,0.7325,1.0,modis
2022-04-07,-75.35131148250554,4.434587228211683,0.5273,0.7029000000000001,1.0,modis
2022-04-23,-75.35131148250554,4.434587228211683,0.49110000000000004,0.8884000000000001,1.0,modis
2022-06-26,-75.35131148250554,4.434587228211683,0.4181,0.9034000000000001,1.0,modis
2022-07-12,-75.35131148250554,4.434587228211683,0.6506000000000001,0.8276,1.0,modis
2022-07-28,-75.35131148250554,4.434587228211683,0.5836,0.8079000000000001,0.0,modis
2022-08-13,-75.35131148250554,4.434587228211683,0.5954,0.7827000000000001,1.0,modis
2022-08-29,-75.35131148250554,4.434587228211683,0.5589000000000001,0.7902,1.0,modis
2022-09-14,-75.35131148250554,4.434587228211683,0.43560000000000004,0.8263,1.0,modis
2022-09-30,-75.35131148250554,4.434587228211683,0.4224,0.8458,1.0,modis
2022-12-03,-75.35131148250554,4.434587228211683,0.4551,0.8273,1.0,modis
2022-12-19,-75.35131148250554,4.434587228211683,0.42210000000000003,0.8393,1.0,modis
2023-01-01,-75.35131148250554,4.434587228211683,0.192,0.7996000000000001,1.0,modis
2023-01-17,-75.35131148250554,4.434587228211683,0.42360000000000003,0.8189000000000001,0.0,modis
2023-02-02,-75.35131148250554,4.434587228211683,0.4934,0.8344,1.0,modis
2023-03-06,-75.35131148250554,4.434587228211683,0.5671,0.7017,1.0,modis
2023-03-22,-75.35131148250554,4.434587228211683,0.5092,0.8488,1.0,modis
2023-04-07,-75.35131148250554,4.434587228211683,0.5892000000000001,0.6990000000000001,1.0,modis
2023-04-23,-75.35131148250554,4.434587228211683,0.4415,0.8185,1.0,modis
2023-05-09,-75.35131148250554,4.434587228211683,0.6201,0.8343,0.0,modis
2023-05-25,-75.35131148250554,4.434587228211683,0.4615,0.8519,0.0,modis
2023-06-10,-75.35131148250554,4.434587228211683,0.5584,0.7898000000000001,0.0,modis
2023-06-26,-75.35131148250554,4.434587228211683,0.5244,0.7805000000000001,0.0,modis
2023-07-12,-75.35131148250554,4.434587228211683,0.6031000000000001,0.7948000000000001,0.0,modis
2023-07-28,-75.35131148250554,4.434587228211683,0.5446,0.789,0.0,modis
2023-08-13,-75.35131148250554,4.434587228211683,0.44870000000000004,0.8404,0.0,modis
2023-08-29,-75.35131148250554,4.434587228211683,0.5401,0.6875,0.0,modis
2023-09-14,-75.35131148250554,4.434587228211683,0.5762,0.7251000000000001,0.0,modis
2023-09-30,-75.35131148250554,4.434587228211683,0.27080000000000004,0.7841,1.0,modis
2023-10-16,-75.35131148250554,4.434587228211683,0.3206,0.7144,1.0,modis
2023-11-17,-75.35131148250554,4.434587228211683,0.5231,0.7421,1.0,modis
2023-12-03,-75.35131148250554,4.434587228211683,0.5101,0.7659,0.0,modis
2023-12-19,-75.35131148250554,4.434587228211683,0.3619,0.7082,1.0,modis
2024-01-01,-75.35131148250554,4.434587228211683,0.5037,0.7798,0.0,modis
2024-01-17,-75.35131148250554,4.434587228211683,0.4766,0.7846000000000001,0.0,modis
2024-02-02,-75.35131148250554,4.434587228211683,0.5297000000000001,0.7230000000000001,1.0,modis
2024-02-18,-75.35131148250554,4.434587228211683,0.33490000000000003,0.7913,1.0,modis
2024-03-05,-75.35131148250554,4.434587228211683,0.4199,0.7697,1.0,modis
2024-04-06,-75.35131148250554,4.434587228211683,0.3779,0.8115,1.0,modis
2024-04-22,-75.35131148250554,4.434587228211683,0.41440000000000005,0.7593000000000001,1.0,modis
2024-05-08,-75.35131148250554,4.434587228211683,0.4138,0.8410000000000001,0.0,modis
2024-05-24,-75.35131148250554,4.434587228211683,0.5102,0.8260000000000001,0.0,modis
2024-06-09,-75.35131148250554,4.434587228211683,0.6297,0.8378,1.0,modis
2024-06-25,-75.35131148250554,4.434587228211683,0.461,0.8055,0.0,modis
2024-07-11,-75.35131148250554,4.434587228211683,0.6305000000000001,0.7764000000000001,1.0,modis
2024-07-27,-75.35131148250554,4.434587228211683,0.5567,0.7985,1.0,modis
2024-08-12,-75.35131148250554,4.434587228211683,0.47690000000000005,0.8196,0.0,modis
2024-08-28,-75.35131148250554,4.434587228211683,0.5016,0.8225,1.0,modis
2024-09-13,-75.35131148250554,4.434587228211683,0.4268,0.8217,0.0,modis
2024-09-29,-75.35131148250554,4.434587228211683,0.5449,0.8141,1.0,modis
2024-10-15,-75.35131148250554,4.434587228211683,0.41390000000000005,0.8646,1.0,modis
2024-12-02,-75.35131148250554,4.434587228211683,0.3971,0.8511000000000001,1.0,modis
2024-12-18,-75.35131148250554,4.434587228211683,0.405,0.6884,1.0,modis
2015-01-01,-75.34137508413015,4.4255940222890855,0.5005000000000001,0.7594000000000001,0.0,modis
2015-01-17,-75.34137508413015,4.4255940222890855,0.6139,0.7100000000000001,1.0,modis
2015-02-02,-75.34137508413015,4.4255940222890855,0.6021000000000001,0.771,1.0,modis
2015-02-18,-75.34137508413015,4.4255940222890855,0.5597,0.7757000000000001,1.0,modis
2015-03-06,-75.34137508413015,4.4255940222890855,0.5498000000000001,0.6951,1.0,modis
2015-03-22,-75.34137508413015,4.4255940222890855,0.4862,0.7733,1.0,modis
2015-04-23,-75.34137508413015,4.4255940222890855,0.504,0.7254,0.0,modis
2015-05-09,-75.34137508413015,4.4255940222890855,0.5378000000000001,0.7867000000000001,0.0,modis
2015-06-10,-75.34137508413015,4.4255940222890855,0.4796,0.7821,0.0,modis
2015-06-26,-75.34137508413015,4.4255940222890855,0.4254,0.7838,1.0,modis
2015-07-12,-75.34137508413015,4.4255940222890855,0.506,0.7544000000000001,0.0,modis
2015-07-28,-75.34137508413015,4.4255940222890855,0.5019,0.745,1.0,modis
2015-08-13,-75.34137508413015,4.4255940222890855,0.5323,0.7443000000000001,1.0,modis
2015-08-29,-75.34137508413015,4.4255940222890855,0.46530000000000005,0.6514,0.0,modis
2015-09-14,-75.34137508413015,4.4255940222890855,0.4213,0.6759000000000001,0.0,modis
2015-10-16,-75.34137508413015,4.4255940222890855,0.4186,0.7635000000000001,1.0,modis
2015-11-01,-75.34137508413015,4.4255940222890855,0.3735,0.8180000000000001,1.0,modis
2015-11-17,-75.34137508413015,4.4255940222890855,0.5803,0.7623000000000001,1.0,modis
2015-12-03,-75.34137508413015,4.4255940222890855,0.46740000000000004,0.7521,0.0,modis
2015-12-19,-75.34137508413015,4.4255940222890855,0.4671,0.7199,0.0,modis
2016-01-01,-75.34137508413015,4.4255940222890855,0.4852,0.6463,0.0,modis
2016-01-17,-75.34137508413015,4.4255940222890855,0.4102,0.5484,1.0,modis
2016-02-02,-75.34137508413015,4.4255940222890855,0.40190000000000003,0.5904,0.0,modis
2016-03-05,-75.34137508413015,4.4255940222890855,0.5271,0.6755,1.0,modis
2016-03-21,-75.34137508413015,4.4255940222890855,0.4812,0.7586,1.0,modis
2016-04-06,-75.34137508413015,4.4255940222890855,0.46340000000000003,0.7974,0.0,modis
2016-05-24,-75.34137508413015,4.4255940222890855,0.4526,0.8375,1.0,modis
2016-06-09,-75.34137508413015,4.4255940222890855,0.4823,0.8685,0.0,modis
2016-06-25,-75.34137508413015,4.4255940222890855,0.4824,0.756,0.0,modis
2016-07-11,-75.34137508413015,4.4255940222890855,0.3738,0.8402000000000001,1.0,modis
2016-07-27,-75.34137508413015,4.4255940222890855,0.4627,0.7758,1.0,modis
2016-08-12,-75.34137508413015,4.4255940222890855,0.5114000000000001,0.7356,0.0,modis
2016-08-28,-75.34137508413015,4.4255940222890855,0.5434,0.6753,1.0,modis
2016-09-13,-75.34137508413015,4.4255940222890855,0.5785,0.6678000000000001,0.0,modis
2016-09-29,-75.34137508413015,4.4255940222890855,0.4576,0.7647,1.0,modis
2016-10-15,-75.34137508413015,4.4255940222890855,0.6137,0.7942,1.0,modis
2016-10-31,-75.34137508413015,4.4255940222890855,0.5077,0.8462000000000001,1.0,modis
2016-11-16,-75.34137508413015,4.4255940222890855,0.5647,0.8056000000000001,0.0,modis
2016-12-18,-75.34137508413015,4.4255940222890855,0.5034000000000001,0.8827,1.0,modis
2017-01-17,-75.34137508413015,4.4255940222890855,0.514,0.7881,0.0,modis
2017-02-02,-75.34137508413015,4.4255940222890855,0.4499,0.7973,0.0,modis
2017-02-18,-75.34137508413015,4.4255940222890855,0.343,0.5926,1.0,modis
2017-03-22,-75.34137508413015,4.4255940222890855,0.3871,0.8240000000000001,1.0,modis
2017-04-23,-75.34137508413015,4.4255940222890855,0.5103,0.8018000000000001,0.0,modis
2017-05-09,-75.34137508413015,4.4255940222890855,0.5068,0.7716000000000001,0.0,modis
2017-05-25,-75.34137508413015,4.4255940222890855,0.4385,0.8274,0.0,modis
2017-06-10,-75.34137508413015,4.4255940222890855,0.49200000000000005,0.8278000000000001,1.0,modis
2017-06-26,-75.34137508413015,4.4255940222890855,0.4758,0.7809,1.0,modis
2017-07-12,-75.34137508413015,4.4255940222890855,0.5078,0.7791,0.0,modis
2017-07-28,-75.34137508413015,4.4255940222890855,0.40190000000000003,0.8036000000000001,1.0,modis
2017-08-13,-75.34137508413015,4.4255940222890855,0.499,0.737,0.0,modis
2017-08-29,-75.34137508413015,4.4255940222890855,0.41340000000000005,0.8299000000000001,0.0,modis
2017-09-14,-75.34137508413015,4.4255940222890855,0.4788,0.7461,0.0,modis
2017-10-16,-75.34137508413015,4.4255940222890855,0.5493,0.7404000000000001,1.0,modis
2017-11-01,-75.34137508413015,4.4255940222890855,0.5646,0.7176,1.0,modis
2017-11-17,-75.34137508413015,4.4255940222890855,0.7293000000000001,0.7816000000000001,1.0,modis
2017-12-03,-75.34137508413015,4.4255940222890855,0.5151,0.7873,0.0,modis
2017-12-19,-75.34137508413015,4.4255940222890855,0.5268,0.7449,0.0,modis
2018-01-01,-75.34137508413015,4.4255940222890855,0.6814,0.8121,1.0,modis
2018-01-17,-75.34137508413015,4.4255940222890855,0.5939,0.7774000000000001,0.0,modis
2018-02-18,-75.34137508413015,4.4255940222890855,0.4575,0.7291000000000001,0.0,modis
2018-03-06,-75.34137508413015,4.4255940222890855,0.4666,0.7186,0.0,modis
2018-04-07,-75.34137508413015,4.4255940222890855,0.4811,0.7337,0.0,modis
2018-05-09,-75.34137508413015,4.4255940222890855,0.49610000000000004,0.7572,1.0,modis
2018-05-25,-75.34137508413015,4.4255940222890855,0.38780000000000003,0.7791,1.0,modis
2018-06-10,-75.34137508413015,4.4255940222890855,0.49720000000000003,0.7898000000000001,0.0,modis
2018-06-26,-75.34137508413015,4.4255940222890855,0.5156000000000001,0.8129000000000001,0.0,modis
2018-07-12,-75.34137508413015,4.4255940222890855,0.46580000000000005,0.7078,1.0,modis
2018-07-28,-75.34137508413015,4.4255940222890855,0.46640000000000004,0.7851,0.0,modis
2018-08-13,-75.34137508413015,4.4255940222890855,0.5084000000000001,0.775,0.0,modis
2018-08-29,-75.34137508413015,4.4255940222890855,0.5997,0.7087,0.0,modis
2018-09-14,-75.34137508413015,4.4255940222890855,0.5105000000000001,0.7305,0.0,modis
2018-11-17,-75.34137508413015,4.4255940222890855,0.4741,0.7061000000000001,1.0,modis
2018-12-03,-75.34137508413015,4.4255940222890855,0.5671,0.753,0.0,modis
2018-12-19,-75.34137508413015,4.4255940222890855,0.5099,0.6990000000000001,0.0,modis
2019-01-01,-75.34137508413015,4.4255940222890855,0.4207,0.7741,0.0,modis
2019-01-17,-75.34137508413015,4.4255940222890855,0.4529,0.6962,0.0,modis
2019-02-02,-75.34137508413015,4.4255940222890855,0.37510000000000004,0.7508,1.0,modis
2019-02-18,-75.34137508413015,4.4255940222890855,0.4131,0.7034,1.0,modis
2019-04-07,-75.34137508413015,4.4255940222890855,0.5292,0.775,1.0,modis
2019-04-23,-75.34137508413015,4.4255940222890855,0.5214,0.7598,0.0,modis
2019-05-09,-75.34137508413015,4.4255940222890855,0.51,0.8262,0.0,modis
2019-05-25,-75.34137508413015,4.4255940222890855,0.502,0.802,0.0,modis
2019-06-26,-75.34137508413015,4.4255940222890855,0.5234,0.7855000000000001,0.0,modis
2019-07-12,-75.34137508413015,4.4255940222890855,0.35800000000000004,0.8210000000000001,1.0,modis
2019-07-28,-75.34137508413015,4.4255940222890855,0.46390000000000003,0.7953,0.0,modis
2019-08-13,-75.34137508413015,4.4255940222890855,0.41000000000000003,0.8066,1.0,modis
2019-08-29,-75.34137508413015,4.4255940222890855,0.4829,0.6798000000000001,1.0,modis
2019-11-01,-75.34137508413015,4.4255940222890855,0.6322,0.8154,1.0,modis
2019-11-17,-75.34137508413015,4.4255940222890855,0.5893,0.7441,1.0,modis
2019-12-19,-75.34137508413015,4.4255940222890855,0.5889,0.7847000000000001,1.0,modis
2020-01-01,-75.34137508413015,4.4255940222890855,0.4374,0.7857000000000001,0.0,modis
2020-02-02,-75.34137508413015,4.4255940222890855,0.47100000000000003,0.7044,0.0,modis
2020-02-18,-75.34137508413015,4.4255940222890855,0.41300000000000003,0.6622,0.0,modis
2020-03-05,-75.34137508413015,4.4255940222890855,0.42600000000000005,0.6584,1.0,modis
2020-03-21,-75.34137508413015,4.4255940222890855,0.5354,0.7672,1.0,modis
2020-04-06,-75.34137508413015,4.4255940222890855,0.48850000000000005,0.6634,1.0,modis
2020-05-08,-75.34137508413015,4.4255940222890855,0.5296000000000001,0.8163,1.0,modis
2020-05-24,-75.34137508413015,4.4255940222890855,0.4516,0.8383,0.0,modis
2020-06-09,-75.34137508413015,4.4255940222890855,0.47190000000000004,0.798,0.0,modis
2020-06-25,-75.34137508413015,4.4255940222890855,0.49920000000000003,0.8299000000000001,1.0,modis
2020-07-27,-75.34137508413015,4.4255940222890855,0.5036,0.7841,0.0,modis
2020-08-12,-75.34137508413015,4.4255940222890855,0.41050000000000003,0.7273000000000001,1.0,modis
2020-08-28,-75.34137508413015,4.4255940222890855,0.5113,0.6815,1.0,modis
2020-09-13,-75.34137508413015,4.4255940222890855,0.49160000000000004,0.7862,1.0,modis
2020-09-29,-75.34137508413015,4.4255940222890855,0.5782,0.7180000000000001,1.0,modis
2020-10-15,-75.34137508413015,4.4255940222890855,0.5026,0.6691,1.0,modis
2020-10-31,-75.34137508413015,4.4255940222890855,0.6191,0.7678,1.0,modis
2020-11-16,-75.34137508413015,4.4255940222890855,0.5145000000000001,0.7183,1.0,modis
2020-12-02,-75.34137508413015,4.4255940222890855,0.41650000000000004,0.7821,1.0,modis
2021-01-01,-75.34137508413015,4.4255940222890855,0.6035,0.7721,0.0,modis
2021-01-17,-75.34137508413015,4.4255940222890855,0.5301,0.6268,1.0,modis
2021-04-07,-75.34137508413015,4.4255940222890855,0.5372,0.7765000000000001,1.0,modis
2021-04-23,-75.34137508413015,4.4255940222890855,0.5394,0.8152,1.0,modis
2021-05-09,-75.34137508413015,4.4255940222890855,0.4403,0.7436,1.0,modis
2021-05-25,-75.34137508413015,4.4255940222890855,0.48500000000000004,0.8416,1.0,modis
2021-06-10,-75.34137508413015,4.4255940222890855,0.4811,0.7972,0.0,modis
2021-06-26,-75.34137508413015,4.4255940222890855,0.5158,0.7933,0.0,modis
2021-07-28,-75.34137508413015,4.4255940222890855,0.5995,0.8022,1.0,modis
2021-08-29,-75.34137508413015,4.4255940222890855,0.5622,0.7733,0.0,modis
2021-09-14,-75.34137508413015,4.4255940222890855,0.5637,0.6609,0.0,modis
2021-09-30,-75.34137508413015,4.4255940222890855,0.5691,0.7066,1.0,modis
2021-10-16,-75.34137508413015,4.4255940222890855,0.6303000000000001,0.8091,1.0,modis
2021-11-17,-75.34137508413015,4.4255940222890855,0.5585,0.7060000000000001,1.0,modis
2021-12-19,-75.34137508413015,4.4255940222890855,0.6366,0.7628,1.0,modis
2022-01-01,-75.34137508413015,4.4255940222890855,0.5375,0.7496,0.0,modis
2022-02-02,-75.34137508413015,4.4255940222890855,0.673,0.7147,1.0,modis
2022-03-06,-75.34137508413015,4.4255940222890855,0.4138,0.7633000000000001,1.0,modis
2022-03-22,-75.34137508413015,4.4255940222890855,0.3643,0.8115,1.0,modis
2022-04-07,-75.34137508413015,4.4255940222890855,0.528,0.7512000000000001,1.0,modis
2022-04-23,-75.34137508413015,4.4255940222890855,0.3915,0.6027,1.0,modis
2022-06-10,-75.34137508413015,4.4255940222890855,0.503,0.6538,1.0,modis
2022-06-26,-75.34137508413015,4.4255940222890855,0.4264,0.8958,1.0,modis
2022-07-28,-75.34137508413015,4.4255940222890855,0.5268,0.7815000000000001,0.0,modis
2022-08-13,-75.34137508413015,4.4255940222890855,0.47840000000000005,0.7904,1.0,modis
2022-08-29,-75.34137508413015,4.4255940222890855,0.48210000000000003,0.6413,1.0,modis
2022-09-14,-75.34137508413015,4.4255940222890855,0.4491,0.8833000000000001,1.0,modis
2022-09-30,-75.34137508413015,4.4255940222890855,0.5632,0.7371000000000001,0.0,modis
2022-10-16,-75.34137508413015,4.4255940222890855,0.43220000000000003,0.6621,1.0,modis
2022-12-19,-75.34137508413015,4.4255940222890855,0.4647,0.7091000000000001,1.0,modis
2023-01-17,-75.34137508413015,4.4255940222890855,0.465,0.7631,0.0,modis
2023-02-02,-75.34137508413015,4.4255940222890855,0.6051000000000001,0.7799,1.0,modis
2023-02-18,-75.34137508413015,4.4255940222890855,0.45640000000000003,0.7223,1.0,modis
2023-03-06,-75.34137508413015,4.4255940222890855,0.5703,0.7085,1.0,modis
2023-04-07,-75.34137508413015,4.4255940222890855,0.5892000000000001,0.6990000000000001,1.0,modis
2023-04-23,-75.34137508413015,4.4255940222890855,0.43660000000000004,0.7941,1.0,modis
2023-05-25,-75.34137508413015,4.4255940222890855,0.4389,0.8210000000000001,0.0,modis
2023-06-10,-75.34137508413015,4.4255940222890855,0.5106,0.7829,0.0,modis
2023-06-26,-75.34137508413015,4.4255940222890855,0.47400000000000003,0.7486,0.0,modis
2023-07-12,-75.34137508413015,4.4255940222890855,0.4555,0.8219000000000001,1.0,modis
2023-07-28,-75.34137508413015,4.4255940222890855,0.5349,0.7954,0.0,modis
2023-08-13,-75.34137508413015,4.4255940222890855,0.5055000000000001,0.7064,0.0,modis
2023-08-29,-75.34137508413015,4.4255940222890855,0.5174,0.5971000000000001,0.0,modis
2023-09-14,-75.34137508413015,4.4255940222890855,0.5747,0.7309,0.0,modis
2023-09-30,-75.34137508413015,4.4255940222890855,0.35250000000000004,0.6625,1.0,modis
2023-10-16,-75.34137508413015,4.4255940222890855,0.46880000000000005,0.7769,1.0,modis
2023-11-01,-75.34137508413015,4.4255940222890855,0.6965,0.7581,1.0,modis
2023-11-17,-75.34137508413015,4.4255940222890855,0.4914,0.8628,1.0,modis
2023-12-03,-75.34137508413015,4.4255940222890855,0.5636,0.7299,0.0,modis
2023-12-19,-75.34137508413015,4.4255940222890855,0.49460000000000004,0.7169,1.0,modis
2024-01-01,-75.34137508413015,4.4255940222890855,0.5882000000000001,0.7516,0.0,modis
2024-01-17,-75.34137508413015,4.4255940222890855,0.5157,0.7109000000000001,0.0,modis
2024-02-02,-75.34137508413015,4.4255940222890855,0.537,0.6768000000000001,0.0,modis
2024-02-18,-75.34137508413015,4.4255940222890855,0.38720000000000004,0.755,1.0,modis
2024-03-05,-75.34137508413015,4.4255940222890855,0.41090000000000004,0.6157,1.0,modis
2024-04-06,-75.34137508413015,4.4255940222890855,0.5859,0.7467,1.0,modis
2024-04-22,-75.34137508413015,4.4255940222890855,0.40040000000000003,0.7257,1.0,modis
2024-05-08,-75.34137508413015,4.4255940222890855,0.4113,0.8199000000000001,0.0,modis
2024-05-24,-75.34137508413015,4.4255940222890855,0.46900000000000003,0.803,0.0,modis
2024-06-25,-75.34137508413015,4.4255940222890855,0.4581,0.8334,0.0,modis
2024-07-11,-75.34137508413015,4.4255940222890855,0.45320000000000005,0.8460000000000001,1.0,modis
2024-07-27,-75.34137508413015,4.4255940222890855,0.5036,0.7595000000000001,1.0,modis
2024-08-12,-75.34137508413015,4.4255940222890855,0.46140000000000003,0.7877000000000001,0.0,modis
2024-08-28,-75.34137508413015,4.4255940222890855,0.5368,0.6643,0.0,modis
2024-09-13,-75.34137508413015,4.4255940222890855,0.4375,0.7559,0.0,modis
2024-09-29,-75.34137508413015,4.4255940222890855,0.5048,0.771,1.0,modis
2024-10-15,-75.34137508413015,4.4255940222890855,0.4762,0.8382000000000001,1.0,modis
2024-10-31,-75.34137508413015,4.4255940222890855,0.43220000000000003,0.809,1.0,modis
2024-12-02,-75.34137508413015,4.4255940222890855,0.5187,0.7958000000000001,1.0,modis
2024-12-18,-75.34137508413015,4.4255940222890855,0.45120000000000005,0.6969000000000001,1.0,modis
2015-01-01,-75.34066731916079,4.506532875592465,0.24530000000000002,0.5781000000000001,1.0,modis
2015-12-03,-75.34066731916079,4.506532875592465,0.38870000000000005,0.888,0.0,modis
2015-12-19,-75.34066731916079,4.506532875592465,0.306,0.8994000000000001,0.0,modis
2016-01-17,-75.34066731916079,4.506532875592465,0.27190000000000003,0.8464,1.0,modis
2016-05-24,-75.34066731916079,4.506532875592465,0.36710000000000004,0.6804,1.0,modis
2016-06-25,-75.34066731916079,4.506532875592465,0.3639,0.6756,1.0,modis
2016-08-12,-75.34066731916079,4.506532875592465,0.5184,0.8621000000000001,1.0,modis
2017-02-02,-75.34066731916079,4.506532875592465,0.34450000000000003,0.8663000000000001,0.0,modis
2018-03-06,-75.34066731916079,4.506532875592465,0.4445,0.7739,1.0,modis
2018-04-07,-75.34066731916079,4.506532875592465,0.5039,0.7646000000000001,1.0,modis
2018-06-10,-75.34066731916079,4.506532875592465,0.5374,0.8739,0.0,modis
2018-07-28,-75.34066731916079,4.506532875592465,0.51,0.8636,0.0,modis
2018-09-14,-75.34066731916079,4.506532875592465,0.4838,0.7367,1.0,modis
2018-12-19,-75.34066731916079,4.506532875592465,0.5107,0.8703000000000001,0.0,modis
2019-01-01,-75.34066731916079,4.506532875592465,0.5107,0.8703000000000001,0.0,modis
2019-02-18,-75.34066731916079,4.506532875592465,0.38120000000000004,0.7247,1.0,modis
2019-04-23,-75.34066731916079,4.506532875592465,0.5337000000000001,0.8626,0.0,modis
2019-06-10,-75.34066731916079,4.506532875592465,0.4788,0.771,1.0,modis
2019-06-26,-75.34066731916079,4.506532875592465,0.4788,0.6748000000000001,1.0,modis
2019-08-13,-75.34066731916079,4.506532875592465,0.3185,0.8225,1.0,modis
2020-02-02,-75.34066731916079,4.506532875592465,0.555,0.7783,1.0,modis
2020-05-24,-75.34066731916079,4.506532875592465,0.38820000000000005,0.9009,0.0,modis
2020-07-27,-75.34066731916079,4.506532875592465,0.5141,0.8607,0.0,modis
2021-06-26,-75.34066731916079,4.506532875592465,0.5198,0.8578,0.0,modis
2021-09-14,-75.34066731916079,4.506532875592465,0.6113000000000001,0.7011000000000001,1.0,modis
2022-07-12,-75.34066731916079,4.506532875592465,0.47590000000000005,0.8697,1.0,modis
2023-06-10,-75.34066731916079,4.506532875592465,0.4143,0.6964,1.0,modis
2024-01-17,-75.34066731916079,4.506532875592465,0.6287,0.8472000000000001,0.0,modis
2024-04-06,-75.34066731916079,4.506532875592465,0.26680000000000004,0.7876000000000001,1.0,modis
2024-08-12,-75.34066731916079,4.506532875592465,0.6073000000000001,0.8316,1.0,modis
2024-08-28,-75.34066731916079,4.506532875592465,0.5362,0.8635,0.0,modis
2024-09-13,-75.34066731916079,4.506532875592465,0.2715,0.5601,1.0,modis
2024-09-29,-75.34066731916079,4.506532875592465,0.2752,0.5259,1.0,modis
2024-10-15,-75.34066731916079,4.506532875592465,0.5840000000000001,0.8407,0.0,modis
2024-12-02,-75.34066731916079,4.506532875592465,0.4592,0.8530000000000001,1.0,modis
2015-01-01,-75.3377748812205,4.6504241703540385,0.0414,0.09630000000000001,0.0,modis
2015-09-14,-75.3377748812205,4.6504241703540385,-0.0099,-0.0166,1.0,modis
2015-12-03,-75.3377748812205,4.6504241703540385,0.07780000000000001,0.2142,0.0,modis
2016-01-01,-75.3377748812205,4.6504241703540385,0.0655,0.13970000000000002,1.0,modis
2016-01-17,-75.3377748812205,4.6504241703540385,0.07400000000000001,0.13290000000000002,1.0,modis
2016-03-21,-75.3377748812205,4.6504241703540385,0.0285,0.0881,1.0,modis
2016-06-25,-75.3377748812205,4.6504241703540385,0.0425,0.10200000000000001,0.0,modis
2016-11-16,-75.3377748812205,4.6504241703540385,0.0415,0.0912,0.0,modis
2017-01-17,-75.3377748812205,4.6504241703540385,0.0424,0.1111,1.0,modis
2017-02-02,-75.3377748812205,4.6504241703540385,0.049300000000000004,0.1628,0.0,modis
2017-03-22,-75.3377748812205,4.6504241703540385,0.0308,0.1038,1.0,modis
2017-12-03,-75.3377748812205,4.6504241703540385,0.059800000000000006,0.1497,1.0,modis
2018-02-18,-75.3377748812205,4.6504241703540385,-0.0019,-0.0031000000000000003,1.0,modis
2018-06-26,-75.3377748812205,4.6504241703540385,-0.038700000000000005,-0.0176,1.0,modis
2018-07-28,-75.3377748812205,4.6504241703540385,-0.0385,-0.021,1.0,modis
2018-12-19,-75.3377748812205,4.6504241703540385,0.0767,0.1345,0.0,modis
2019-01-01,-75.3377748812205,4.6504241703540385,0.0767,0.1345,0.0,modis
2019-04-23,-75.3377748812205,4.6504241703540385,0.0443,0.08560000000000001,1.0,modis
2020-01-01,-75.3377748812205,4.6504241703540385,0.0376,0.0863,0.0,modis
2020-02-02,-75.3377748812205,4.6504241703540385,0.0316,0.0579,1.0,modis
2020-02-18,-75.3377748812205,4.6504241703540385,0.0455,0.10300000000000001,1.0,modis
2020-03-05,-75.3377748812205,4.6504241703540385,0.0439,0.13290000000000002,1.0,modis
2020-03-21,-75.3377748812205,4.6504241703540385,0.0264,0.053700000000000005,1.0,modis
2020-06-09,-75.3377748812205,4.6504241703540385,0.042300000000000004,0.1306,1.0,modis
2021-01-01,-75.3377748812205,4.6504241703540385,0.0748,0.1776,1.0,modis
2021-02-02,-75.3377748812205,4.6504241703540385,0.0761,0.2086,1.0,modis
2021-09-30,-75.3377748812205,4.6504241703540385,0.007,0.0099,1.0,modis
2022-07-12,-75.3377748812205,4.6504241703540385,0.0737,0.2258,1.0,modis
2022-09-30,-75.3377748812205,4.6504241703540385,-0.0175,-0.010400000000000001,1.0,modis
2022-12-19,-75.3377748812205,4.6504241703540385,0.048600000000000004,0.0912,1.0,modis
2023-01-17,-75.3377748812205,4.6504241703540385,0.054400000000000004,0.1274,1.0,modis
2023-02-02,-75.3377748812205,4.6504241703540385,0.0393,0.1081,1.0,modis
2023-03-06,-75.3377748812205,4.6504241703540385,0.0219,0.028300000000000002,1.0,modis
2023-06-10,-75.3377748812205,4.6504241703540385,0.0548,0.199,1.0,modis
2023-08-13,-75.3377748812205,4.6504241703540385,0.0512,0.1311,1.0,modis
2023-11-17,-75.3377748812205,4.6504241703540385,0.0151,0.0229,1.0,modis
2023-12-19,-75.3377748812205,4.6504241703540385,0.0227,0.054,1.0,modis
2024-01-01,-75.3377748812205,4.6504241703540385,0.0227,0.054,1.0,modis
2024-01-17,-75.3377748812205,4.6504241703540385,0.053000000000000005,0.2398,0.0,modis
2024-02-02,-75.3377748812205,4.6504241703540385,0.046,0.10700000000000001,1.0,modis
2024-03-05,-75.3377748812205,4.6504241703540385,0.0762,0.11570000000000001,1.0,modis
2024-05-24,-75.3377748812205,4.6504241703540385,-0.0001,-0.00030000000000000003,1.0,modis
2024-08-28,-75.3377748812205,4.6504241703540385,0.0648,0.17930000000000001,1.0,modis
2024-10-15,-75.3377748812205,4.6504241703540385,-0.06720000000000001,-0.0453,1.0,modis
2024-12-02,-75.3377748812205,4.6504241703540385,0.0461,0.0998,1.0,modis
2024-12-18,-75.3377748812205,4.6504241703540385,0.0339,0.09870000000000001,1.0,modis
2015-01-01,-75.33695416072057,4.470560051902074,0.5421,0.8131,0.0,modis
2015-02-18,-75.33695416072057,4.470560051902074,0.3663,0.8131,1.0,modis
2015-04-23,-75.33695416072057,4.470560051902074,0.5331,0.8209000000000001,1.0,modis
2015-05-25,-75.33695416072057,4.470560051902074,0.5185000000000001,0.8349000000000001,1.0,modis
2015-06-10,-75.33695416072057,4.470560051902074,0.3674,0.6011000000000001,1.0,modis
2015-06-26,-75.33695416072057,4.470560051902074,0.452,0.8425,1.0,modis
2015-08-13,-75.33695416072057,4.470560051902074,0.4949,0.8386,1.0,modis
2015-09-14,-75.33695416072057,4.470560051902074,0.379,0.8362,1.0,modis
2015-10-16,-75.33695416072057,4.470560051902074,0.5742,0.7333000000000001,1.0,modis
2015-12-03,-75.33695416072057,4.470560051902074,0.5142,0.8159000000000001,0.0,modis
2015-12-19,-75.33695416072057,4.470560051902074,0.4307,0.7591,1.0,modis
2016-01-01,-75.33695416072057,4.470560051902074,0.4748,0.6345000000000001,1.0,modis
2016-01-17,-75.33695416072057,4.470560051902074,0.5319,0.7487,1.0,modis
2016-03-21,-75.33695416072057,4.470560051902074,0.4249,0.7315,1.0,modis
2016-04-06,-75.33695416072057,4.470560051902074,0.33630000000000004,0.5663,1.0,modis
2016-06-09,-75.33695416072057,4.470560051902074,0.4626,0.8757,1.0,modis
2016-08-12,-75.33695416072057,4.470560051902074,0.5492,0.807,0.0,modis
2016-09-13,-75.33695416072057,4.470560051902074,0.6018,0.6990000000000001,1.0,modis
2016-09-29,-75.33695416072057,4.470560051902074,0.6264000000000001,0.7715000000000001,1.0,modis
2017-02-02,-75.33695416072057,4.470560051902074,0.4761,0.8151,0.0,modis
2017-05-09,-75.33695416072057,4.470560051902074,0.4786,0.8122,1.0,modis
2017-05-25,-75.33695416072057,4.470560051902074,0.2853,0.8481000000000001,1.0,modis
2017-07-12,-75.33695416072057,4.470560051902074,0.5611,0.8346,0.0,modis
2017-08-13,-75.33695416072057,4.470560051902074,0.5845,0.8411000000000001,1.0,modis
2017-09-14,-75.33695416072057,4.470560051902074,0.5387000000000001,0.8046000000000001,0.0,modis
2017-12-03,-75.33695416072057,4.470560051902074,0.49520000000000003,0.7767000000000001,1.0,modis
2018-01-17,-75.33695416072057,4.470560051902074,0.6348,0.8133,1.0,modis
2018-03-06,-75.33695416072057,4.470560051902074,0.48750000000000004,0.7775000000000001,0.0,modis
2018-04-07,-75.33695416072057,4.470560051902074,0.538,0.8177000000000001,1.0,modis
2018-05-09,-75.33695416072057,4.470560051902074,0.46340000000000003,0.8042,1.0,modis
2018-06-26,-75.33695416072057,4.470560051902074,0.2637,0.7203,1.0,modis
2018-07-28,-75.33695416072057,4.470560051902074,0.4587,0.8304,0.0,modis
2018-08-13,-75.33695416072057,4.470560051902074,0.5057,0.7917000000000001,0.0,modis
2018-08-29,-75.33695416072057,4.470560051902074,0.6547000000000001,0.8469,1.0,modis
2018-09-14,-75.33695416072057,4.470560051902074,0.5665,0.7847000000000001,0.0,modis
2018-12-03,-75.33695416072057,4.470560051902074,0.5349,0.781,1.0,modis
2018-12-19,-75.33695416072057,4.470560051902074,0.5891000000000001,0.8089000000000001,0.0,modis
2019-01-01,-75.33695416072057,4.470560051902074,0.5891000000000001,0.8089000000000001,0.0,modis
2019-01-17,-75.33695416072057,4.470560051902074,0.5662,0.7924,0.0,modis
2019-04-23,-75.33695416072057,4.470560051902074,0.5365,0.8166,0.0,modis
2019-05-09,-75.33695416072057,4.470560051902074,0.5166000000000001,0.7934,1.0,modis
2019-05-25,-75.33695416072057,4.470560051902074,0.4141,0.8455,0.0,modis
2019-06-26,-75.33695416072057,4.470560051902074,0.5007,0.8238000000000001,0.0,modis
2019-07-28,-75.33695416072057,4.470560051902074,0.4731,0.8732000000000001,1.0,modis
2019-08-13,-75.33695416072057,4.470560051902074,0.36250000000000004,0.8624,0.0,modis
2020-01-01,-75.33695416072057,4.470560051902074,0.43010000000000004,0.8648,0.0,modis
2020-02-02,-75.33695416072057,4.470560051902074,0.5524,0.8006000000000001,0.0,modis
2020-05-24,-75.33695416072057,4.470560051902074,0.41090000000000004,0.8527,0.0,modis
2020-06-09,-75.33695416072057,4.470560051902074,0.4852,0.8008000000000001,0.0,modis
2020-07-27,-75.33695416072057,4.470560051902074,0.5235000000000001,0.8253,0.0,modis
2020-09-13,-75.33695416072057,4.470560051902074,0.26730000000000004,0.4923,1.0,modis
2021-01-17,-75.33695416072057,4.470560051902074,0.4092,0.8291000000000001,0.0,modis
2021-02-02,-75.33695416072057,4.470560051902074,0.4747,0.8168000000000001,1.0,modis
2021-06-10,-75.33695416072057,4.470560051902074,0.434,0.8387,0.0,modis
2021-06-26,-75.33695416072057,4.470560051902074,0.5017,0.8126,0.0,modis
2021-07-12,-75.33695416072057,4.470560051902074,0.4354,0.7555000000000001,1.0,modis
2021-09-14,-75.33695416072057,4.470560051902074,0.6106,0.7243,0.0,modis
2021-12-19,-75.33695416072057,4.470560051902074,0.6264000000000001,0.8137000000000001,1.0,modis
2022-01-01,-75.33695416072057,4.470560051902074,0.6179,0.7294,1.0,modis
2022-04-07,-75.33695416072057,4.470560051902074,0.5671,0.7798,1.0,modis
2022-04-23,-75.33695416072057,4.470560051902074,0.43870000000000003,0.8288000000000001,1.0,modis
2022-08-13,-75.33695416072057,4.470560051902074,0.5943,0.8193,1.0,modis
2022-09-30,-75.33695416072057,4.470560051902074,0.6239,0.7974,1.0,modis
2023-04-23,-75.33695416072057,4.470560051902074,0.4379,0.7211000000000001,1.0,modis
2023-05-09,-75.33695416072057,4.470560051902074,0.41340000000000005,0.8449000000000001,1.0,modis
2023-05-25,-75.33695416072057,4.470560051902074,0.4088,0.8484,0.0,modis
2023-06-10,-75.33695416072057,4.470560051902074,0.5162,0.8149000000000001,0.0,modis
2023-06-26,-75.33695416072057,4.470560051902074,0.48150000000000004,0.7934,1.0,modis
2023-07-12,-75.33695416072057,4.470560051902074,0.6022000000000001,0.8129000000000001,1.0,modis
2023-07-28,-75.33695416072057,4.470560051902074,0.5431,0.8133,0.0,modis
2023-08-13,-75.33695416072057,4.470560051902074,0.4631,0.8413,0.0,modis
2023-08-29,-75.33695416072057,4.470560051902074,0.6093000000000001,0.7821,0.0,modis
2024-01-17,-75.33695416072057,4.470560051902074,0.6629,0.7967000000000001,0.0,modis
2024-02-02,-75.33695416072057,4.470560051902074,0.3584,0.8212,1.0,modis
2024-03-05,-75.33695416072057,4.470560051902074,0.5306000000000001,0.7874,1.0,modis
2024-04-06,-75.33695416072057,4.470560051902074,0.3265,0.7939,1.0,modis
2024-05-08,-75.33695416072057,4.470560051902074,0.38670000000000004,0.8623000000000001,0.0,modis
2024-05-24,-75.33695416072057,4.470560051902074,0.5481,0.8636,0.0,modis
2024-06-25,-75.33695416072057,4.470560051902074,0.3377,0.8303,1.0,modis
2024-07-11,-75.33695416072057,4.470560051902074,0.38820000000000005,0.7073,1.0,modis
2024-08-12,-75.33695416072057,4.470560051902074,0.5749000000000001,0.7803,0.0,modis
2024-08-28,-75.33695416072057,4.470560051902074,0.5362,0.8027000000000001,0.0,modis
2024-09-13,-75.33695416072057,4.470560051902074,0.45220000000000005,0.8558,0.0,modis
2024-09-29,-75.33695416072057,4.470560051902074,0.1826,0.5279,1.0,modis
2024-10-15,-75.33695416072057,4.470560051902074,0.6518,0.7602,0.0,modis
2024-12-18,-75.33695416072057,4.470560051902074,0.5643,0.6927,1.0,modis
2015-01-01,-75.3288588699966,4.479553257824672,0.4439,0.8269000000000001,0.0,modis
2015-02-18,-75.3288588699966,4.479553257824672,0.5674,0.7594000000000001,1.0,modis
2015-04-23,-75.3288588699966,4.479553257824672,0.3053,0.6387,1.0,modis
2015-05-09,-75.3288588699966,4.479553257824672,0.4615,0.7495,1.0,modis
2015-06-26,-75.3288588699966,4.479553257824672,0.4365,0.8273,1.0,modis
2015-09-14,-75.3288588699966,4.479553257824672,0.46900000000000003,0.6717000000000001,1.0,modis
2015-12-03,-75.3288588699966,4.479553257824672,0.4445,0.8507,0.0,modis
2015-12-19,-75.3288588699966,4.479553257824672,0.4267,0.8306,1.0,modis
2016-01-01,-75.3288588699966,4.479553257824672,0.5529000000000001,0.8053,1.0,modis
2016-01-17,-75.3288588699966,4.479553257824672,0.5306000000000001,0.7718,1.0,modis
2016-03-21,-75.3288588699966,4.479553257824672,0.49520000000000003,0.7703,1.0,modis
2016-05-24,-75.3288588699966,4.479553257824672,0.511,0.7992,1.0,modis
2016-06-09,-75.3288588699966,4.479553257824672,0.3425,0.635,1.0,modis
2016-06-25,-75.3288588699966,4.479553257824672,0.5525,0.7934,0.0,modis
2016-07-27,-75.3288588699966,4.479553257824672,0.48210000000000003,0.8299000000000001,1.0,modis
2016-08-12,-75.3288588699966,4.479553257824672,0.5536,0.8044,0.0,modis
2017-02-02,-75.3288588699966,4.479553257824672,0.4293,0.8659,0.0,modis
2017-05-09,-75.3288588699966,4.479553257824672,0.5135000000000001,0.873,0.0,modis
2017-07-12,-75.3288588699966,4.479553257824672,0.5362,0.8387,0.0,modis
2017-07-28,-75.3288588699966,4.479553257824672,0.5904,0.8492000000000001,1.0,modis
2017-08-13,-75.3288588699966,4.479553257824672,0.5803,0.8135,0.0,modis
2017-08-29,-75.3288588699966,4.479553257824672,0.1834,0.48090000000000005,1.0,modis
2017-10-16,-75.3288588699966,4.479553257824672,0.5699000000000001,0.8225,1.0,modis
2018-03-06,-75.3288588699966,4.479553257824672,0.5845,0.8113,1.0,modis
2018-04-07,-75.3288588699966,4.479553257824672,0.5617,0.8236,1.0,modis
2018-04-23,-75.3288588699966,4.479553257824672,0.5796,0.8809,1.0,modis
2018-06-10,-75.3288588699966,4.479553257824672,0.5549000000000001,0.8065,1.0,modis
2018-07-28,-75.3288588699966,4.479553257824672,0.5101,0.8362,0.0,modis
2018-08-29,-75.3288588699966,4.479553257824672,0.4575,0.4984,1.0,modis
2018-09-14,-75.3288588699966,4.479553257824672,0.562,0.8061,0.0,modis
2018-11-17,-75.3288588699966,4.479553257824672,0.5784,0.8816,1.0,modis
2018-12-19,-75.3288588699966,4.479553257824672,0.5273,0.8404,0.0,modis
2019-01-01,-75.3288588699966,4.479553257824672,0.5427000000000001,0.8161,0.0,modis
2019-01-17,-75.3288588699966,4.479553257824672,0.34950000000000003,0.6535000000000001,1.0,modis
2019-04-23,-75.3288588699966,4.479553257824672,0.5689000000000001,0.8230000000000001,0.0,modis
2019-05-09,-75.3288588699966,4.479553257824672,0.6096,0.6920000000000001,1.0,modis
2019-05-25,-75.3288588699966,4.479553257824672,0.5616,0.8416,1.0,modis
2019-06-26,-75.3288588699966,4.479553257824672,0.5650000000000001,0.8304,0.0,modis
2019-07-12,-75.3288588699966,4.479553257824672,0.6786,0.7746000000000001,1.0,modis
2019-08-13,-75.3288588699966,4.479553257824672,0.4147,0.7532,1.0,modis
2019-08-29,-75.3288588699966,4.479553257824672,0.5459,0.733,1.0,modis
2019-11-01,-75.3288588699966,4.479553257824672,0.5836,0.7244,1.0,modis
2020-02-02,-75.3288588699966,4.479553257824672,0.5095000000000001,0.8520000000000001,0.0,modis
2020-02-18,-75.3288588699966,4.479553257824672,0.47940000000000005,0.8141,1.0,modis
2020-04-06,-75.3288588699966,4.479553257824672,0.5178,0.6081,1.0,modis
2020-05-08,-75.3288588699966,4.479553257824672,0.5776,0.7839,1.0,modis
2020-05-24,-75.3288588699966,4.479553257824672,0.47040000000000004,0.8714000000000001,0.0,modis
2020-06-09,-75.3288588699966,4.479553257824672,0.4294,0.7344,1.0,modis
2020-07-11,-75.3288588699966,4.479553257824672,0.6207,0.8254,1.0,modis
2020-07-27,-75.3288588699966,4.479553257824672,0.532,0.8278000000000001,0.0,modis
2020-09-29,-75.3288588699966,4.479553257824672,0.5997,0.7796000000000001,1.0,modis
2021-01-17,-75.3288588699966,4.479553257824672,0.33180000000000004,0.8596,0.0,modis
2021-04-07,-75.3288588699966,4.479553257824672,0.5718,0.6817000000000001,1.0,modis
2021-06-10,-75.3288588699966,4.479553257824672,0.5819,0.8378,0.0,modis
2021-06-26,-75.3288588699966,4.479553257824672,0.5379,0.8249000000000001,0.0,modis
2021-08-29,-75.3288588699966,4.479553257824672,0.5709000000000001,0.8006000000000001,1.0,modis
2021-09-14,-75.3288588699966,4.479553257824672,0.6182000000000001,0.7586,0.0,modis
2021-11-17,-75.3288588699966,4.479553257824672,0.5379,0.8576,1.0,modis
2021-12-03,-75.3288588699966,4.479553257824672,0.39580000000000004,0.5704,1.0,modis
2022-04-07,-75.3288588699966,4.479553257824672,0.5716,0.7327,1.0,modis
2022-04-23,-75.3288588699966,4.479553257824672,0.4887,0.8682000000000001,1.0,modis
2022-07-12,-75.3288588699966,4.479553257824672,0.6251,0.7812,1.0,modis
2022-08-13,-75.3288588699966,4.479553257824672,0.5789000000000001,0.8117000000000001,1.0,modis
2022-09-30,-75.3288588699966,4.479553257824672,0.5392,0.6223000000000001,1.0,modis
2023-01-17,-75.3288588699966,4.479553257824672,0.6266,0.812,0.0,modis
2023-04-23,-75.3288588699966,4.479553257824672,0.4933,0.7228,1.0,modis
2023-05-25,-75.3288588699966,4.479553257824672,0.47990000000000005,0.8537,0.0,modis
2023-06-10,-75.3288588699966,4.479553257824672,0.5840000000000001,0.8502000000000001,0.0,modis
2023-07-12,-75.3288588699966,4.479553257824672,0.5312,0.7012,1.0,modis
2023-07-28,-75.3288588699966,4.479553257824672,0.5993,0.8330000000000001,0.0,modis
2023-08-13,-75.3288588699966,4.479553257824672,0.47340000000000004,0.8227,0.0,modis
2023-08-29,-75.3288588699966,4.479553257824672,0.6474000000000001,0.7634000000000001,0.0,modis
2023-11-01,-75.3288588699966,4.479553257824672,0.5141,0.7549,1.0,modis
2024-01-17,-75.3288588699966,4.479553257824672,0.651,0.8127000000000001,0.0,modis
2024-02-02,-75.3288588699966,4.479553257824672,0.7164,0.8165,1.0,modis
2024-04-06,-75.3288588699966,4.479553257824672,0.3413,0.8381000000000001,1.0,modis
2024-05-08,-75.3288588699966,4.479553257824672,0.42700000000000005,0.8728,0.0,modis
2024-05-24,-75.3288588699966,4.479553257824672,0.4932,0.8821,0.0,modis
2024-07-27,-75.3288588699966,4.479553257824672,0.6025,0.8512000000000001,1.0,modis
2024-08-12,-75.3288588699966,4.479553257824672,0.5998,0.7404000000000001,1.0,modis
2024-08-28,-75.3288588699966,4.479553257824672,0.5822,0.8289000000000001,0.0,modis
2024-09-13,-75.3288588699966,4.479553257824672,0.47400000000000003,0.8584,0.0,modis
2024-10-15,-75.3288588699966,4.479553257824672,0.6128,0.7652,0.0,modis
2024-11-16,-75.3288588699966,4.479553257824672,0.4572,0.6375000000000001,1.0,modis
2024-12-18,-75.3288588699966,4.479553257824672,0.5311,0.8266,1.0,modis
2015-01-01,-75.32701002775752,4.461566845979476,0.39480000000000004,0.8059000000000001,0.0,modis
2015-04-23,-75.32701002775752,4.461566845979476,0.3985,0.8435,1.0,modis
2015-05-09,-75.32701002775752,4.461566845979476,0.4786,0.7675000000000001,1.0,modis
2015-06-10,-75.32701002775752,4.461566845979476,0.3153,0.5514,1.0,modis
2015-06-26,-75.32701002775752,4.461566845979476,0.4309,0.8320000000000001,1.0,modis
2015-07-12,-75.32701002775752,4.461566845979476,0.524,0.7180000000000001,1.0,modis
2015-07-28,-75.32701002775752,4.461566845979476,0.4606,0.7973,1.0,modis
2015-08-13,-75.32701002775752,4.461566845979476,0.5576,0.751,1.0,modis
2015-08-29,-75.32701002775752,4.461566845979476,0.44220000000000004,0.867,1.0,modis
2015-09-14,-75.32701002775752,4.461566845979476,0.5292,0.6675,1.0,modis
2015-10-16,-75.32701002775752,4.461566845979476,0.5941000000000001,0.7708,1.0,modis
2015-11-17,-75.32701002775752,4.461566845979476,0.6438,0.8692000000000001,1.0,modis
2015-12-03,-75.32701002775752,4.461566845979476,0.42700000000000005,0.8281000000000001,0.0,modis
2015-12-19,-75.32701002775752,4.461566845979476,0.39980000000000004,0.8150000000000001,1.0,modis
2016-01-01,-75.32701002775752,4.461566845979476,0.4662,0.7753,0.0,modis
2016-05-08,-75.32701002775752,4.461566845979476,0.4781,0.6363,1.0,modis
2016-06-09,-75.32701002775752,4.461566845979476,0.3089,0.4954,1.0,modis
2016-08-12,-75.32701002775752,4.461566845979476,0.5521,0.8005,0.0,modis
2016-09-13,-75.32701002775752,4.461566845979476,0.5631,0.6251,1.0,modis
2017-01-17,-75.32701002775752,4.461566845979476,0.4091,0.8621000000000001,1.0,modis
2017-02-02,-75.32701002775752,4.461566845979476,0.3114,0.8196,0.0,modis
2017-03-06,-75.32701002775752,4.461566845979476,0.5562,0.7903,1.0,modis
2017-05-09,-75.32701002775752,4.461566845979476,0.5326000000000001,0.8205,0.0,modis
2017-06-26,-75.32701002775752,4.461566845979476,0.193,0.7401,1.0,modis
2017-07-12,-75.32701002775752,4.461566845979476,0.5682,0.7973,0.0,modis
2017-08-13,-75.32701002775752,4.461566845979476,0.5518000000000001,0.7762,1.0,modis
2017-08-29,-75.32701002775752,4.461566845979476,0.38380000000000003,0.8328,0.0,modis
2017-09-14,-75.32701002775752,4.461566845979476,0.3718,0.8042,0.0,modis
2017-12-03,-75.32701002775752,4.461566845979476,0.3383,0.6617000000000001,1.0,modis
2018-01-17,-75.32701002775752,4.461566845979476,0.37820000000000004,0.8107000000000001,1.0,modis
2018-03-06,-75.32701002775752,4.461566845979476,0.4456,0.7604000000000001,0.0,modis
2018-04-07,-75.32701002775752,4.461566845979476,0.42960000000000004,0.8268000000000001,0.0,modis
2018-06-10,-75.32701002775752,4.461566845979476,0.4637,0.7116,1.0,modis
2018-06-26,-75.32701002775752,4.461566845979476,0.3921,0.8076,1.0,modis
2018-07-12,-75.32701002775752,4.461566845979476,0.41450000000000004,0.9095000000000001,1.0,modis
2018-07-28,-75.32701002775752,4.461566845979476,0.4939,0.8056000000000001,0.0,modis
2018-12-19,-75.32701002775752,4.461566845979476,0.5287000000000001,0.7624000000000001,0.0,modis
2019-01-01,-75.32701002775752,4.461566845979476,0.5287000000000001,0.7624000000000001,0.0,modis
2019-01-17,-75.32701002775752,4.461566845979476,0.49560000000000004,0.8082,0.0,modis
2019-02-18,-75.32701002775752,4.461566845979476,0.4162,0.7824,1.0,modis
2019-04-23,-75.32701002775752,4.461566845979476,0.5591,0.7733,0.0,modis
2019-05-25,-75.32701002775752,4.461566845979476,0.46090000000000003,0.8161,0.0,modis
2019-06-26,-75.32701002775752,4.461566845979476,0.5597,0.8092,0.0,modis
2019-07-12,-75.32701002775752,4.461566845979476,0.4476,0.8574,0.0,modis
2019-07-28,-75.32701002775752,4.461566845979476,0.497,0.7894,0.0,modis
2019-08-13,-75.32701002775752,4.461566845979476,0.4219,0.8233,0.0,modis
2020-01-01,-75.32701002775752,4.461566845979476,0.3598,0.8803000000000001,1.0,modis
2020-01-17,-75.32701002775752,4.461566845979476,0.3277,0.8526,1.0,modis
2020-02-02,-75.32701002775752,4.461566845979476,0.38570000000000004,0.8248000000000001,1.0,modis
2020-05-24,-75.32701002775752,4.461566845979476,0.4514,0.8452000000000001,0.0,modis
2020-06-09,-75.32701002775752,4.461566845979476,0.4082,0.7527,0.0,modis
2020-06-25,-75.32701002775752,4.461566845979476,0.44260000000000005,0.6263000000000001,1.0,modis
2020-07-27,-75.32701002775752,4.461566845979476,0.5408000000000001,0.8103,0.0,modis
2020-08-12,-75.32701002775752,4.461566845979476,0.38620000000000004,0.6663,1.0,modis
2020-09-13,-75.32701002775752,4.461566845979476,0.3292,0.6029,1.0,modis
2021-01-17,-75.32701002775752,4.461566845979476,0.3734,0.8103,0.0,modis
2021-02-02,-75.32701002775752,4.461566845979476,0.47650000000000003,0.8019000000000001,1.0,modis
2021-06-10,-75.32701002775752,4.461566845979476,0.1957,0.7759,0.0,modis
2021-06-26,-75.32701002775752,4.461566845979476,0.5185000000000001,0.8173,0.0,modis
2021-08-29,-75.32701002775752,4.461566845979476,0.5161,0.7106,1.0,modis
2021-09-14,-75.32701002775752,4.461566845979476,0.5646,0.6948000000000001,0.0,modis
2021-11-17,-75.32701002775752,4.461566845979476,0.1807,0.6755,1.0,modis
2022-01-01,-75.32701002775752,4.461566845979476,0.4993,0.7765000000000001,1.0,modis
2022-03-22,-75.32701002775752,4.461566845979476,0.3597,0.6495000000000001,1.0,modis
2022-04-23,-75.32701002775752,4.461566845979476,0.4446,0.8628,1.0,modis
2022-07-28,-75.32701002775752,4.461566845979476,0.4975,0.7916000000000001,0.0,modis
2022-08-13,-75.32701002775752,4.461566845979476,0.5716,0.8314,1.0,modis
2022-08-29,-75.32701002775752,4.461566845979476,0.3652,0.6953,1.0,modis
2023-01-17,-75.32701002775752,4.461566845979476,0.3138,0.7249,1.0,modis
2023-04-23,-75.32701002775752,4.461566845979476,0.4551,0.7511,1.0,modis
2023-05-25,-75.32701002775752,4.461566845979476,0.4092,0.8333,0.0,modis
2023-06-10,-75.32701002775752,4.461566845979476,0.5343,0.7961,0.0,modis
2023-07-12,-75.32701002775752,4.461566845979476,0.511,0.7631,1.0,modis
2023-07-28,-75.32701002775752,4.461566845979476,0.44730000000000003,0.7213,0.0,modis
2023-08-13,-75.32701002775752,4.461566845979476,0.40940000000000004,0.8238000000000001,0.0,modis
2023-08-29,-75.32701002775752,4.461566845979476,0.5747,0.7495,0.0,modis
2023-10-16,-75.32701002775752,4.461566845979476,0.4423,0.8597,1.0,modis
2023-12-03,-75.32701002775752,4.461566845979476,0.41550000000000004,0.7966000000000001,1.0,modis
2024-01-01,-75.32701002775752,4.461566845979476,0.46890000000000004,0.7893,0.0,modis
2024-01-17,-75.32701002775752,4.461566845979476,0.6145,0.7807000000000001,0.0,modis
2024-02-02,-75.32701002775752,4.461566845979476,0.5488000000000001,0.7437,1.0,modis
2024-03-05,-75.32701002775752,4.461566845979476,0.42100000000000004,0.7612,1.0,modis
2024-03-21,-75.32701002775752,4.461566845979476,0.3931,0.7160000000000001,1.0,modis
2024-04-06,-75.32701002775752,4.461566845979476,0.36410000000000003,0.8135,1.0,modis
2024-05-08,-75.32701002775752,4.461566845979476,0.42410000000000003,0.8451000000000001,0.0,modis
2024-05-24,-75.32701002775752,4.461566845979476,0.4486,0.8381000000000001,0.0,modis
2024-06-25,-75.32701002775752,4.461566845979476,0.4244,0.8582000000000001,1.0,modis
2024-07-11,-75.32701002775752,4.461566845979476,0.3426,0.6885,1.0,modis
2024-08-12,-75.32701002775752,4.461566845979476,0.5838,0.7883,0.0,modis
2024-08-28,-75.32701002775752,4.461566845979476,0.5181,0.7815000000000001,0.0,modis
2024-09-13,-75.32701002775752,4.461566845979476,0.4167,0.8143,0.0,modis
2015-01-01,-75.2819073251675,4.461566845979476,0.48500000000000004,0.8421000000000001,0.0,modis
2015-01-17,-75.2819073251675,4.461566845979476,0.5313,0.8241,1.0,modis
2015-02-02,-75.2819073251675,4.461566845979476,0.6534,0.8434,1.0,modis
2015-02-18,-75.2819073251675,4.461566845979476,0.5064000000000001,0.8566,1.0,modis
2015-03-22,-75.2819073251675,4.461566845979476,0.5789000000000001,0.8327,1.0,modis
2015-05-09,-75.2819073251675,4.461566845979476,0.5629000000000001,0.804,1.0,modis
2015-05-25,-75.2819073251675,4.461566845979476,0.6682,0.8776,1.0,modis
2015-06-10,-75.2819073251675,4.461566845979476,0.5893,0.8564,0.0,modis
2015-06-26,-75.2819073251675,4.461566845979476,0.5997,0.7658,1.0,modis
2015-07-12,-75.2819073251675,4.461566845979476,0.5810000000000001,0.7538,0.0,modis
2015-07-28,-75.2819073251675,4.461566845979476,0.6084,0.7793,0.0,modis
2015-08-13,-75.2819073251675,4.461566845979476,0.5616,0.7589,0.0,modis
2015-08-29,-75.2819073251675,4.461566845979476,0.449,0.7120000000000001,0.0,modis
2015-09-14,-75.2819073251675,4.461566845979476,0.4995,0.7391000000000001,0.0,modis
2015-10-16,-75.2819073251675,4.461566845979476,0.5746,0.7582,0.0,modis
2015-12-03,-75.2819073251675,4.461566845979476,0.4848,0.8498,0.0,modis
2015-12-19,-75.2819073251675,4.461566845979476,0.521,0.8328,0.0,modis
2016-01-01,-75.2819073251675,4.461566845979476,0.5790000000000001,0.7909,0.0,modis
2016-01-17,-75.2819073251675,4.461566845979476,0.6207,0.8177000000000001,1.0,modis
2016-02-02,-75.2819073251675,4.461566845979476,0.6131,0.8142,1.0,modis
2016-03-05,-75.2819073251675,4.461566845979476,0.5659000000000001,0.7032,1.0,modis
2016-03-21,-75.2819073251675,4.461566845979476,0.5405,0.8073,0.0,modis
2016-04-06,-75.2819073251675,4.461566845979476,0.6239,0.8125,1.0,modis
2016-05-24,-75.2819073251675,4.461566845979476,0.5293,0.7835000000000001,0.0,modis
2016-06-09,-75.2819073251675,4.461566845979476,0.6091,0.8282,0.0,modis
2016-06-25,-75.2819073251675,4.461566845979476,0.6304000000000001,0.8380000000000001,0.0,modis
2016-07-11,-75.2819073251675,4.461566845979476,0.6992,0.8348,0.0,modis
2016-07-27,-75.2819073251675,4.461566845979476,0.6225,0.7828,0.0,modis
2016-08-12,-75.2819073251675,4.461566845979476,0.5815,0.771,0.0,modis
2016-08-28,-75.2819073251675,4.461566845979476,0.652,0.75,1.0,modis
2016-09-13,-75.2819073251675,4.461566845979476,0.6826,0.7122,0.0,modis
2016-09-29,-75.2819073251675,4.461566845979476,0.6216,0.8308000000000001,0.0,modis
2016-10-15,-75.2819073251675,4.461566845979476,0.6048,0.8115,1.0,modis
2016-11-16,-75.2819073251675,4.461566845979476,0.5589000000000001,0.861,1.0,modis
2016-12-18,-75.2819073251675,4.461566845979476,0.6261,0.8412000000000001,1.0,modis
2017-01-17,-75.2819073251675,4.461566845979476,0.5179,0.7754000000000001,1.0,modis
2017-02-02,-75.2819073251675,4.461566845979476,0.4529,0.8181,0.0,modis
2017-03-22,-75.2819073251675,4.461566845979476,0.667,0.8783000000000001,1.0,modis
2017-04-23,-75.2819073251675,4.461566845979476,0.6182000000000001,0.8359000000000001,0.0,modis
2017-05-25,-75.2819073251675,4.461566845979476,0.6215,0.7924,1.0,modis
2017-06-26,-75.2819073251675,4.461566845979476,0.6171,0.8349000000000001,1.0,modis
2017-07-12,-75.2819073251675,4.461566845979476,0.6604,0.8420000000000001,0.0,modis
2017-07-28,-75.2819073251675,4.461566845979476,0.6371,0.8280000000000001,0.0,modis
2017-08-13,-75.2819073251675,4.461566845979476,0.6155,0.7813,0.0,modis
2017-09-14,-75.2819073251675,4.461566845979476,0.5678000000000001,0.8229000000000001,1.0,modis
2017-10-16,-75.2819073251675,4.461566845979476,0.6184000000000001,0.7984,1.0,modis
2017-12-03,-75.2819073251675,4.461566845979476,0.637,0.8649,1.0,modis
2017-12-19,-75.2819073251675,4.461566845979476,0.5772,0.8500000000000001,1.0,modis
2018-01-17,-75.2819073251675,4.461566845979476,0.6267,0.8355,0.0,modis
2018-02-18,-75.2819073251675,4.461566845979476,0.49920000000000003,0.7586,1.0,modis
2018-03-06,-75.2819073251675,4.461566845979476,0.6435000000000001,0.7814,0.0,modis
2018-04-07,-75.2819073251675,4.461566845979476,0.6419,0.8366,0.0,modis
2018-05-09,-75.2819073251675,4.461566845979476,0.5297000000000001,0.8313,1.0,modis
2018-06-10,-75.2819073251675,4.461566845979476,0.5821000000000001,0.8233,0.0,modis
2018-06-26,-75.2819073251675,4.461566845979476,0.6818000000000001,0.8530000000000001,0.0,modis
2018-07-12,-75.2819073251675,4.461566845979476,0.6094,0.7846000000000001,1.0,modis
2018-07-28,-75.2819073251675,4.461566845979476,0.5718,0.8200000000000001,0.0,modis
2018-08-13,-75.2819073251675,4.461566845979476,0.6146,0.8373,0.0,modis
2018-08-29,-75.2819073251675,4.461566845979476,0.6603,0.7877000000000001,0.0,modis
2018-09-14,-75.2819073251675,4.461566845979476,0.5944,0.7961,0.0,modis
2018-11-17,-75.2819073251675,4.461566845979476,0.5738,0.8316,1.0,modis
2018-12-03,-75.2819073251675,4.461566845979476,0.5901000000000001,0.8269000000000001,0.0,modis
2018-12-19,-75.2819073251675,4.461566845979476,0.5663,0.8222,0.0,modis
2019-01-01,-75.2819073251675,4.461566845979476,0.5994,0.8099000000000001,0.0,modis
2019-01-17,-75.2819073251675,4.461566845979476,0.54,0.8298000000000001,0.0,modis
2019-02-02,-75.2819073251675,4.461566845979476,0.4405,0.6085,1.0,modis
2019-02-18,-75.2819073251675,4.461566845979476,0.4665,0.7498,1.0,modis
2019-03-06,-75.2819073251675,4.461566845979476,0.748,0.7908000000000001,1.0,modis
2019-04-07,-75.2819073251675,4.461566845979476,0.6346,0.8488,1.0,modis
2019-04-23,-75.2819073251675,4.461566845979476,0.6441,0.8320000000000001,0.0,modis
2019-05-25,-75.2819073251675,4.461566845979476,0.6278,0.8472000000000001,0.0,modis
2019-06-26,-75.2819073251675,4.461566845979476,0.6072000000000001,0.8178000000000001,0.0,modis
2019-07-12,-75.2819073251675,4.461566845979476,0.6565000000000001,0.8280000000000001,1.0,modis
2019-07-28,-75.2819073251675,4.461566845979476,0.5745,0.8485,0.0,modis
2019-08-13,-75.2819073251675,4.461566845979476,0.6629,0.8024,0.0,modis
2019-08-29,-75.2819073251675,4.461566845979476,0.5774,0.734,0.0,modis
2019-11-01,-75.2819073251675,4.461566845979476,0.66,0.8692000000000001,1.0,modis
2019-11-17,-75.2819073251675,4.461566845979476,0.5824,0.8112,1.0,modis
2019-12-19,-75.2819073251675,4.461566845979476,0.45690000000000003,0.8560000000000001,1.0,modis
2020-01-01,-75.2819073251675,4.461566845979476,0.6358,0.8343,0.0,modis
2020-02-02,-75.2819073251675,4.461566845979476,0.5847,0.8233,0.0,modis
2020-02-18,-75.2819073251675,4.461566845979476,0.5341,0.8095,0.0,modis
2020-03-21,-75.2819073251675,4.461566845979476,0.6373,0.8581000000000001,1.0,modis
2020-04-06,-75.2819073251675,4.461566845979476,0.6832,0.8069000000000001,1.0,modis
2020-05-08,-75.2819073251675,4.461566845979476,0.6281,0.8541000000000001,1.0,modis
2020-05-24,-75.2819073251675,4.461566845979476,0.5416000000000001,0.8411000000000001,0.0,modis
2020-06-09,-75.2819073251675,4.461566845979476,0.6175,0.8459,0.0,modis
2020-06-25,-75.2819073251675,4.461566845979476,0.6533,0.8272,1.0,modis
2020-07-11,-75.2819073251675,4.461566845979476,0.6436000000000001,0.8492000000000001,1.0,modis
2020-07-27,-75.2819073251675,4.461566845979476,0.5999,0.8114,0.0,modis
2020-08-28,-75.2819073251675,4.461566845979476,0.6105,0.7372000000000001,1.0,modis
2020-09-29,-75.2819073251675,4.461566845979476,0.5662,0.798,1.0,modis
2020-10-15,-75.2819073251675,4.461566845979476,0.49310000000000004,0.7293000000000001,1.0,modis
2021-01-01,-75.2819073251675,4.461566845979476,0.5995,0.8228000000000001,1.0,modis
2021-01-17,-75.2819073251675,4.461566845979476,0.4146,0.792,0.0,modis
2021-02-18,-75.2819073251675,4.461566845979476,0.6379,0.8254,1.0,modis
2021-04-07,-75.2819073251675,4.461566845979476,0.6473,0.8585,1.0,modis
2021-04-23,-75.2819073251675,4.461566845979476,0.5865,0.8259000000000001,1.0,modis
2021-05-09,-75.2819073251675,4.461566845979476,0.7428,0.9232,1.0,modis
2021-06-10,-75.2819073251675,4.461566845979476,0.6262,0.8282,0.0,modis
2021-06-26,-75.2819073251675,4.461566845979476,0.5856,0.8138000000000001,0.0,modis
2021-07-28,-75.2819073251675,4.461566845979476,0.6549,0.8349000000000001,1.0,modis
2021-08-29,-75.2819073251675,4.461566845979476,0.6299,0.812,0.0,modis
2021-09-14,-75.2819073251675,4.461566845979476,0.6768000000000001,0.7455,0.0,modis
2021-09-30,-75.2819073251675,4.461566845979476,0.6377,0.7802,1.0,modis
2021-10-16,-75.2819073251675,4.461566845979476,0.6272,0.8364,1.0,modis
2021-11-17,-75.2819073251675,4.461566845979476,0.5438000000000001,0.8728,1.0,modis
2021-12-19,-75.2819073251675,4.461566845979476,0.5206000000000001,0.8233,1.0,modis
2022-01-01,-75.2819073251675,4.461566845979476,0.5972000000000001,0.8403,1.0,modis
2022-01-17,-75.2819073251675,4.461566845979476,0.6028,0.8827,1.0,modis
2022-04-07,-75.2819073251675,4.461566845979476,0.6419,0.7902,1.0,modis
2022-04-23,-75.2819073251675,4.461566845979476,0.5398000000000001,0.8723000000000001,1.0,modis
2022-07-28,-75.2819073251675,4.461566845979476,0.6313000000000001,0.8161,0.0,modis
2022-08-13,-75.2819073251675,4.461566845979476,0.6474000000000001,0.8223,1.0,modis
2022-08-29,-75.2819073251675,4.461566845979476,0.6713,0.8286,0.0,modis
2022-09-30,-75.2819073251675,4.461566845979476,0.6688000000000001,0.8203,0.0,modis
2022-12-19,-75.2819073251675,4.461566845979476,0.617,0.8136,1.0,modis
2023-01-17,-75.2819073251675,4.461566845979476,0.6345000000000001,0.8107000000000001,0.0,modis
2023-03-06,-75.2819073251675,4.461566845979476,0.6842,0.7952,1.0,modis
2023-03-22,-75.2819073251675,4.461566845979476,0.5638000000000001,0.8367,1.0,modis
2023-04-23,-75.2819073251675,4.461566845979476,0.5830000000000001,0.8248000000000001,0.0,modis
2023-05-25,-75.2819073251675,4.461566845979476,0.5468000000000001,0.8440000000000001,0.0,modis
2023-06-10,-75.2819073251675,4.461566845979476,0.6542,0.8351000000000001,0.0,modis
2023-06-26,-75.2819073251675,4.461566845979476,0.6175,0.7994,0.0,modis
2023-07-12,-75.2819073251675,4.461566845979476,0.6098,0.7758,0.0,modis
2023-07-28,-75.2819073251675,4.461566845979476,0.6309,0.7984,0.0,modis
2023-08-13,-75.2819073251675,4.461566845979476,0.5734,0.7299,1.0,modis
2023-08-29,-75.2819073251675,4.461566845979476,0.6509,0.7747,0.0,modis
2023-09-14,-75.2819073251675,4.461566845979476,0.6614,0.7679,0.0,modis
2023-09-30,-75.2819073251675,4.461566845979476,0.5485,0.8079000000000001,1.0,modis
2023-11-17,-75.2819073251675,4.461566845979476,0.5025000000000001,0.8250000000000001,1.0,modis
2023-12-03,-75.2819073251675,4.461566845979476,0.5977,0.8228000000000001,0.0,modis
2024-01-01,-75.2819073251675,4.461566845979476,0.6322,0.8234,0.0,modis
2024-01-17,-75.2819073251675,4.461566845979476,0.5880000000000001,0.8261000000000001,0.0,modis
2024-02-02,-75.2819073251675,4.461566845979476,0.6087,0.7619,0.0,modis
2024-03-05,-75.2819073251675,4.461566845979476,0.5397000000000001,0.8365,1.0,modis
2024-04-06,-75.2819073251675,4.461566845979476,0.4046,0.8043,1.0,modis
2024-05-08,-75.2819073251675,4.461566845979476,0.5157,0.8666,0.0,modis
2024-05-24,-75.2819073251675,4.461566845979476,0.6408,0.8687,0.0,modis
2024-06-25,-75.2819073251675,4.461566845979476,0.5907,0.8445,0.0,modis
2024-07-11,-75.2819073251675,4.461566845979476,0.6726000000000001,0.7935,1.0,modis
2024-07-27,-75.2819073251675,4.461566845979476,0.6285000000000001,0.8122,1.0,modis
2024-08-12,-75.2819073251675,4.461566845979476,0.5444,0.8144,0.0,modis
2024-08-28,-75.2819073251675,4.461566845979476,0.6451,0.7377,0.0,modis
2024-09-13,-75.2819073251675,4.461566845979476,0.5076,0.7941,0.0,modis
2024-09-29,-75.2819073251675,4.461566845979476,0.6966,0.8214,1.0,modis
2024-10-15,-75.2819073251675,4.461566845979476,0.638,0.7979,0.0,modis
2024-11-16,-75.2819073251675,4.461566845979476,0.6103000000000001,0.8570000000000001,1.0,modis
2024-12-02,-75.2819073251675,4.461566845979476,0.5773,0.8268000000000001,1.0,modis
2015-01-01,-75.25761912535158,4.488546463747269,0.5005000000000001,0.7756000000000001,0.0,modis
2015-02-18,-75.25761912535158,4.488546463747269,0.49560000000000004,0.796,1.0,modis
2015-04-23,-75.25761912535158,4.488546463747269,0.5488000000000001,0.7369,0.0,modis
2015-05-09,-75.25761912535158,4.488546463747269,0.4379,0.8671000000000001,0.0,modis
2015-06-10,-75.25761912535158,4.488546463747269,0.43320000000000003,0.8210000000000001,0.0,modis
2015-06-26,-75.25761912535158,4.488546463747269,0.4617,0.8395,1.0,modis
2015-07-12,-75.25761912535158,4.488546463747269,0.5258,0.7427,0.0,modis
2015-07-28,-75.25761912535158,4.488546463747269,0.4959,0.8044,0.0,modis
2015-08-13,-75.25761912535158,4.488546463747269,0.555,0.7579,0.0,modis
2015-08-29,-75.25761912535158,4.488546463747269,0.5024000000000001,0.7305,0.0,modis
2015-09-14,-75.25761912535158,4.488546463747269,0.4722,0.7120000000000001,0.0,modis
2015-10-16,-75.25761912535158,4.488546463747269,0.5962000000000001,0.7544000000000001,0.0,modis
2015-11-01,-75.25761912535158,4.488546463747269,0.4349,0.7763,1.0,modis
2015-11-17,-75.25761912535158,4.488546463747269,0.5525,0.7455,0.0,modis
2015-12-03,-75.25761912535158,4.488546463747269,0.4667,0.7969,0.0,modis
2015-12-19,-75.25761912535158,4.488546463747269,0.4963,0.7677,0.0,modis
2016-01-01,-75.25761912535158,4.488546463747269,0.5127,0.7385,1.0,modis
2016-02-02,-75.25761912535158,4.488546463747269,0.5109,0.7108,1.0,modis
2016-03-21,-75.25761912535158,4.488546463747269,0.4984,0.7744000000000001,1.0,modis
2016-04-06,-75.25761912535158,4.488546463747269,0.4858,0.7887000000000001,0.0,modis
2016-05-08,-75.25761912535158,4.488546463747269,0.6158,0.8313,1.0,modis
2016-06-09,-75.25761912535158,4.488546463747269,0.5618000000000001,0.8271000000000001,0.0,modis
2016-06-25,-75.25761912535158,4.488546463747269,0.5124000000000001,0.7761,0.0,modis
2016-07-11,-75.25761912535158,4.488546463747269,0.6157,0.8193,1.0,modis
2016-07-27,-75.25761912535158,4.488546463747269,0.4501,0.8566,0.0,modis
2016-08-12,-75.25761912535158,4.488546463747269,0.5447000000000001,0.7621,0.0,modis
2016-08-28,-75.25761912535158,4.488546463747269,0.46940000000000004,0.7217,1.0,modis
2016-10-15,-75.25761912535158,4.488546463747269,0.5900000000000001,0.7544000000000001,1.0,modis
2016-11-16,-75.25761912535158,4.488546463747269,0.5452,0.7877000000000001,1.0,modis
2017-02-02,-75.25761912535158,4.488546463747269,0.43660000000000004,0.8201,0.0,modis
2017-04-23,-75.25761912535158,4.488546463747269,0.5736,0.8157000000000001,0.0,modis
2017-05-09,-75.25761912535158,4.488546463747269,0.4158,0.8068000000000001,0.0,modis
2017-05-25,-75.25761912535158,4.488546463747269,0.4419,0.8205,1.0,modis
2017-06-26,-75.25761912535158,4.488546463747269,0.4802,0.8255,0.0,modis
2017-07-12,-75.25761912535158,4.488546463747269,0.5678000000000001,0.7955,0.0,modis
2017-07-28,-75.25761912535158,4.488546463747269,0.5854,0.7987000000000001,0.0,modis
2017-08-13,-75.25761912535158,4.488546463747269,0.5918,0.7634000000000001,0.0,modis
2017-08-29,-75.25761912535158,4.488546463747269,0.4188,0.8426,0.0,modis
2017-09-14,-75.25761912535158,4.488546463747269,0.4509,0.7798,1.0,modis
2017-10-16,-75.25761912535158,4.488546463747269,0.5994,0.769,1.0,modis
2018-03-06,-75.25761912535158,4.488546463747269,0.5908,0.7304,0.0,modis
2018-04-07,-75.25761912535158,4.488546463747269,0.5544,0.8136,0.0,modis
2018-04-23,-75.25761912535158,4.488546463747269,0.557,0.8140000000000001,0.0,modis
2018-05-09,-75.25761912535158,4.488546463747269,0.5147,0.7568,1.0,modis
2018-06-10,-75.25761912535158,4.488546463747269,0.6115,0.7168,1.0,modis
2018-06-26,-75.25761912535158,4.488546463747269,0.3247,0.5101,1.0,modis
2018-07-12,-75.25761912535158,4.488546463747269,0.4217,0.9343,1.0,modis
2018-07-28,-75.25761912535158,4.488546463747269,0.5664,0.7817000000000001,0.0,modis
2018-08-13,-75.25761912535158,4.488546463747269,0.49810000000000004,0.7519,0.0,modis
2018-08-29,-75.25761912535158,4.488546463747269,0.6165,0.7784000000000001,0.0,modis
2018-09-14,-75.25761912535158,4.488546463747269,0.536,0.752,0.0,modis
2018-10-16,-75.25761912535158,4.488546463747269,0.45370000000000005,0.7391000000000001,1.0,modis
2018-12-03,-75.25761912535158,4.488546463747269,0.6126,0.8063,0.0,modis
2018-12-19,-75.25761912535158,4.488546463747269,0.4192,0.8453,0.0,modis
2019-01-01,-75.25761912535158,4.488546463747269,0.44780000000000003,0.8468,0.0,modis
2019-01-17,-75.25761912535158,4.488546463747269,0.5128,0.7239,0.0,modis
2019-02-02,-75.25761912535158,4.488546463747269,0.4922,0.7585000000000001,1.0,modis
2019-02-18,-75.25761912535158,4.488546463747269,0.2616,0.4791,0.0,modis
2019-04-07,-75.25761912535158,4.488546463747269,0.6138,0.8405,1.0,modis
2019-04-23,-75.25761912535158,4.488546463747269,0.5792,0.8007000000000001,0.0,modis
2019-05-09,-75.25761912535158,4.488546463747269,0.5161,0.7221000000000001,1.0,modis
2019-05-25,-75.25761912535158,4.488546463747269,0.3915,0.7368,0.0,modis
2019-06-26,-75.25761912535158,4.488546463747269,0.5592,0.8084,0.0,modis
2019-07-12,-75.25761912535158,4.488546463747269,0.5311,0.8466,0.0,modis
2019-07-28,-75.25761912535158,4.488546463747269,0.4471,0.8116,0.0,modis
2019-08-13,-75.25761912535158,4.488546463747269,0.41750000000000004,0.8204,0.0,modis
2019-08-29,-75.25761912535158,4.488546463747269,0.5188,0.7049000000000001,1.0,modis
2019-11-17,-75.25761912535158,4.488546463747269,0.6208,0.7554000000000001,1.0,modis
2020-01-01,-75.25761912535158,4.488546463747269,0.4037,0.8570000000000001,0.0,modis
2020-02-02,-75.25761912535158,4.488546463747269,0.5395,0.7763,0.0,modis
2020-02-18,-75.25761912535158,4.488546463747269,0.4999,0.7659,0.0,modis
2020-03-21,-75.25761912535158,4.488546463747269,0.5535,0.7518,1.0,modis
2020-04-06,-75.25761912535158,4.488546463747269,0.5244,0.8704000000000001,1.0,modis
2020-05-08,-75.25761912535158,4.488546463747269,0.5309,0.7203,1.0,modis
2020-05-24,-75.25761912535158,4.488546463747269,0.4736,0.8322,0.0,modis
2020-06-09,-75.25761912535158,4.488546463747269,0.518,0.8108000000000001,0.0,modis
2020-07-27,-75.25761912535158,4.488546463747269,0.5556,0.8061,0.0,modis
2020-08-12,-75.25761912535158,4.488546463747269,0.4046,0.775,1.0,modis
2020-08-28,-75.25761912535158,4.488546463747269,0.4838,0.7848,1.0,modis
2020-09-29,-75.25761912535158,4.488546463747269,0.6049,0.7649,1.0,modis
2021-01-17,-75.25761912535158,4.488546463747269,0.37670000000000003,0.8143,0.0,modis
2021-04-07,-75.25761912535158,4.488546463747269,0.5712,0.8113,1.0,modis
2021-05-25,-75.25761912535158,4.488546463747269,0.3438,0.7034,1.0,modis
2021-06-10,-75.25761912535158,4.488546463747269,0.5575,0.8022,0.0,modis
2021-06-26,-75.25761912535158,4.488546463747269,0.5454,0.8165,0.0,modis
2021-07-28,-75.25761912535158,4.488546463747269,0.6018,0.8185,1.0,modis
2021-08-29,-75.25761912535158,4.488546463747269,0.5827,0.7709,0.0,modis
2021-09-14,-75.25761912535158,4.488546463747269,0.5672,0.65,0.0,modis
2022-01-01,-75.25761912535158,4.488546463747269,0.64,0.8081,1.0,modis
2022-04-07,-75.25761912535158,4.488546463747269,0.5948,0.7598,1.0,modis
2022-04-23,-75.25761912535158,4.488546463747269,0.41100000000000003,0.8393,1.0,modis
2022-06-26,-75.25761912535158,4.488546463747269,0.3267,0.6988000000000001,1.0,modis
2022-07-28,-75.25761912535158,4.488546463747269,0.5322,0.7767000000000001,0.0,modis
2022-08-13,-75.25761912535158,4.488546463747269,0.4476,0.8536,0.0,modis
2022-09-30,-75.25761912535158,4.488546463747269,0.47540000000000004,0.8121,0.0,modis
2023-01-17,-75.25761912535158,4.488546463747269,0.6392,0.7742,1.0,modis
2023-03-22,-75.25761912535158,4.488546463747269,0.5907,0.8172,0.0,modis
2023-04-23,-75.25761912535158,4.488546463747269,0.525,0.7687,0.0,modis
2023-05-25,-75.25761912535158,4.488546463747269,0.4409,0.8087000000000001,0.0,modis
2023-06-10,-75.25761912535158,4.488546463747269,0.5468000000000001,0.7864,0.0,modis
2023-06-26,-75.25761912535158,4.488546463747269,0.5802,0.7688,0.0,modis
2023-07-12,-75.25761912535158,4.488546463747269,0.5272,0.7309,1.0,modis
2023-07-28,-75.25761912535158,4.488546463747269,0.557,0.7639,0.0,modis
2023-08-13,-75.25761912535158,4.488546463747269,0.43470000000000003,0.8,0.0,modis
2023-08-29,-75.25761912535158,4.488546463747269,0.5361,0.6913,1.0,modis
2023-09-14,-75.25761912535158,4.488546463747269,0.5735,0.7119000000000001,0.0,modis
2023-12-03,-75.25761912535158,4.488546463747269,0.6950000000000001,0.8018000000000001,1.0,modis
2024-01-01,-75.25761912535158,4.488546463747269,0.3942,0.8249000000000001,1.0,modis
2024-01-17,-75.25761912535158,4.488546463747269,0.651,0.7635000000000001,0.0,modis
2024-02-02,-75.25761912535158,4.488546463747269,0.5953,0.7296,0.0,modis
2024-03-05,-75.25761912535158,4.488546463747269,0.45320000000000005,0.7572,1.0,modis
2024-04-06,-75.25761912535158,4.488546463747269,0.3447,0.8205,1.0,modis
2024-05-08,-75.25761912535158,4.488546463747269,0.42750000000000005,0.8383,0.0,modis
2024-05-24,-75.25761912535158,4.488546463747269,0.538,0.8171,0.0,modis
2024-06-25,-75.25761912535158,4.488546463747269,0.4142,0.7703,1.0,modis
2024-07-27,-75.25761912535158,4.488546463747269,0.5713,0.7675000000000001,1.0,modis
2024-08-12,-75.25761912535158,4.488546463747269,0.49410000000000004,0.7886000000000001,0.0,modis
2024-08-28,-75.25761912535158,4.488546463747269,0.5507000000000001,0.6793,0.0,modis
2024-09-13,-75.25761912535158,4.488546463747269,0.4354,0.777,0.0,modis
2024-09-29,-75.25761912535158,4.488546463747269,0.46630000000000005,0.6701,1.0,modis
2024-10-15,-75.25761912535158,4.488546463747269,0.4324,0.7966000000000001,1.0,modis
2024-11-16,-75.25761912535158,4.488546463747269,0.6342,0.7938000000000001,1.0,modis
2015-01-01,-75.25669277463598,4.479553257824672,0.5678000000000001,0.8175,0.0,modis
2015-01-17,-75.25669277463598,4.479553257824672,0.6581,0.8130000000000001,1.0,modis
2015-02-18,-75.25669277463598,4.479553257824672,0.5321,0.7841,1.0,modis
2015-03-06,-75.25669277463598,4.479553257824672,0.5044000000000001,0.6306,1.0,modis
2015-04-23,-75.25669277463598,4.479553257824672,0.5762,0.7653000000000001,0.0,modis
2015-05-09,-75.25669277463598,4.479553257824672,0.5126000000000001,0.8738,0.0,modis
2015-06-10,-75.25669277463598,4.479553257824672,0.5131,0.8458,0.0,modis
2015-06-26,-75.25669277463598,4.479553257824672,0.48610000000000003,0.8699,1.0,modis
2015-07-12,-75.25669277463598,4.479553257824672,0.53,0.7646000000000001,0.0,modis
2015-07-28,-75.25669277463598,4.479553257824672,0.5262,0.8209000000000001,0.0,modis
2015-08-13,-75.25669277463598,4.479553257824672,0.5618000000000001,0.7684000000000001,0.0,modis
2015-08-29,-75.25669277463598,4.479553257824672,0.5368,0.7455,0.0,modis
2015-09-14,-75.25669277463598,4.479553257824672,0.5225000000000001,0.7586,0.0,modis
2015-10-16,-75.25669277463598,4.479553257824672,0.6058,0.7604000000000001,0.0,modis
2015-11-01,-75.25669277463598,4.479553257824672,0.44370000000000004,0.7815000000000001,1.0,modis
2015-11-17,-75.25669277463598,4.479553257824672,0.6424000000000001,0.8149000000000001,0.0,modis
2015-12-03,-75.25669277463598,4.479553257824672,0.5444,0.8143,0.0,modis
2015-12-19,-75.25669277463598,4.479553257824672,0.5523,0.8021,0.0,modis
2016-01-01,-75.25669277463598,4.479553257824672,0.5888,0.7383000000000001,0.0,modis
2016-01-17,-75.25669277463598,4.479553257824672,0.6103000000000001,0.7763,1.0,modis
2016-02-02,-75.25669277463598,4.479553257824672,0.6108,0.7644000000000001,1.0,modis
2016-03-21,-75.25669277463598,4.479553257824672,0.5388000000000001,0.8049000000000001,0.0,modis
2016-04-06,-75.25669277463598,4.479553257824672,0.5387000000000001,0.867,0.0,modis
2016-05-08,-75.25669277463598,4.479553257824672,0.6342,0.8439000000000001,0.0,modis
2016-05-24,-75.25669277463598,4.479553257824672,0.5002,0.7161000000000001,1.0,modis
2016-06-09,-75.25669277463598,4.479553257824672,0.5059,0.8668,0.0,modis
2016-06-25,-75.25669277463598,4.479553257824672,0.5626,0.8250000000000001,0.0,modis
2016-07-11,-75.25669277463598,4.479553257824672,0.5573,0.8261000000000001,0.0,modis
2016-07-27,-75.25669277463598,4.479553257824672,0.5831000000000001,0.8088000000000001,0.0,modis
2016-08-12,-75.25669277463598,4.479553257824672,0.5619000000000001,0.7723,0.0,modis
2016-08-28,-75.25669277463598,4.479553257824672,0.42400000000000004,0.8134,1.0,modis
2016-09-13,-75.25669277463598,4.479553257824672,0.4873,0.6474000000000001,1.0,modis
2016-09-29,-75.25669277463598,4.479553257824672,0.6257,0.8125,0.0,modis
2016-10-15,-75.25669277463598,4.479553257824672,0.628,0.7814,1.0,modis
2016-11-16,-75.25669277463598,4.479553257824672,0.49100000000000005,0.7548,1.0,modis
2017-01-17,-75.25669277463598,4.479553257824672,0.5872,0.7867000000000001,1.0,modis
2017-02-02,-75.25669277463598,4.479553257824672,0.48600000000000004,0.8431000000000001,0.0,modis
2017-04-23,-75.25669277463598,4.479553257824672,0.6069,0.8469,0.0,modis
2017-05-09,-75.25669277463598,4.479553257824672,0.5561,0.8601000000000001,0.0,modis
2017-05-25,-75.25669277463598,4.479553257824672,0.5801000000000001,0.7967000000000001,1.0,modis
2017-06-26,-75.25669277463598,4.479553257824672,0.30870000000000003,0.8431000000000001,0.0,modis
2017-07-12,-75.25669277463598,4.479553257824672,0.5937,0.8282,0.0,modis
2017-07-28,-75.25669277463598,4.479553257824672,0.5973,0.8187000000000001,0.0,modis
2017-08-13,-75.25669277463598,4.479553257824672,0.5941000000000001,0.7751,0.0,modis
2017-08-29,-75.25669277463598,4.479553257824672,0.43770000000000003,0.8528,0.0,modis
2017-09-14,-75.25669277463598,4.479553257824672,0.554,0.8101,1.0,modis
2017-10-16,-75.25669277463598,4.479553257824672,0.641,0.7962,0.0,modis
2017-12-19,-75.25669277463598,4.479553257824672,0.5822,0.7783,1.0,modis
2018-01-17,-75.25669277463598,4.479553257824672,0.6031000000000001,0.6736000000000001,1.0,modis
2018-03-06,-75.25669277463598,4.479553257824672,0.6307,0.7557,0.0,modis
2018-04-23,-75.25669277463598,4.479553257824672,0.5774,0.8178000000000001,0.0,modis
2018-05-09,-75.25669277463598,4.479553257824672,0.5214,0.8375,1.0,modis
2018-06-10,-75.25669277463598,4.479553257824672,0.48960000000000004,0.7058,1.0,modis
2018-07-12,-75.25669277463598,4.479553257824672,0.4551,0.9471,1.0,modis
2018-07-28,-75.25669277463598,4.479553257824672,0.5781000000000001,0.7916000000000001,0.0,modis
2018-08-13,-75.25669277463598,4.479553257824672,0.5585,0.7728,0.0,modis
2018-08-29,-75.25669277463598,4.479553257824672,0.6391,0.7903,0.0,modis
2018-09-14,-75.25669277463598,4.479553257824672,0.6,0.7956000000000001,0.0,modis
2018-10-16,-75.25669277463598,4.479553257824672,0.4732,0.7609,1.0,modis
2018-11-17,-75.25669277463598,4.479553257824672,0.6493,0.8629,1.0,modis
2018-12-03,-75.25669277463598,4.479553257824672,0.6291,0.8190000000000001,0.0,modis
2018-12-19,-75.25669277463598,4.479553257824672,0.6258,0.8096,0.0,modis
2019-01-01,-75.25669277463598,4.479553257824672,0.49570000000000003,0.8504,0.0,modis
2019-01-17,-75.25669277463598,4.479553257824672,0.6032000000000001,0.8156,0.0,modis
2019-02-02,-75.25669277463598,4.479553257824672,0.4979,0.8216,1.0,modis
2019-02-18,-75.25669277463598,4.479553257824672,0.686,0.8016000000000001,1.0,modis
2019-04-07,-75.25669277463598,4.479553257824672,0.621,0.8747,1.0,modis
2019-04-23,-75.25669277463598,4.479553257824672,0.5967,0.8213,0.0,modis
2019-05-09,-75.25669277463598,4.479553257824672,0.5962000000000001,0.7817000000000001,1.0,modis
2019-05-25,-75.25669277463598,4.479553257824672,0.5614,0.8303,0.0,modis
2019-06-26,-75.25669277463598,4.479553257824672,0.49620000000000003,0.8389000000000001,0.0,modis
2019-07-12,-75.25669277463598,4.479553257824672,0.5462,0.8623000000000001,0.0,modis
2019-07-28,-75.25669277463598,4.479553257824672,0.6051000000000001,0.7898000000000001,0.0,modis
2019-08-13,-75.25669277463598,4.479553257824672,0.43870000000000003,0.8275,0.0,modis
2019-08-29,-75.25669277463598,4.479553257824672,0.5405,0.7192000000000001,1.0,modis
2019-09-14,-75.25669277463598,4.479553257824672,0.6422,0.8150000000000001,1.0,modis
2019-11-17,-75.25669277463598,4.479553257824672,0.6694,0.8270000000000001,1.0,modis
2019-12-19,-75.25669277463598,4.479553257824672,0.6377,0.7946000000000001,1.0,modis
2020-01-01,-75.25669277463598,4.479553257824672,0.4369,0.8525,0.0,modis
2020-02-02,-75.25669277463598,4.479553257824672,0.5901000000000001,0.8024,0.0,modis
2020-02-18,-75.25669277463598,4.479553257824672,0.5558000000000001,0.7976000000000001,0.0,modis
2020-03-21,-75.25669277463598,4.479553257824672,0.5844,0.7691,1.0,modis
2020-04-06,-75.25669277463598,4.479553257824672,0.5424,0.7788,1.0,modis
2020-05-08,-75.25669277463598,4.479553257824672,0.5438000000000001,0.6990000000000001,1.0,modis
2020-05-24,-75.25669277463598,4.479553257824672,0.4898,0.8433,0.0,modis
2020-06-09,-75.25669277463598,4.479553257824672,0.5577,0.8492000000000001,0.0,modis
2020-07-11,-75.25669277463598,4.479553257824672,0.54,0.8123,1.0,modis
2020-07-27,-75.25669277463598,4.479553257824672,0.5295,0.8431000000000001,1.0,modis
2020-08-12,-75.25669277463598,4.479553257824672,0.4423,0.8,1.0,modis
2020-08-28,-75.25669277463598,4.479553257824672,0.525,0.7852,0.0,modis
2020-09-13,-75.25669277463598,4.479553257824672,0.6124,0.8398,1.0,modis
2020-09-29,-75.25669277463598,4.479553257824672,0.6319,0.7905000000000001,1.0,modis
2020-11-16,-75.25669277463598,4.479553257824672,0.5978,0.8024,1.0,modis
2020-12-02,-75.25669277463598,4.479553257824672,0.4718,0.8611000000000001,1.0,modis
2021-01-17,-75.25669277463598,4.479553257824672,0.4162,0.8335,0.0,modis
2021-02-18,-75.25669277463598,4.479553257824672,0.6333000000000001,0.7644000000000001,1.0,modis
2021-04-07,-75.25669277463598,4.479553257824672,0.5993,0.8203,1.0,modis
2021-05-25,-75.25669277463598,4.479553257824672,0.5421,0.8202,1.0,modis
2021-06-10,-75.25669277463598,4.479553257824672,0.6018,0.8485,0.0,modis
2021-06-26,-75.25669277463598,4.479553257824672,0.5715,0.8269000000000001,0.0,modis
2021-07-28,-75.25669277463598,4.479553257824672,0.6265000000000001,0.8393,1.0,modis
2021-08-29,-75.25669277463598,4.479553257824672,0.6105,0.794,0.0,modis
2021-09-14,-75.25669277463598,4.479553257824672,0.6548,0.7316,0.0,modis
2022-01-01,-75.25669277463598,4.479553257824672,0.6646000000000001,0.8235,1.0,modis
2022-04-07,-75.25669277463598,4.479553257824672,0.5874,0.7517,1.0,modis
2022-04-23,-75.25669277463598,4.479553257824672,0.4494,0.8336,1.0,modis
2022-06-26,-75.25669277463598,4.479553257824672,0.463,0.8379000000000001,1.0,modis
2022-07-28,-75.25669277463598,4.479553257824672,0.5844,0.8147000000000001,0.0,modis
2022-08-13,-75.25669277463598,4.479553257824672,0.5251,0.7943,1.0,modis
2022-08-29,-75.25669277463598,4.479553257824672,0.6711,0.7789,1.0,modis
2022-09-14,-75.25669277463598,4.479553257824672,0.465,0.8,1.0,modis
2022-09-30,-75.25669277463598,4.479553257824672,0.5216000000000001,0.8350000000000001,0.0,modis
2023-01-17,-75.25669277463598,4.479553257824672,0.6679,0.8125,0.0,modis
2023-03-22,-75.25669277463598,4.479553257824672,0.5376000000000001,0.8101,0.0,modis
2023-04-23,-75.25669277463598,4.479553257824672,0.531,0.7968000000000001,0.0,modis
2023-05-25,-75.25669277463598,4.479553257824672,0.5006,0.8499,0.0,modis
2023-06-10,-75.25669277463598,4.479553257824672,0.5872,0.8205,0.0,modis
2023-06-26,-75.25669277463598,4.479553257824672,0.5734,0.7933,0.0,modis
2023-07-12,-75.25669277463598,4.479553257824672,0.6207,0.8168000000000001,0.0,modis
2023-07-28,-75.25669277463598,4.479553257824672,0.5843,0.789,0.0,modis
2023-08-13,-75.25669277463598,4.479553257824672,0.5271,0.7076,1.0,modis
2023-08-29,-75.25669277463598,4.479553257824672,0.6109,0.7466,1.0,modis
2023-09-14,-75.25669277463598,4.479553257824672,0.6558,0.771,0.0,modis
2023-12-03,-75.25669277463598,4.479553257824672,0.6953,0.8037000000000001,1.0,modis
2024-01-01,-75.25669277463598,4.479553257824672,0.44010000000000005,0.8805000000000001,1.0,modis
2024-01-17,-75.25669277463598,4.479553257824672,0.6288,0.7975,0.0,modis
2024-02-02,-75.25669277463598,4.479553257824672,0.6239,0.7414000000000001,0.0,modis
2024-03-05,-75.25669277463598,4.479553257824672,0.47490000000000004,0.7156,1.0,modis
2024-04-06,-75.25669277463598,4.479553257824672,0.3764,0.8190000000000001,1.0,modis
2024-04-22,-75.25669277463598,4.479553257824672,0.4596,0.5566,1.0,modis
2024-05-08,-75.25669277463598,4.479553257824672,0.4474,0.8460000000000001,0.0,modis
2024-05-24,-75.25669277463598,4.479553257824672,0.5587,0.8329000000000001,0.0,modis
2024-06-25,-75.25669277463598,4.479553257824672,0.41390000000000005,0.8270000000000001,1.0,modis
2024-07-27,-75.25669277463598,4.479553257824672,0.5842,0.7896000000000001,1.0,modis
2024-08-12,-75.25669277463598,4.479553257824672,0.5203,0.8086,0.0,modis
2024-08-28,-75.25669277463598,4.479553257824672,0.5792,0.7053,0.0,modis
2024-09-13,-75.25669277463598,4.479553257824672,0.502,0.7949,0.0,modis
2024-09-29,-75.25669277463598,4.479553257824672,0.614,0.7239,1.0,modis
2024-10-15,-75.25669277463598,4.479553257824672,0.6633,0.7836000000000001,0.0,modis
2024-11-16,-75.25669277463598,4.479553257824672,0.7027,0.8420000000000001,0.0,modis
2024-12-02,-75.25669277463598,4.479553257824672,0.6507000000000001,0.8209000000000001,1.0,modis
2015-01-01,-75.22758268081402,4.632437758508844,0.3796,0.7204,0.0,modis
2015-02-02,-75.22758268081402,4.632437758508844,0.3211,0.7645000000000001,1.0,modis
2015-02-18,-75.22758268081402,4.632437758508844,0.4307,0.6114,1.0,modis
2015-04-23,-75.22758268081402,4.632437758508844,0.5277000000000001,0.7511,0.0,modis
2015-06-10,-75.22758268081402,4.632437758508844,0.49060000000000004,0.7469,1.0,modis
2015-07-12,-75.22758268081402,4.632437758508844,0.4988,0.729,0.0,modis
2015-08-13,-75.22758268081402,4.632437758508844,0.5368,0.7533000000000001,1.0,modis
2015-08-29,-75.22758268081402,4.632437758508844,0.446,0.7333000000000001,0.0,modis
2015-09-14,-75.22758268081402,4.632437758508844,0.49410000000000004,0.7779,1.0,modis
2015-11-17,-75.22758268081402,4.632437758508844,0.4899,0.7527,1.0,modis
2015-12-03,-75.22758268081402,4.632437758508844,0.40090000000000003,0.8055,0.0,modis
2015-12-19,-75.22758268081402,4.632437758508844,0.4455,0.789,0.0,modis
2016-01-01,-75.22758268081402,4.632437758508844,0.48160000000000003,0.7723,0.0,modis
2016-01-17,-75.22758268081402,4.632437758508844,0.384,0.777,1.0,modis
2016-02-02,-75.22758268081402,4.632437758508844,0.4716,0.6413,1.0,modis
2016-03-21,-75.22758268081402,4.632437758508844,0.39430000000000004,0.7807000000000001,0.0,modis
2016-04-06,-75.22758268081402,4.632437758508844,0.4571,0.7494000000000001,1.0,modis
2016-05-24,-75.22758268081402,4.632437758508844,0.4242,0.7763,0.0,modis
2016-06-09,-75.22758268081402,4.632437758508844,0.4489,0.8009000000000001,1.0,modis
2016-06-25,-75.22758268081402,4.632437758508844,0.4894,0.773,0.0,modis
2016-07-27,-75.22758268081402,4.632437758508844,0.5004000000000001,0.7818,1.0,modis
2016-08-12,-75.22758268081402,4.632437758508844,0.5051,0.7363000000000001,0.0,modis
2016-08-28,-75.22758268081402,4.632437758508844,0.4894,0.6119,1.0,modis
2016-09-13,-75.22758268081402,4.632437758508844,0.4242,0.8039000000000001,0.0,modis
2016-11-16,-75.22758268081402,4.632437758508844,0.4041,0.7497,0.0,modis
2016-12-02,-75.22758268081402,4.632437758508844,0.4045,0.7919,0.0,modis
2016-12-18,-75.22758268081402,4.632437758508844,0.36250000000000004,0.784,1.0,modis
2017-01-01,-75.22758268081402,4.632437758508844,0.49350000000000005,0.7796000000000001,1.0,modis
2017-02-02,-75.22758268081402,4.632437758508844,0.4968,0.7736000000000001,0.0,modis
2017-02-18,-75.22758268081402,4.632437758508844,0.3866,0.5558000000000001,1.0,modis
2017-03-22,-75.22758268081402,4.632437758508844,0.4107,0.8102,0.0,modis
2017-04-23,-75.22758268081402,4.632437758508844,0.4777,0.7102,1.0,modis
2017-05-09,-75.22758268081402,4.632437758508844,0.42350000000000004,0.8404,1.0,modis
2017-05-25,-75.22758268081402,4.632437758508844,0.4403,0.7081000000000001,1.0,modis
2017-06-26,-75.22758268081402,4.632437758508844,0.502,0.6935,1.0,modis
2017-07-12,-75.22758268081402,4.632437758508844,0.5374,0.7030000000000001,1.0,modis
2017-07-28,-75.22758268081402,4.632437758508844,0.4033,0.7878000000000001,0.0,modis
2017-08-13,-75.22758268081402,4.632437758508844,0.4837,0.6249,1.0,modis
2017-08-29,-75.22758268081402,4.632437758508844,0.3764,0.8172,0.0,modis
2017-09-14,-75.22758268081402,4.632437758508844,0.3254,0.7553000000000001,1.0,modis
2017-10-16,-75.22758268081402,4.632437758508844,0.4536,0.7231000000000001,1.0,modis
2017-11-01,-75.22758268081402,4.632437758508844,0.4662,0.7369,0.0,modis
2017-12-03,-75.22758268081402,4.632437758508844,0.38170000000000004,0.8074,0.0,modis
2017-12-19,-75.22758268081402,4.632437758508844,0.42500000000000004,0.7506,1.0,modis
2018-01-17,-75.22758268081402,4.632437758508844,0.5109,0.7283000000000001,0.0,modis
2018-03-06,-75.22758268081402,4.632437758508844,0.43570000000000003,0.6798000000000001,0.0,modis
2018-04-07,-75.22758268081402,4.632437758508844,0.41050000000000003,0.7071000000000001,1.0,modis
2018-05-09,-75.22758268081402,4.632437758508844,0.461,0.6978000000000001,1.0,modis
2018-05-25,-75.22758268081402,4.632437758508844,0.2975,0.7389,1.0,modis
2018-06-26,-75.22758268081402,4.632437758508844,0.4975,0.7735000000000001,1.0,modis
2018-07-12,-75.22758268081402,4.632437758508844,0.4647,0.7618,1.0,modis
2018-07-28,-75.22758268081402,4.632437758508844,0.4428,0.7601,0.0,modis
2018-08-13,-75.22758268081402,4.632437758508844,0.44630000000000003,0.7225,0.0,modis
2018-08-29,-75.22758268081402,4.632437758508844,0.4232,0.5751000000000001,1.0,modis
2018-09-14,-75.22758268081402,4.632437758508844,0.45690000000000003,0.7245,0.0,modis
2018-10-16,-75.22758268081402,4.632437758508844,0.4254,0.6945,1.0,modis
2018-11-17,-75.22758268081402,4.632437758508844,0.49160000000000004,0.6899000000000001,1.0,modis
2018-12-03,-75.22758268081402,4.632437758508844,0.3441,0.7895000000000001,1.0,modis
2018-12-19,-75.22758268081402,4.632437758508844,0.3622,0.7899,1.0,modis
2019-01-01,-75.22758268081402,4.632437758508844,0.4768,0.7115,0.0,modis
2019-01-17,-75.22758268081402,4.632437758508844,0.3598,0.7026,1.0,modis
2019-02-02,-75.22758268081402,4.632437758508844,0.3971,0.7465,0.0,modis
2019-02-18,-75.22758268081402,4.632437758508844,0.3754,0.7523000000000001,0.0,modis
2019-04-23,-75.22758268081402,4.632437758508844,0.4968,0.7322000000000001,0.0,modis
2019-05-25,-75.22758268081402,4.632437758508844,0.4489,0.5629000000000001,1.0,modis
2019-06-26,-75.22758268081402,4.632437758508844,0.43970000000000004,0.7225,0.0,modis
2019-07-28,-75.22758268081402,4.632437758508844,0.5061,0.7392000000000001,1.0,modis
2019-08-13,-75.22758268081402,4.632437758508844,0.4848,0.7032,1.0,modis
2019-08-29,-75.22758268081402,4.632437758508844,0.4853,0.7123,0.0,modis
2019-09-30,-75.22758268081402,4.632437758508844,0.3921,0.7075,1.0,modis
2019-10-16,-75.22758268081402,4.632437758508844,0.4713,0.7131000000000001,1.0,modis
2019-11-17,-75.22758268081402,4.632437758508844,0.443,0.7752,1.0,modis
2019-12-19,-75.22758268081402,4.632437758508844,0.5261,0.7633000000000001,0.0,modis
2020-01-01,-75.22758268081402,4.632437758508844,0.3734,0.7635000000000001,0.0,modis
2020-01-17,-75.22758268081402,4.632437758508844,0.4223,0.6351,1.0,modis
2020-02-02,-75.22758268081402,4.632437758508844,0.47200000000000003,0.7278,0.0,modis
2020-02-18,-75.22758268081402,4.632437758508844,0.4002,0.729,0.0,modis
2020-03-05,-75.22758268081402,4.632437758508844,0.39330000000000004,0.7313000000000001,0.0,modis
2020-03-21,-75.22758268081402,4.632437758508844,0.40990000000000004,0.6924,0.0,modis
2020-04-06,-75.22758268081402,4.632437758508844,0.4767,0.6851,1.0,modis
2020-05-24,-75.22758268081402,4.632437758508844,0.4491,0.7412000000000001,1.0,modis
2020-06-09,-75.22758268081402,4.632437758508844,0.36260000000000003,0.76,0.0,modis
2020-07-27,-75.22758268081402,4.632437758508844,0.4293,0.7659,0.0,modis
2020-08-28,-75.22758268081402,4.632437758508844,0.5459,0.7261000000000001,1.0,modis
2020-12-02,-75.22758268081402,4.632437758508844,0.452,0.7461,0.0,modis
2020-12-18,-75.22758268081402,4.632437758508844,0.4433,0.5664,1.0,modis
2021-01-01,-75.22758268081402,4.632437758508844,0.4077,0.7238,0.0,modis
2021-01-17,-75.22758268081402,4.632437758508844,0.49520000000000003,0.7266,0.0,modis
2021-04-07,-75.22758268081402,4.632437758508844,0.4995,0.6427,1.0,modis
2021-05-09,-75.22758268081402,4.632437758508844,0.438,0.7072,1.0,modis
2021-06-10,-75.22758268081402,4.632437758508844,0.5619000000000001,0.7913,1.0,modis
2021-06-26,-75.22758268081402,4.632437758508844,0.46690000000000004,0.7473000000000001,0.0,modis
2021-08-29,-75.22758268081402,4.632437758508844,0.4423,0.5817,1.0,modis
2021-09-14,-75.22758268081402,4.632437758508844,0.5174,0.6508,0.0,modis
2021-09-30,-75.22758268081402,4.632437758508844,0.5004000000000001,0.6705,0.0,modis
2021-10-16,-75.22758268081402,4.632437758508844,0.5101,0.6979000000000001,1.0,modis
2021-11-01,-75.22758268081402,4.632437758508844,0.47890000000000005,0.7083,1.0,modis
2021-11-17,-75.22758268081402,4.632437758508844,0.42860000000000004,0.7715000000000001,0.0,modis
2021-12-19,-75.22758268081402,4.632437758508844,0.4591,0.7313000000000001,1.0,modis
2022-01-01,-75.22758268081402,4.632437758508844,0.4358,0.7167,1.0,modis
2022-01-17,-75.22758268081402,4.632437758508844,0.5253,0.6435000000000001,1.0,modis
2022-05-09,-75.22758268081402,4.632437758508844,0.40890000000000004,0.645,1.0,modis
2022-07-12,-75.22758268081402,4.632437758508844,0.37720000000000004,0.7609,1.0,modis
2022-07-28,-75.22758268081402,4.632437758508844,0.5213,0.7267,1.0,modis
2022-08-13,-75.22758268081402,4.632437758508844,0.47890000000000005,0.7078,0.0,modis
2022-08-29,-75.22758268081402,4.632437758508844,0.49100000000000005,0.6873,1.0,modis
2022-10-16,-75.22758268081402,4.632437758508844,0.3508,0.5634,1.0,modis
2022-12-19,-75.22758268081402,4.632437758508844,0.32330000000000003,0.791,1.0,modis
2023-01-01,-75.22758268081402,4.632437758508844,0.3856,0.7354,1.0,modis
2023-01-17,-75.22758268081402,4.632437758508844,0.4433,0.7015,0.0,modis
2023-02-02,-75.22758268081402,4.632437758508844,0.3648,0.7595000000000001,0.0,modis
2023-03-06,-75.22758268081402,4.632437758508844,0.5276000000000001,0.6956,1.0,modis
2023-04-23,-75.22758268081402,4.632437758508844,0.397,0.6732,1.0,modis
2023-05-25,-75.22758268081402,4.632437758508844,0.34940000000000004,0.5972000000000001,0.0,modis
2023-06-10,-75.22758268081402,4.632437758508844,0.399,0.8079000000000001,0.0,modis
2023-07-28,-75.22758268081402,4.632437758508844,0.41300000000000003,0.7368,0.0,modis
2023-08-13,-75.22758268081402,4.632437758508844,0.3604,0.7791,1.0,modis
2023-08-29,-75.22758268081402,4.632437758508844,0.46990000000000004,0.6689,1.0,modis
2023-09-14,-75.22758268081402,4.632437758508844,0.5185000000000001,0.7223,1.0,modis
2023-09-30,-75.22758268081402,4.632437758508844,0.40950000000000003,0.746,1.0,modis
2023-10-16,-75.22758268081402,4.632437758508844,0.3851,0.7306,1.0,modis
2023-11-17,-75.22758268081402,4.632437758508844,0.41100000000000003,0.7582,0.0,modis
2023-12-03,-75.22758268081402,4.632437758508844,0.3487,0.7678,1.0,modis
2023-12-19,-75.22758268081402,4.632437758508844,0.4933,0.7146,1.0,modis
2024-01-01,-75.22758268081402,4.632437758508844,0.34340000000000004,0.7947000000000001,0.0,modis
2024-01-17,-75.22758268081402,4.632437758508844,0.4398,0.7261000000000001,0.0,modis
2024-02-02,-75.22758268081402,4.632437758508844,0.30110000000000003,0.4899,1.0,modis
2024-04-06,-75.22758268081402,4.632437758508844,0.4677,0.6344000000000001,1.0,modis
2024-04-22,-75.22758268081402,4.632437758508844,0.445,0.7301000000000001,1.0,modis
2024-05-08,-75.22758268081402,4.632437758508844,0.4179,0.8092,1.0,modis
2024-06-09,-75.22758268081402,4.632437758508844,0.4822,0.7348,1.0,modis
2024-06-25,-75.22758268081402,4.632437758508844,0.31720000000000004,0.46390000000000003,1.0,modis
2024-07-11,-75.22758268081402,4.632437758508844,0.3831,0.7120000000000001,1.0,modis
2024-07-27,-75.22758268081402,4.632437758508844,0.4519,0.7292000000000001,1.0,modis
2024-08-12,-75.22758268081402,4.632437758508844,0.3909,0.7534000000000001,0.0,modis
2024-08-28,-75.22758268081402,4.632437758508844,0.4529,0.7341000000000001,0.0,modis
2024-09-13,-75.22758268081402,4.632437758508844,0.36510000000000004,0.7472000000000001,0.0,modis
2024-09-29,-75.22758268081402,4.632437758508844,0.33380000000000004,0.7647,0.0,modis
2024-10-15,-75.22758268081402,4.632437758508844,0.4934,0.7021000000000001,0.0,modis
2024-11-16,-75.22758268081402,4.632437758508844,0.4092,0.7332000000000001,1.0,modis
2024-12-02,-75.22758268081402,4.632437758508844,0.4011,0.7456,0.0,modis
2024-12-18,-75.22758268081402,4.632437758508844,0.4737,0.7483000000000001,0.0,modis
