fecha,longitude,latitude,NDVI,EVI
2015-01-01,-74.79278509217357,5.219164838844771,0.08207627094574557,0.06411401127265488
2015-01-17,-74.79278509217357,5.219164838844771,0.175054570025359,0.1309549043689335
2015-02-02,-74.79278509217357,5.219164838844771,0.2527737761970638,0.20716829164505443
2015-02-18,-74.79278509217357,5.219164838844771,0.3823734797582526,0.2881007237699138
2015-03-06,-74.79278509217357,5.219164838844771,0.4875624484651234,0.3750220231938835
2015-03-22,-74.79278509217357,5.219164838844771,0.5398462593918117,0.4122597102255088
2015-04-07,-74.79278509217357,5.219164838844771,0.6167472204007519,0.4801294213267094
2015-04-23,-74.79278509217357,5.219164838844771,0.6947503153123987,0.5173654892133938
2015-05-09,-74.79278509217357,5.219164838844771,0.7183757605362464,0.5632326471756655
2015-05-25,-74.79278509217357,5.219164838844771,0.7388385824375417,0.5455623803848942
2015-06-10,-74.79278509217357,5.219164838844771,0.7177617193745385,0.5489674732419708
2015-06-26,-74.79278509217357,5.219164838844771,0.6892197852686951,0.5251694911834411
2015-07-12,-74.79278509217357,5.219164838844771,0.6250985230778727,0.5116568443258138
2015-07-28,-74.79278509217357,5.219164838844771,0.5253218309042966,0.3837465185967917
2015-08-13,-74.79278509217357,5.219164838844771,0.4227986372940885,0.32941856642207634
2015-08-29,-74.79278509217357,5.219164838844771,0.36304767073368266,0.27000680389716447
2015-09-14,-74.79278509217357,5.219164838844771,0.2282624929431982,0.15470724539357386
2015-09-30,-74.79278509217357,5.219164838844771,0.173069764620314,0.14466740688930435
2015-10-16,-74.79278509217357,5.219164838844771,0.10271620768908173,0.0637269616210374
2015-11-01,-74.79278509217357,5.219164838844771,0.05023589197479137,0.04001063516390809
2015-11-17,-74.79278509217357,5.219164838844771,0.05,0.0549285755589638
2015-12-03,-74.79278509217357,5.219164838844771,0.05,0.05107827126143791
2015-12-19,-74.79278509217357,5.219164838844771,0.06499710433864976,0.054530216227787004
2016-01-04,-74.79278509217357,5.219164838844771,0.13305102111583297,0.0706451494397614
2016-01-20,-74.79278509217357,5.219164838844771,0.19060207545348845,0.1335441035042604
2016-02-05,-74.79278509217357,5.219164838844771,0.27480668931857455,0.20060217196439722
2016-02-21,-74.79278509217357,5.219164838844771,0.4152615754762443,0.29412955929331835
2016-03-08,-74.79278509217357,5.219164838844771,0.5023258518127688,0.3430869934272605
2016-03-24,-74.79278509217357,5.219164838844771,0.5663220697917888,0.4279966136459417
2016-04-09,-74.79278509217357,5.219164838844771,0.6604768026925802,0.5095821336152923
2016-04-25,-74.79278509217357,5.219164838844771,0.7203161244049461,0.5332625918587407
2016-05-11,-74.79278509217357,5.219164838844771,0.726664676113476,0.5621580247102501
2016-05-27,-74.79278509217357,5.219164838844771,0.7369421626317672,0.5271928955070669
2016-06-12,-74.79278509217357,5.219164838844771,0.6959869521766985,0.5036011684124917
2016-06-28,-74.79278509217357,5.219164838844771,0.6811753799956345,0.5137300497181372
2016-07-14,-74.79278509217357,5.219164838844771,0.6158910093319324,0.4533732040722186
2016-07-30,-74.79278509217357,5.219164838844771,0.5195836213187272,0.40219952386839214
2016-08-15,-74.79278509217357,5.219164838844771,0.41449765775310277,0.3200087480659753
2016-08-31,-74.79278509217357,5.219164838844771,0.30887423785959506,0.22439460146339488
2016-09-16,-74.79278509217357,5.219164838844771,0.22049310057766053,0.14145303252146463
2016-10-02,-74.79278509217357,5.219164838844771,0.15555409853214291,0.10727752709505271
2016-10-18,-74.79278509217357,5.219164838844771,0.08162793204253159,0.07083588221001687
2016-11-03,-74.79278509217357,5.219164838844771,0.05,0.05080770217945573
2016-11-19,-74.79278509217357,5.219164838844771,0.05,0.02903403375911693
2016-12-05,-74.79278509217357,5.219164838844771,0.05,0.003753311320839406
2016-12-21,-74.79278509217357,5.219164838844771,0.05,0.011046007752911959
2017-01-06,-74.79278509217357,5.219164838844771,0.10907491999907051,0.08980167453377162
2017-01-22,-74.79278509217357,5.219164838844771,0.18957473830606597,0.1346178026487617
2017-02-07,-74.79278509217357,5.219164838844771,0.3255461086066301,0.23703430203374407
2017-02-23,-74.79278509217357,5.219164838844771,0.41247596302381073,0.29068461866766054
2017-03-11,-74.79278509217357,5.219164838844771,0.4906681036081236,0.34900063660788105
2017-03-27,-74.79278509217357,5.219164838844771,0.5766185917070422,0.44927010652942956
2017-04-12,-74.79278509217357,5.219164838844771,0.6223659186570185,0.47546291186368106
2017-04-28,-74.79278509217357,5.219164838844771,0.7145292373509291,0.524013928899261
2017-05-14,-74.79278509217357,5.219164838844771,0.7090798406528691,0.5332524706439292
2017-05-30,-74.79278509217357,5.219164838844771,0.7288741266759708,0.5513091192340722
2017-06-15,-74.79278509217357,5.219164838844771,0.7144902351979107,0.5679032542248513
2017-07-01,-74.79278509217357,5.219164838844771,0.6588970316093892,0.4737028238546046
2017-07-17,-74.79278509217357,5.219164838844771,0.5957392609540432,0.45120437939496766
2017-08-02,-74.79278509217357,5.219164838844771,0.5320378493038302,0.4157306118961642
2017-08-18,-74.79278509217357,5.219164838844771,0.4155034227013802,0.34089362485042635
2017-09-03,-74.79278509217357,5.219164838844771,0.2861876490535856,0.20184570613519426
2017-09-19,-74.79278509217357,5.219164838844771,0.19853111142669447,0.1411021375069055
2017-10-05,-74.79278509217357,5.219164838844771,0.1091344334188379,0.09455384400041651
2017-10-21,-74.79278509217357,5.219164838844771,0.07039531832015887,0.02338036285006599
2017-11-06,-74.79278509217357,5.219164838844771,0.05,0.043770276949003914
2017-11-22,-74.79278509217357,5.219164838844771,0.05,0.07743461783383573
2017-12-08,-74.79278509217357,5.219164838844771,0.09666202875088724,0.08078471022868536
2017-12-24,-74.79278509217357,5.219164838844771,0.059180325572335414,0.0017443185646253759
2018-01-09,-74.79278509217357,5.219164838844771,0.14782702701124087,0.09461144835222414
2018-01-25,-74.79278509217357,5.219164838844771,0.21579588755076795,0.1496049796818798
2018-02-10,-74.79278509217357,5.219164838844771,0.31489253748582235,0.2574890077301196
2018-02-26,-74.79278509217357,5.219164838844771,0.4193735945752133,0.3113574991906362
2018-03-14,-74.79278509217357,5.219164838844771,0.49153582062524925,0.3351582065748498
2018-03-30,-74.79278509217357,5.219164838844771,0.5887931306225401,0.44051919695053865
2018-04-15,-74.79278509217357,5.219164838844771,0.7038991794542867,0.5305298750201727
2018-05-01,-74.79278509217357,5.219164838844771,0.7366892288230632,0.5425310096465144
2018-05-17,-74.79278509217357,5.219164838844771,0.7166464292874781,0.5181824867209611
2018-06-02,-74.79278509217357,5.219164838844771,0.7222114418408618,0.5842279760293496
2018-06-18,-74.79278509217357,5.219164838844771,0.6899922670229391,0.5342639843419312
2018-07-04,-74.79278509217357,5.219164838844771,0.633682639035528,0.4938934395341309
2018-07-20,-74.79278509217357,5.219164838844771,0.5845003186122576,0.43524248100603136
2018-08-05,-74.79278509217357,5.219164838844771,0.4864342068379822,0.35172990121989883
2018-08-21,-74.79278509217357,5.219164838844771,0.3987576839145642,0.28996859332910757
2018-09-06,-74.79278509217357,5.219164838844771,0.267392719657133,0.17498578825645736
2018-09-22,-74.79278509217357,5.219164838844771,0.20428925085553817,0.18479876326986233
2018-10-08,-74.79278509217357,5.219164838844771,0.12669886916231912,0.0926513853495417
2018-10-24,-74.79278509217357,5.219164838844771,0.07143590637423612,0.07969696461481358
2018-11-09,-74.79278509217357,5.219164838844771,0.05,0.029281455383325262
2018-11-25,-74.79278509217357,5.219164838844771,0.05,0.046075128769232275
2018-12-11,-74.79278509217357,5.219164838844771,0.07479775397544933,0.05976300422602512
2018-12-27,-74.79278509217357,5.219164838844771,0.06476532054950282,0.021210806427213815
2019-01-12,-74.79278509217357,5.219164838844771,0.1895855303880296,0.17666246220668816
2019-01-28,-74.79278509217357,5.219164838844771,0.2373549383962673,0.17035245737448074
2019-02-13,-74.79278509217357,5.219164838844771,0.36525804400626793,0.2518026193638312
2019-03-01,-74.79278509217357,5.219164838844771,0.41675634290445274,0.32543379307212045
2019-03-17,-74.79278509217357,5.219164838844771,0.5214841079653304,0.39101064363959637
2019-04-02,-74.79278509217357,5.219164838844771,0.6097957116711422,0.46409827472933535
2019-04-18,-74.79278509217357,5.219164838844771,0.7075570152365414,0.532479459565441
2019-05-04,-74.79278509217357,5.219164838844771,0.7362823680905698,0.5112083340473069
2019-05-20,-74.79278509217357,5.219164838844771,0.7407623284427679,0.5387071409262185
2019-06-05,-74.79278509217357,5.219164838844771,0.7086484463457063,0.5139232874207047
2019-06-21,-74.79278509217357,5.219164838844771,0.6912418824291927,0.5367494626690148
2019-07-07,-74.79278509217357,5.219164838844771,0.6125537028157655,0.4600279069637125
2019-07-23,-74.79278509217357,5.219164838844771,0.551248615057099,0.40688299940558503
2019-08-08,-74.79278509217357,5.219164838844771,0.4894219049408537,0.37782873744571877
2019-08-24,-74.79278509217357,5.219164838844771,0.39803611134236294,0.2954369699217742
2019-09-09,-74.79278509217357,5.219164838844771,0.260170699541412,0.190650848318449
2019-09-25,-74.79278509217357,5.219164838844771,0.18994790161788455,0.14599239338248762
2019-10-11,-74.79278509217357,5.219164838844771,0.08933397975073132,0.06881028044560597
2019-10-27,-74.79278509217357,5.219164838844771,0.062009447073973885,0.09685656605615883
2019-11-12,-74.79278509217357,5.219164838844771,0.0659429984610957,0.03239238183464538
2019-11-28,-74.79278509217357,5.219164838844771,0.05,0.008231159963259942
2019-12-14,-74.79278509217357,5.219164838844771,0.05,0.04381210007180682
2019-12-30,-74.79278509217357,5.219164838844771,0.12443851857743188,0.07874721217820174
2020-01-15,-74.79278509217357,5.219164838844771,0.15818186944051293,0.07569062148561159
2020-01-31,-74.79278509217357,5.219164838844771,0.25491296299190297,0.16993643400673597
2020-02-16,-74.79278509217357,5.219164838844771,0.3438863129532656,0.2403775191515974
2020-03-03,-74.79278509217357,5.219164838844771,0.4510460708926003,0.3031299853423176
2020-03-19,-74.79278509217357,5.219164838844771,0.5167722263658572,0.43016411201495885
2020-04-04,-74.79278509217357,5.219164838844771,0.601247861049466,0.42900018421800673
2020-04-20,-74.79278509217357,5.219164838844771,0.7262220132969719,0.602767853357537
2020-05-06,-74.79278509217357,5.219164838844771,0.7054336710913371,0.5217102741827422
2020-05-22,-74.79278509217357,5.219164838844771,0.7490025743941606,0.5963258836837323
2020-06-07,-74.79278509217357,5.219164838844771,0.7086629148001102,0.5265916291812405
2020-06-23,-74.79278509217357,5.219164838844771,0.7041356482387243,0.5367970576683756
2020-07-09,-74.79278509217357,5.219164838844771,0.6182159016669384,0.46098546695988296
2020-07-25,-74.79278509217357,5.219164838844771,0.5170902587611328,0.3830542191913563
2020-08-10,-74.79278509217357,5.219164838844771,0.44592590309357044,0.3390878251127029
2020-08-26,-74.79278509217357,5.219164838844771,0.34166464109254624,0.26567925127031244
2020-09-11,-74.79278509217357,5.219164838844771,0.2768188791141249,0.210722745888963
2020-09-27,-74.79278509217357,5.219164838844771,0.17692114565815276,0.1337539661951719
2020-10-13,-74.79278509217357,5.219164838844771,0.0992712262002075,0.060022258979298665
2020-10-29,-74.79278509217357,5.219164838844771,0.05636821102816835,0.04033042630285647
2020-11-14,-74.79278509217357,5.219164838844771,0.06776688567539371,0.08229226230605013
2020-11-30,-74.79278509217357,5.219164838844771,0.05,0.022238855806104657
2020-12-16,-74.79278509217357,5.219164838844771,0.05,0.06132285906177731
2021-01-01,-74.79278509217357,5.219164838844771,0.1133748455859347,0.09463400225728325
2021-01-17,-74.79278509217357,5.219164838844771,0.1464877021327468,0.12841454623072374
2021-02-02,-74.79278509217357,5.219164838844771,0.27892306151282265,0.18698368244632743
2021-02-18,-74.79278509217357,5.219164838844771,0.35738714490067464,0.27331470276263636
2021-03-06,-74.79278509217357,5.219164838844771,0.46606696029288763,0.34370679650359465
2021-03-22,-74.79278509217357,5.219164838844771,0.5549623432881573,0.4111822099019803
2021-04-07,-74.79278509217357,5.219164838844771,0.6389761226593812,0.508661931454399
2021-04-23,-74.79278509217357,5.219164838844771,0.6444156647134979,0.4785747432449297
2021-05-09,-74.79278509217357,5.219164838844771,0.7355245998517742,0.5575633296825726
2021-05-25,-74.79278509217357,5.219164838844771,0.734490880452492,0.5157337246897974
2021-06-10,-74.79278509217357,5.219164838844771,0.7313643000585853,0.5830702293272227
2021-06-26,-74.79278509217357,5.219164838844771,0.6512336758830908,0.5057018171862818
2021-07-12,-74.79278509217357,5.219164838844771,0.6099115985552572,0.45620721199986597
2021-07-28,-74.79278509217357,5.219164838844771,0.51239216101791,0.37760499731631497
2021-08-13,-74.79278509217357,5.219164838844771,0.46507498375302525,0.36045934265452306
2021-08-29,-74.79278509217357,5.219164838844771,0.3751144569874637,0.30488408052015165
2021-09-14,-74.79278509217357,5.219164838844771,0.2538473560610403,0.22526420756913607
2021-09-30,-74.79278509217357,5.219164838844771,0.16883777203858596,0.14318809256488066
2021-10-16,-74.79278509217357,5.219164838844771,0.08592170325228365,0.06577219375639684
2021-11-01,-74.79278509217357,5.219164838844771,0.05,0.057291678691897066
2021-11-17,-74.79278509217357,5.219164838844771,0.05,0.05314700684835323
2021-12-03,-74.79278509217357,5.219164838844771,0.05,0.0609249418693464
2021-12-19,-74.79278509217357,5.219164838844771,0.07866290272349713,0.09541010019555887
2022-01-04,-74.79278509217357,5.219164838844771,0.13504075042183505,0.06983975770331147
2022-01-20,-74.79278509217357,5.219164838844771,0.19565643632267044,0.1233021833901065
2022-02-05,-74.79278509217357,5.219164838844771,0.27721864943611585,0.23813855574262133
2022-02-21,-74.79278509217357,5.219164838844771,0.39811342546951034,0.2846064605305579
2022-03-09,-74.79278509217357,5.219164838844771,0.46268593739213115,0.3476700949016236
2022-03-25,-74.79278509217357,5.219164838844771,0.5486885674038817,0.39809362000497966
2022-04-10,-74.79278509217357,5.219164838844771,0.6549925454964196,0.5143506498444487
2022-04-26,-74.79278509217357,5.219164838844771,0.7166244091454363,0.49164251668711534
2022-05-12,-74.79278509217357,5.219164838844771,0.7419990465473725,0.5579399563751809
2022-05-28,-74.79278509217357,5.219164838844771,0.7490460548368533,0.5941087347606642
2022-06-13,-74.79278509217357,5.219164838844771,0.6773879309206733,0.4962188796866828
2022-06-29,-74.79278509217357,5.219164838844771,0.6830502915704263,0.4806558306887409
2022-07-15,-74.79278509217357,5.219164838844771,0.6316002832116473,0.48106734466274864
2022-07-31,-74.79278509217357,5.219164838844771,0.5333445072140609,0.38858950718010976
2022-08-16,-74.79278509217357,5.219164838844771,0.4369598623468317,0.3490893278799046
2022-09-01,-74.79278509217357,5.219164838844771,0.32677031708367144,0.24976575566672748
2022-09-17,-74.79278509217357,5.219164838844771,0.23353472324326163,0.1578841371376586
2022-10-03,-74.79278509217357,5.219164838844771,0.14286407531162423,0.104097605834671
2022-10-19,-74.79278509217357,5.219164838844771,0.08904592695504775,0.0867809301544917
2022-11-04,-74.79278509217357,5.219164838844771,0.05,0.03499981939360845
2022-11-20,-74.79278509217357,5.219164838844771,0.05347946411988749,0.025237833513664334
2022-12-06,-74.79278509217357,5.219164838844771,0.05,0.04154612383662388
2022-12-22,-74.79278509217357,5.219164838844771,0.08945175170712279,0.06731733489155528
2023-01-07,-74.79278509217357,5.219164838844771,0.16000988353517018,0.13714329230270816
2023-01-23,-74.79278509217357,5.219164838844771,0.22994383423614306,0.18354020570358917
2023-02-08,-74.79278509217357,5.219164838844771,0.3521412121520024,0.2600026753366809
2023-02-24,-74.79278509217357,5.219164838844771,0.36383101052385397,0.3049583451232333
2023-03-12,-74.79278509217357,5.219164838844771,0.49148232451957874,0.37076935227654473
2023-03-28,-74.79278509217357,5.219164838844771,0.614691682174614,0.428973570809782
2023-04-13,-74.79278509217357,5.219164838844771,0.6358382008759024,0.44485309191454975
2023-04-29,-74.79278509217357,5.219164838844771,0.696409597317721,0.5310999301086305
2023-05-15,-74.79278509217357,5.219164838844771,0.7493717359428427,0.5675542855437031
2023-05-31,-74.79278509217357,5.219164838844771,0.7103979657669324,0.48659640559254635
2023-06-16,-74.79278509217357,5.219164838844771,0.7126929996911285,0.5250842290955796
2023-07-02,-74.79278509217357,5.219164838844771,0.6689725076960792,0.5157684532964848
2023-07-18,-74.79278509217357,5.219164838844771,0.5898610777466717,0.45759847001752085
2023-08-03,-74.79278509217357,5.219164838844771,0.5036039224970201,0.3883042359847944
2023-08-19,-74.79278509217357,5.219164838844771,0.38810103788869554,0.28748355013989246
2023-09-04,-74.79278509217357,5.219164838844771,0.3078550570471739,0.24730186229372883
2023-09-20,-74.79278509217357,5.219164838844771,0.20372811589063744,0.16321943203262032
2023-10-06,-74.79278509217357,5.219164838844771,0.12688693529346717,0.09281435812353778
2023-10-22,-74.79278509217357,5.219164838844771,0.08829749166527844,0.026361911327875708
2023-11-07,-74.79278509217357,5.219164838844771,0.05,0.00785629205114359
2023-11-23,-74.79278509217357,5.219164838844771,0.05,0.02393471119689647
2023-12-09,-74.79278509217357,5.219164838844771,0.055171357013270944,0.035680836432301716
2023-12-25,-74.79278509217357,5.219164838844771,0.08626600966380513,0.08648385718206969
2024-01-10,-74.79278509217357,5.219164838844771,0.1736551518952313,0.1288586052269007
2024-01-26,-74.79278509217357,5.219164838844771,0.25674397868315324,0.19440051718104712
2024-02-11,-74.79278509217357,5.219164838844771,0.30705039683416036,0.21839979058164555
2024-02-27,-74.79278509217357,5.219164838844771,0.3927736011345436,0.2768175237762347
2024-03-14,-74.79278509217357,5.219164838844771,0.5108382450312605,0.39920038416101744
2024-03-30,-74.79278509217357,5.219164838844771,0.6378489217681576,0.45074306101857736
2024-04-15,-74.79278509217357,5.219164838844771,0.6801054759159778,0.48926822815383264
2024-05-01,-74.79278509217357,5.219164838844771,0.7287512928511314,0.543941736624594
2024-05-17,-74.79278509217357,5.219164838844771,0.704297100445144,0.5467887651652277
2024-06-02,-74.79278509217357,5.219164838844771,0.7234899000444863,0.5319394202658937
2024-06-18,-74.79278509217357,5.219164838844771,0.682287826012063,0.4986302039752961
2024-07-04,-74.79278509217357,5.219164838844771,0.6561571171389298,0.4883329510354692
2024-07-20,-74.79278509217357,5.219164838844771,0.5781401392856652,0.4408435415428258
2024-08-05,-74.79278509217357,5.219164838844771,0.5077303433769681,0.37394203451543845
2024-08-21,-74.79278509217357,5.219164838844771,0.35411598067925215,0.28693143384087877
2024-09-06,-74.79278509217357,5.219164838844771,0.2793073065499461,0.23177232880400714
2024-09-22,-74.79278509217357,5.219164838844771,0.20320246888462246,0.14977910105939995
2024-10-08,-74.79278509217357,5.219164838844771,0.12623690515188105,0.1336979300664368
2024-10-24,-74.79278509217357,5.219164838844771,0.10440570265079338,0.0796918996907506
2024-11-09,-74.79278509217357,5.219164838844771,0.05,0.05902480314932772
2024-11-25,-74.79278509217357,5.219164838844771,0.05,0.04416140745236511
2024-12-11,-74.79278509217357,5.219164838844771,0.05,0.04377816422915108
2024-12-27,-74.79278509217357,5.219164838844771,0.07619064036867595,0.025351630410327584
2015-01-01,-74.87807136207793,5.070644998727207,0.6045705699754582,0.43418610515476114
2015-01-17,-74.87807136207793,5.070644998727207,0.6596126036913113,0.48656788804147694
2015-02-02,-74.87807136207793,5.070644998727207,0.706873287263864,0.5338614784362056
2015-02-18,-74.87807136207793,5.070644998727207,0.7700249800261767,0.5707335653419522
2015-03-06,-74.87807136207793,5.070644998727207,0.8057801578021786,0.5814963538287858
2015-03-22,-74.87807136207793,5.070644998727207,0.7912471789863635,0.6453888587716893
2015-04-07,-74.87807136207793,5.070644998727207,0.7814561422473865,0.6147563968176633
2015-04-23,-74.87807136207793,5.070644998727207,0.7450208123406818,0.5703811511621073
2015-05-09,-74.87807136207793,5.070644998727207,0.6911205363390098,0.5149322506309733
2015-05-25,-74.87807136207793,5.070644998727207,0.6124417884281217,0.4679373685002423
2015-06-10,-74.87807136207793,5.070644998727207,0.5383267546014662,0.4170567706773682
2015-06-26,-74.87807136207793,5.070644998727207,0.5014184219182567,0.38339444458343713
2015-07-12,-74.87807136207793,5.070644998727207,0.4010742578675896,0.3098850049868661
2015-07-28,-74.87807136207793,5.070644998727207,0.33594003974187675,0.27066597231571055
2015-08-13,-74.87807136207793,5.070644998727207,0.2539034948929304,0.1837154738073249
2015-08-29,-74.87807136207793,5.070644998727207,0.2161256774195065,0.1321930414600858
2015-09-14,-74.87807136207793,5.070644998727207,0.2682290830343713,0.2190755119152122
2015-09-30,-74.87807136207793,5.070644998727207,0.23230175506419534,0.14417624717732855
2015-10-16,-74.87807136207793,5.070644998727207,0.21343724873562853,0.1492080263930687
2015-11-01,-74.87807136207793,5.070644998727207,0.36550685914190295,0.2828278297857002
2015-11-17,-74.87807136207793,5.070644998727207,0.36526736647027874,0.2832521290427152
2015-12-03,-74.87807136207793,5.070644998727207,0.41511473289707707,0.3053895824188551
2015-12-19,-74.87807136207793,5.070644998727207,0.5234460586126394,0.39086253092305856
2016-01-04,-74.87807136207793,5.070644998727207,0.6119798813218968,0.46587781551614366
2016-01-20,-74.87807136207793,5.070644998727207,0.6781905991996287,0.49487550375510636
2016-02-05,-74.87807136207793,5.070644998727207,0.7402180355662857,0.5877422656271942
2016-02-21,-74.87807136207793,5.070644998727207,0.744743958250658,0.5408040555737023
2016-03-08,-74.87807136207793,5.070644998727207,0.8140380440411392,0.6067016532969532
2016-03-24,-74.87807136207793,5.070644998727207,0.818117376186173,0.6047373179017861
2016-04-09,-74.87807136207793,5.070644998727207,0.8011987008515233,0.6035287419747516
2016-04-25,-74.87807136207793,5.070644998727207,0.7400100451585958,0.5863018943023449
2016-05-11,-74.87807136207793,5.070644998727207,0.6738567255573932,0.4865701022495457
2016-05-27,-74.87807136207793,5.070644998727207,0.6059185298734785,0.46348557641797167
2016-06-12,-74.87807136207793,5.070644998727207,0.5099137771436164,0.39518475091073474
2016-06-28,-74.87807136207793,5.070644998727207,0.4548868336080798,0.3641213784207311
2016-07-14,-74.87807136207793,5.070644998727207,0.346000869225636,0.24376933641714363
2016-07-30,-74.87807136207793,5.070644998727207,0.297581662883741,0.2066616578355267
2016-08-15,-74.87807136207793,5.070644998727207,0.28760745241857016,0.21212105680493254
2016-08-31,-74.87807136207793,5.070644998727207,0.24651569566719383,0.18170307432279414
2016-09-16,-74.87807136207793,5.070644998727207,0.24450830948720767,0.1632105112765436
2016-10-02,-74.87807136207793,5.070644998727207,0.264202977564396,0.21140555258100668
2016-10-18,-74.87807136207793,5.070644998727207,0.2874347425816774,0.2267067257912833
2016-11-03,-74.87807136207793,5.070644998727207,0.3331364734264124,0.2905538211244306
2016-11-19,-74.87807136207793,5.070644998727207,0.38716780258842665,0.2842341875746284
2016-12-05,-74.87807136207793,5.070644998727207,0.44511697163153047,0.31319247531209116
2016-12-21,-74.87807136207793,5.070644998727207,0.5107791344613378,0.36530840458138497
2017-01-06,-74.87807136207793,5.070644998727207,0.6037755962842685,0.45951759978315565
2017-01-22,-74.87807136207793,5.070644998727207,0.6737387744755546,0.48999337530807174
2017-02-07,-74.87807136207793,5.070644998727207,0.7464287800324237,0.5746098384703368
2017-02-23,-74.87807136207793,5.070644998727207,0.7649242451852749,0.560634860995662
2017-03-11,-74.87807136207793,5.070644998727207,0.7997687940303657,0.6035860672724964
2017-03-27,-74.87807136207793,5.070644998727207,0.7599524918715802,0.568604763783997
2017-04-12,-74.87807136207793,5.070644998727207,0.7736936779687099,0.5622763627467774
2017-04-28,-74.87807136207793,5.070644998727207,0.7327533464655231,0.5204685601439866
2017-05-14,-74.87807136207793,5.070644998727207,0.7001266274768827,0.5500539703088506
2017-05-30,-74.87807136207793,5.070644998727207,0.6009296264888949,0.45796630662345267
2017-06-15,-74.87807136207793,5.070644998727207,0.4835717074261156,0.33955182736428
2017-07-01,-74.87807136207793,5.070644998727207,0.4504919214155161,0.31642628063309985
2017-07-17,-74.87807136207793,5.070644998727207,0.39974395270679963,0.3397538951450596
2017-08-02,-74.87807136207793,5.070644998727207,0.30084886001708644,0.20888737693111098
2017-08-18,-74.87807136207793,5.070644998727207,0.2824557975266736,0.24406417111499762
2017-09-03,-74.87807136207793,5.070644998727207,0.22462094547400369,0.1734464315516416
2017-09-19,-74.87807136207793,5.070644998727207,0.2769337667032708,0.17466514206386777
2017-10-05,-74.87807136207793,5.070644998727207,0.22708883690215756,0.1618444955474014
2017-10-21,-74.87807136207793,5.070644998727207,0.2743441157339667,0.22201011255554792
2017-11-06,-74.87807136207793,5.070644998727207,0.33906231173891904,0.2187974926113467
2017-11-22,-74.87807136207793,5.070644998727207,0.4077087455386892,0.2942307814069039
2017-12-08,-74.87807136207793,5.070644998727207,0.4949971105373337,0.3586960821742619
2017-12-24,-74.87807136207793,5.070644998727207,0.5323840917360274,0.4101107010181112
2018-01-09,-74.87807136207793,5.070644998727207,0.633784272754158,0.4843001918443426
2018-01-25,-74.87807136207793,5.070644998727207,0.6504905250523091,0.4986285825877968
2018-02-10,-74.87807136207793,5.070644998727207,0.7165095882840605,0.5420877134448107
2018-02-26,-74.87807136207793,5.070644998727207,0.7450361570851858,0.5677035607647507
2018-03-14,-74.87807136207793,5.070644998727207,0.7742782837636983,0.5550560198175633
2018-03-30,-74.87807136207793,5.070644998727207,0.8008964910539078,0.605505258723966
2018-04-15,-74.87807136207793,5.070644998727207,0.7501464994621276,0.591633451577017
2018-05-01,-74.87807136207793,5.070644998727207,0.7108388472585219,0.53377128892331
2018-05-17,-74.87807136207793,5.070644998727207,0.6669003314579651,0.4877819299109016
2018-06-02,-74.87807136207793,5.070644998727207,0.6018411958818108,0.4407118499680636
2018-06-18,-74.87807136207793,5.070644998727207,0.5093175080782548,0.40924098385475793
2018-07-04,-74.87807136207793,5.070644998727207,0.4217494576952606,0.2680564866528557
2018-07-20,-74.87807136207793,5.070644998727207,0.4053227389842747,0.3549786132903461
2018-08-05,-74.87807136207793,5.070644998727207,0.3063091605869225,0.19099510962778815
2018-08-21,-74.87807136207793,5.070644998727207,0.26470725892595187,0.19280598519765052
2018-09-06,-74.87807136207793,5.070644998727207,0.24209162983183324,0.159300961535438
2018-09-22,-74.87807136207793,5.070644998727207,0.2528118421103638,0.20009902908849456
2018-10-08,-74.87807136207793,5.070644998727207,0.22737235845435175,0.18451320347466155
2018-10-24,-74.87807136207793,5.070644998727207,0.33385424745306314,0.2538298922385386
2018-11-09,-74.87807136207793,5.070644998727207,0.33841527033348373,0.2509713884619624
2018-11-25,-74.87807136207793,5.070644998727207,0.42270219766312894,0.2824132161372024
2018-12-11,-74.87807136207793,5.070644998727207,0.48687667168942106,0.3573482247778096
2018-12-27,-74.87807136207793,5.070644998727207,0.5961763271765771,0.4436487907063336
2019-01-12,-74.87807136207793,5.070644998727207,0.6649465203979199,0.4766350763427998
2019-01-28,-74.87807136207793,5.070644998727207,0.7069855604207841,0.5366271755914127
2019-02-13,-74.87807136207793,5.070644998727207,0.7279955329651258,0.5495445720165831
2019-03-01,-74.87807136207793,5.070644998727207,0.8024680956383925,0.5953752376430623
2019-03-17,-74.87807136207793,5.070644998727207,0.7574492136992259,0.5677356537448706
2019-04-02,-74.87807136207793,5.070644998727207,0.765554962284704,0.5673194029402503
2019-04-18,-74.87807136207793,5.070644998727207,0.7541101486852712,0.531469567193643
2019-05-04,-74.87807136207793,5.070644998727207,0.6774909923837822,0.5177595809983472
2019-05-20,-74.87807136207793,5.070644998727207,0.638798687501403,0.4278041287896409
2019-06-05,-74.87807136207793,5.070644998727207,0.5943499450453149,0.451209853889471
2019-06-21,-74.87807136207793,5.070644998727207,0.48904862940027766,0.3404498678290434
2019-07-07,-74.87807136207793,5.070644998727207,0.44566668765877265,0.34123702819528806
2019-07-23,-74.87807136207793,5.070644998727207,0.4087848911887407,0.3149924403660543
2019-08-08,-74.87807136207793,5.070644998727207,0.3127393582786157,0.23121596010679046
2019-08-24,-74.87807136207793,5.070644998727207,0.2810759027539866,0.22330863109045299
2019-09-09,-74.87807136207793,5.070644998727207,0.26846635115077033,0.19092330499033205
2019-09-25,-74.87807136207793,5.070644998727207,0.23395781934455492,0.16588630109017657
2019-10-11,-74.87807136207793,5.070644998727207,0.2783165069170058,0.238704868993689
2019-10-27,-74.87807136207793,5.070644998727207,0.2922633907018262,0.21070206847050785
2019-11-12,-74.87807136207793,5.070644998727207,0.3628313489455986,0.26720828170894095
2019-11-28,-74.87807136207793,5.070644998727207,0.44271609364188447,0.2870015244190324
2019-12-14,-74.87807136207793,5.070644998727207,0.4812217253165088,0.3452679673081527
2019-12-30,-74.87807136207793,5.070644998727207,0.5268007534300408,0.3758277961851546
2020-01-15,-74.87807136207793,5.070644998727207,0.6260403259802337,0.46550815139479873
2020-01-31,-74.87807136207793,5.070644998727207,0.7280595370797488,0.5411434397859975
2020-02-16,-74.87807136207793,5.070644998727207,0.7323291873329717,0.5481077996754582
2020-03-03,-74.87807136207793,5.070644998727207,0.8032087528352013,0.5828873883041029
2020-03-19,-74.87807136207793,5.070644998727207,0.7732210108169103,0.5910867372981672
2020-04-04,-74.87807136207793,5.070644998727207,0.7754423658491476,0.5945314682010503
2020-04-20,-74.87807136207793,5.070644998727207,0.748145454008526,0.5751423634681858
2020-05-06,-74.87807136207793,5.070644998727207,0.6787379644526453,0.5088117803237187
2020-05-22,-74.87807136207793,5.070644998727207,0.6324148156153785,0.44999329322945125
2020-06-07,-74.87807136207793,5.070644998727207,0.533450900744926,0.41380315626418773
2020-06-23,-74.87807136207793,5.070644998727207,0.4821165799795967,0.34114182935175097
2020-07-09,-74.87807136207793,5.070644998727207,0.41364826503215707,0.33279657592110384
2020-07-25,-74.87807136207793,5.070644998727207,0.3039597249936548,0.1980370199471746
2020-08-10,-74.87807136207793,5.070644998727207,0.27766081608636967,0.23746918939918385
2020-08-26,-74.87807136207793,5.070644998727207,0.26488537965897324,0.21401037955345448
2020-09-11,-74.87807136207793,5.070644998727207,0.21889700093668493,0.14178203319710317
2020-09-27,-74.87807136207793,5.070644998727207,0.2537962588163274,0.19151268073095448
2020-10-13,-74.87807136207793,5.070644998727207,0.2793910305747445,0.20578985311248935
2020-10-29,-74.87807136207793,5.070644998727207,0.3162146802835277,0.24032339191074797
2020-11-14,-74.87807136207793,5.070644998727207,0.3839181931296609,0.3040788104861351
2020-11-30,-74.87807136207793,5.070644998727207,0.4048015684434879,0.25865580522579884
2020-12-16,-74.87807136207793,5.070644998727207,0.5320062056828291,0.4227591561273606
2021-01-01,-74.87807136207793,5.070644998727207,0.5620382421870455,0.38433197350937154
2021-01-17,-74.87807136207793,5.070644998727207,0.6546391310624361,0.5095961128238377
2021-02-02,-74.87807136207793,5.070644998727207,0.7485124544733522,0.5717102922970432
2021-02-18,-74.87807136207793,5.070644998727207,0.750207223754955,0.5447928053845189
2021-03-06,-74.87807136207793,5.070644998727207,0.7847321529809045,0.5825638206579733
2021-03-22,-74.87807136207793,5.070644998727207,0.7708190396245418,0.6190893927356721
2021-04-07,-74.87807136207793,5.070644998727207,0.8126979154363235,0.6322444102483512
2021-04-23,-74.87807136207793,5.070644998727207,0.7247734008210351,0.560680437101722
2021-05-09,-74.87807136207793,5.070644998727207,0.7050487284168216,0.5376374587966973
2021-05-25,-74.87807136207793,5.070644998727207,0.6530247417035056,0.5024759791348548
2021-06-10,-74.87807136207793,5.070644998727207,0.5701577831112683,0.4403564630008954
2021-06-26,-74.87807136207793,5.070644998727207,0.48652850998938063,0.32922415989775183
2021-07-12,-74.87807136207793,5.070644998727207,0.40847165408691455,0.29522990138820343
2021-07-28,-74.87807136207793,5.070644998727207,0.3165166817000046,0.2710238436610199
2021-08-13,-74.87807136207793,5.070644998727207,0.3251115233949469,0.27101805455212247
2021-08-29,-74.87807136207793,5.070644998727207,0.2610461856591039,0.22279714166338108
2021-09-14,-74.87807136207793,5.070644998727207,0.24119290205012966,0.18495062207555282
2021-09-30,-74.87807136207793,5.070644998727207,0.22482193232065148,0.17655627533046542
2021-10-16,-74.87807136207793,5.070644998727207,0.2739355440609499,0.17939861570902313
2021-11-01,-74.87807136207793,5.070644998727207,0.316074616660623,0.23546137121833105
2021-11-17,-74.87807136207793,5.070644998727207,0.41241003552416133,0.3271917932133892
2021-12-03,-74.87807136207793,5.070644998727207,0.4465628087387952,0.3398978527501181
2021-12-19,-74.87807136207793,5.070644998727207,0.5223407567144085,0.38769728783989543
2022-01-04,-74.87807136207793,5.070644998727207,0.5745152149403295,0.4278653736531086
2022-01-20,-74.87807136207793,5.070644998727207,0.6499021137044185,0.46242027449985096
2022-02-05,-74.87807136207793,5.070644998727207,0.7324861636890255,0.5571899159654338
2022-02-21,-74.87807136207793,5.070644998727207,0.7284127984163247,0.5438559060623409
2022-03-09,-74.87807136207793,5.070644998727207,0.807236385032733,0.6266117635524762
2022-03-25,-74.87807136207793,5.070644998727207,0.8105576852025466,0.6086965280399391
2022-04-10,-74.87807136207793,5.070644998727207,0.755196882766726,0.5447236855278833
2022-04-26,-74.87807136207793,5.070644998727207,0.7417375667871491,0.563888775777665
2022-05-12,-74.87807136207793,5.070644998727207,0.706838757338378,0.5521286610106251
2022-05-28,-74.87807136207793,5.070644998727207,0.6122452409034221,0.4342998131003492
2022-06-13,-74.87807136207793,5.070644998727207,0.5348468266470088,0.40547974388146707
2022-06-29,-74.87807136207793,5.070644998727207,0.4616205950526466,0.3346575641279318
2022-07-15,-74.87807136207793,5.070644998727207,0.3989437716230434,0.2891286738890704
2022-07-31,-74.87807136207793,5.070644998727207,0.3187497042339156,0.24529133486150548
2022-08-16,-74.87807136207793,5.070644998727207,0.27461428279380723,0.21084279987492247
2022-09-01,-74.87807136207793,5.070644998727207,0.2570473275031966,0.16999691560556596
2022-09-17,-74.87807136207793,5.070644998727207,0.23081572219750054,0.20186733044645466
2022-10-03,-74.87807136207793,5.070644998727207,0.2268243944917292,0.12778520688938627
2022-10-19,-74.87807136207793,5.070644998727207,0.24249708076370513,0.18245500950431223
2022-11-04,-74.87807136207793,5.070644998727207,0.3278264589708932,0.24351762711966746
2022-11-20,-74.87807136207793,5.070644998727207,0.4131934825880469,0.25643842327897637
2022-12-06,-74.87807136207793,5.070644998727207,0.4681062007272945,0.3823084145815423
2022-12-22,-74.87807136207793,5.070644998727207,0.5131129549155251,0.3772385859508459
2023-01-07,-74.87807136207793,5.070644998727207,0.5946050879985435,0.428066895077357
2023-01-23,-74.87807136207793,5.070644998727207,0.6700675204360533,0.5311003460007301
2023-02-08,-74.87807136207793,5.070644998727207,0.7681605119101242,0.5694015994317903
2023-02-24,-74.87807136207793,5.070644998727207,0.8080917501214467,0.6067803421307775
2023-03-12,-74.87807136207793,5.070644998727207,0.8244918201007567,0.6165028920824978
2023-03-28,-74.87807136207793,5.070644998727207,0.7908518187936867,0.6004483535481218
2023-04-13,-74.87807136207793,5.070644998727207,0.8300951112215602,0.639597044913066
2023-04-29,-74.87807136207793,5.070644998727207,0.7117715727590807,0.5532086369748276
2023-05-15,-74.87807136207793,5.070644998727207,0.6622510801326003,0.48689330644142603
2023-05-31,-74.87807136207793,5.070644998727207,0.619656399504138,0.46536401138352657
2023-06-16,-74.87807136207793,5.070644998727207,0.5326045245856599,0.39973309787655076
2023-07-02,-74.87807136207793,5.070644998727207,0.45847757671327694,0.3523575004836807
2023-07-18,-74.87807136207793,5.070644998727207,0.3425590372245827,0.2702507312906277
2023-08-03,-74.87807136207793,5.070644998727207,0.3013604684107949,0.19717436859690796
2023-08-19,-74.87807136207793,5.070644998727207,0.2742304703321707,0.20735247281541708
2023-09-04,-74.87807136207793,5.070644998727207,0.2340593428745067,0.1921651443092395
2023-09-20,-74.87807136207793,5.070644998727207,0.2138203475183444,0.1522263856633071
2023-10-06,-74.87807136207793,5.070644998727207,0.24245206203867736,0.18090730112222123
2023-10-22,-74.87807136207793,5.070644998727207,0.29294725704573293,0.1995525837918288
2023-11-07,-74.87807136207793,5.070644998727207,0.35230656718823317,0.26548997275786884
2023-11-23,-74.87807136207793,5.070644998727207,0.36386036141390254,0.23372344225248626
2023-12-09,-74.87807136207793,5.070644998727207,0.473943434411086,0.3510382294525874
2023-12-25,-74.87807136207793,5.070644998727207,0.5477596425474726,0.41026008278000003
2024-01-10,-74.87807136207793,5.070644998727207,0.6274234079922378,0.4895205481911444
2024-01-26,-74.87807136207793,5.070644998727207,0.6657110020915826,0.4758438197106711
2024-02-11,-74.87807136207793,5.070644998727207,0.7181228398095363,0.5443704632005264
2024-02-27,-74.87807136207793,5.070644998727207,0.8000557156718131,0.5914149979890697
2024-03-14,-74.87807136207793,5.070644998727207,0.7407504692680689,0.5214829946988441
2024-03-30,-74.87807136207793,5.070644998727207,0.7690336319547728,0.5656206462161754
2024-04-15,-74.87807136207793,5.070644998727207,0.752102397442228,0.5648484205412894
2024-05-01,-74.87807136207793,5.070644998727207,0.7101934731010684,0.5536318970366695
2024-05-17,-74.87807136207793,5.070644998727207,0.6439535830226752,0.4657188280774956
2024-06-02,-74.87807136207793,5.070644998727207,0.5974283657829039,0.4173584329386556
2024-06-18,-74.87807136207793,5.070644998727207,0.5206013272409022,0.39250205910520203
2024-07-04,-74.87807136207793,5.070644998727207,0.43505190078420974,0.35805444773114253
2024-07-20,-74.87807136207793,5.070644998727207,0.35662554872967717,0.3086751249577394
2024-08-05,-74.87807136207793,5.070644998727207,0.30670185526419413,0.20448606254874105
2024-08-21,-74.87807136207793,5.070644998727207,0.2701830363026766,0.1811123732206321
2024-09-06,-74.87807136207793,5.070644998727207,0.2299552000474208,0.18040706603587542
2024-09-22,-74.87807136207793,5.070644998727207,0.2527328033076572,0.1771062484756577
2024-10-08,-74.87807136207793,5.070644998727207,0.2786792543322566,0.23215959590961513
2024-10-24,-74.87807136207793,5.070644998727207,0.3243414628480482,0.2538443652785506
2024-11-09,-74.87807136207793,5.070644998727207,0.37617723620047894,0.24451695859087805
2024-11-25,-74.87807136207793,5.070644998727207,0.408435380856642,0.2889864305160129
2024-12-11,-74.87807136207793,5.070644998727207,0.4906879730038448,0.35658699536894883
2024-12-27,-74.87807136207793,5.070644998727207,0.560574021768332,0.45807401393033004
2015-01-01,-74.72440239049604,5.023796532945999,0.4756943508032171,0.3800769138133564
2015-01-17,-74.72440239049604,5.023796532945999,0.4493386119431466,0.3431963605955433
2015-02-02,-74.72440239049604,5.023796532945999,0.3761553469263388,0.25909922001104274
2015-02-18,-74.72440239049604,5.023796532945999,0.3128132064839856,0.25341569416066095
2015-03-06,-74.72440239049604,5.023796532945999,0.2880826396976117,0.22029417442910978
2015-03-22,-74.72440239049604,5.023796532945999,0.25397215343720575,0.2002944492577807
2015-04-07,-74.72440239049604,5.023796532945999,0.23762199380640178,0.18400367849394356
2015-04-23,-74.72440239049604,5.023796532945999,0.19746985476991455,0.1548192162160964
2015-05-09,-74.72440239049604,5.023796532945999,0.1512170964591706,0.12107053707207896
2015-05-25,-74.72440239049604,5.023796532945999,0.15598771076476886,0.08252151492546828
2015-06-10,-74.72440239049604,5.023796532945999,0.269558315687018,0.21171932351059938
2015-06-26,-74.72440239049604,5.023796532945999,0.27890176064589567,0.19493427964684298
2015-07-12,-74.72440239049604,5.023796532945999,0.3781110151237609,0.2739026587113671
2015-07-28,-74.72440239049604,5.023796532945999,0.4473711492664997,0.33548996488634786
2015-08-13,-74.72440239049604,5.023796532945999,0.4618429773451675,0.37871972097884776
2015-08-29,-74.72440239049604,5.023796532945999,0.5029720179069306,0.3571821338163819
2015-09-14,-74.72440239049604,5.023796532945999,0.5368078472646822,0.40189367072470983
2015-09-30,-74.72440239049604,5.023796532945999,0.5394266051920001,0.39945331246718363
2015-10-16,-74.72440239049604,5.023796532945999,0.5665752469900835,0.4434185903863113
2015-11-01,-74.72440239049604,5.023796532945999,0.5826796496609712,0.43135382226277696
2015-11-17,-74.72440239049604,5.023796532945999,0.5662599282857735,0.42915738658245345
2015-12-03,-74.72440239049604,5.023796532945999,0.5539693199841812,0.39548274541474826
2015-12-19,-74.72440239049604,5.023796532945999,0.48292057117833753,0.38428401269180373
2016-01-04,-74.72440239049604,5.023796532945999,0.4493502109512426,0.3086758163614945
2016-01-20,-74.72440239049604,5.023796532945999,0.4155224412329933,0.3209092270453987
2016-02-05,-74.72440239049604,5.023796532945999,0.3241264970350011,0.24768450708552298
2016-02-21,-74.72440239049604,5.023796532945999,0.3205051793296503,0.24786661353136297
2016-03-08,-74.72440239049604,5.023796532945999,0.27613369925624526,0.17901489248036895
2016-03-24,-74.72440239049604,5.023796532945999,0.23765187200893004,0.1721865088172886
2016-04-09,-74.72440239049604,5.023796532945999,0.2011958331784256,0.16830798707221373
2016-04-25,-74.72440239049604,5.023796532945999,0.23406242498522062,0.21143421983092264
2016-05-11,-74.72440239049604,5.023796532945999,0.2386836583626752,0.1768180601394027
2016-05-27,-74.72440239049604,5.023796532945999,0.24104142502298595,0.19611752620292433
2016-06-12,-74.72440239049604,5.023796532945999,0.2700708445141766,0.20516841714386336
2016-06-28,-74.72440239049604,5.023796532945999,0.32730598207833167,0.2442938336382301
2016-07-14,-74.72440239049604,5.023796532945999,0.34569692277074976,0.25098323076134516
2016-07-30,-74.72440239049604,5.023796532945999,0.42495295569582003,0.31877458259586416
2016-08-15,-74.72440239049604,5.023796532945999,0.4696921194856306,0.3656706744582668
2016-08-31,-74.72440239049604,5.023796532945999,0.5008100333848624,0.3907324883112429
2016-09-16,-74.72440239049604,5.023796532945999,0.5526846645915362,0.38981723670542257
2016-10-02,-74.72440239049604,5.023796532945999,0.5993627419076015,0.4395071615555628
2016-10-18,-74.72440239049604,5.023796532945999,0.5495160917081416,0.3912361945893802
2016-11-03,-74.72440239049604,5.023796532945999,0.5600787444940596,0.42110252474369536
2016-11-19,-74.72440239049604,5.023796532945999,0.5588442685769905,0.41239656207993103
2016-12-05,-74.72440239049604,5.023796532945999,0.547696486129643,0.4175698718210863
2016-12-21,-74.72440239049604,5.023796532945999,0.5019516026053558,0.38466027110059064
2017-01-06,-74.72440239049604,5.023796532945999,0.4637366055574097,0.3056433873325084
2017-01-22,-74.72440239049604,5.023796532945999,0.39284069123821014,0.25102631713886814
2017-02-07,-74.72440239049604,5.023796532945999,0.3491028185791927,0.2617344544899076
2017-02-23,-74.72440239049604,5.023796532945999,0.32098189634766483,0.26448911011517107
2017-03-11,-74.72440239049604,5.023796532945999,0.26289557444115674,0.18716445928292957
2017-03-27,-74.72440239049604,5.023796532945999,0.23749939239275397,0.1675661915480792
2017-04-12,-74.72440239049604,5.023796532945999,0.20925183453237964,0.17666160223850008
2017-04-28,-74.72440239049604,5.023796532945999,0.19353100543607657,0.16126182686190743
2017-05-14,-74.72440239049604,5.023796532945999,0.22791067995189923,0.15183717362130797
2017-05-30,-74.72440239049604,5.023796532945999,0.2570568194582969,0.20676394150115276
2017-06-15,-74.72440239049604,5.023796532945999,0.27462371670309954,0.19072131836677159
2017-07-01,-74.72440239049604,5.023796532945999,0.2995584817676596,0.21391560978768426
2017-07-17,-74.72440239049604,5.023796532945999,0.37757436918393,0.2640682735399196
2017-08-02,-74.72440239049604,5.023796532945999,0.4275075018603701,0.29579551581770974
2017-08-18,-74.72440239049604,5.023796532945999,0.4648430838631151,0.35082526798881647
2017-09-03,-74.72440239049604,5.023796532945999,0.5623449828126589,0.39421242399908685
2017-09-19,-74.72440239049604,5.023796532945999,0.578395478018662,0.4367934567937421
2017-10-05,-74.72440239049604,5.023796532945999,0.5810092933450838,0.4381239282765769
2017-10-21,-74.72440239049604,5.023796532945999,0.5920325214171873,0.44095068897565015
2017-11-06,-74.72440239049604,5.023796532945999,0.6083122178583684,0.44710474050928184
2017-11-22,-74.72440239049604,5.023796532945999,0.5840047335492279,0.42511620775766046
2017-12-08,-74.72440239049604,5.023796532945999,0.5296665936831543,0.37581069421656127
2017-12-24,-74.72440239049604,5.023796532945999,0.4991647268651488,0.40327606428739227
2018-01-09,-74.72440239049604,5.023796532945999,0.44046691950880756,0.32641247565752746
2018-01-25,-74.72440239049604,5.023796532945999,0.36805077672896985,0.27145222947568126
2018-02-10,-74.72440239049604,5.023796532945999,0.3070906357425989,0.21206041707257267
2018-02-26,-74.72440239049604,5.023796532945999,0.2962343490340593,0.24855602573037242
2018-03-14,-74.72440239049604,5.023796532945999,0.30834528807731504,0.21952726435656827
2018-03-30,-74.72440239049604,5.023796532945999,0.25202026630909696,0.19389024933985569
2018-04-15,-74.72440239049604,5.023796532945999,0.2043077777350015,0.16188272233577417
2018-05-01,-74.72440239049604,5.023796532945999,0.2066595204152616,0.15720255482369055
2018-05-17,-74.72440239049604,5.023796532945999,0.20955707554161407,0.12920561346023354
2018-06-02,-74.72440239049604,5.023796532945999,0.21244048201711546,0.17239525917846113
2018-06-18,-74.72440239049604,5.023796532945999,0.27472596607450117,0.19412269656275255
2018-07-04,-74.72440239049604,5.023796532945999,0.32594966509927903,0.26036089388277184
2018-07-20,-74.72440239049604,5.023796532945999,0.38004766871225204,0.27191465280136967
2018-08-05,-74.72440239049604,5.023796532945999,0.45294943146134137,0.37129578365563864
2018-08-21,-74.72440239049604,5.023796532945999,0.4877016449508524,0.38524950394002105
2018-09-06,-74.72440239049604,5.023796532945999,0.545717529653456,0.4318901335681823
2018-09-22,-74.72440239049604,5.023796532945999,0.5666624779336441,0.4369637993917307
2018-10-08,-74.72440239049604,5.023796532945999,0.5861847623462528,0.41769181826874874
2018-10-24,-74.72440239049604,5.023796532945999,0.5975119573747422,0.42101768860852556
2018-11-09,-74.72440239049604,5.023796532945999,0.5610254471350582,0.4468403867074554
2018-11-25,-74.72440239049604,5.023796532945999,0.5733517970460829,0.4597618135782794
2018-12-11,-74.72440239049604,5.023796532945999,0.5184894106118509,0.36582208113335285
2018-12-27,-74.72440239049604,5.023796532945999,0.47669450044282,0.3595615012769265
2019-01-12,-74.72440239049604,5.023796532945999,0.434065878194126,0.34822301822072854
2019-01-28,-74.72440239049604,5.023796532945999,0.3733410707281077,0.28704649248213926
2019-02-13,-74.72440239049604,5.023796532945999,0.3098856245798551,0.24142056399576756
2019-03-01,-74.72440239049604,5.023796532945999,0.2836609023555565,0.19774941000097704
2019-03-17,-74.72440239049604,5.023796532945999,0.24114362862046806,0.17717420653504662
2019-04-02,-74.72440239049604,5.023796532945999,0.21388431744666728,0.19584006293035414
2019-04-18,-74.72440239049604,5.023796532945999,0.20391453019297096,0.14805797544118146
2019-05-04,-74.72440239049604,5.023796532945999,0.1647097033035666,0.10564813043808541
2019-05-20,-74.72440239049604,5.023796532945999,0.21629332674406612,0.14850294153451674
2019-06-05,-74.72440239049604,5.023796532945999,0.2770829269883732,0.20451343973335553
2019-06-21,-74.72440239049604,5.023796532945999,0.3140068474341267,0.2367392282566024
2019-07-07,-74.72440239049604,5.023796532945999,0.3357429134321454,0.25003125611985905
2019-07-23,-74.72440239049604,5.023796532945999,0.38628099812487354,0.3240866486546523
2019-08-08,-74.72440239049604,5.023796532945999,0.3916058403164591,0.25367346534857077
2019-08-24,-74.72440239049604,5.023796532945999,0.47560963483191143,0.35699778376268493
2019-09-09,-74.72440239049604,5.023796532945999,0.5417780167077365,0.4157952564913519
2019-09-25,-74.72440239049604,5.023796532945999,0.5516932034454007,0.4341507764488858
2019-10-11,-74.72440239049604,5.023796532945999,0.5989163847025115,0.45286844515231495
2019-10-27,-74.72440239049604,5.023796532945999,0.602604837860797,0.4574065336642403
2019-11-12,-74.72440239049604,5.023796532945999,0.5628862255517763,0.4361210059438323
2019-11-28,-74.72440239049604,5.023796532945999,0.5535135497894456,0.41516195927717386
2019-12-14,-74.72440239049604,5.023796532945999,0.5460867681549345,0.3605476335453991
2019-12-30,-74.72440239049604,5.023796532945999,0.44435519004145324,0.3095249840036025
2020-01-15,-74.72440239049604,5.023796532945999,0.4155902865190851,0.30660055149399323
2020-01-31,-74.72440239049604,5.023796532945999,0.3406791011473529,0.23580616521429815
2020-02-16,-74.72440239049604,5.023796532945999,0.30332449253015403,0.2766418512391334
2020-03-03,-74.72440239049604,5.023796532945999,0.3118279968275665,0.22563600926698188
2020-03-19,-74.72440239049604,5.023796532945999,0.23268264309817296,0.15152790237986383
2020-04-04,-74.72440239049604,5.023796532945999,0.17756376949237057,0.13083522339110742
2020-04-20,-74.72440239049604,5.023796532945999,0.18497867091809223,0.13703699255532895
2020-05-06,-74.72440239049604,5.023796532945999,0.17639161080306917,0.11705421893609672
2020-05-22,-74.72440239049604,5.023796532945999,0.22881814878517268,0.17893780354455824
2020-06-07,-74.72440239049604,5.023796532945999,0.2643193829605233,0.17182975753725177
2020-06-23,-74.72440239049604,5.023796532945999,0.31359162500816995,0.21918948482409045
2020-07-09,-74.72440239049604,5.023796532945999,0.35703159212897534,0.26756092056436764
2020-07-25,-74.72440239049604,5.023796532945999,0.3684627434254031,0.2700231034774285
2020-08-10,-74.72440239049604,5.023796532945999,0.4547624501503724,0.35333114522227127
2020-08-26,-74.72440239049604,5.023796532945999,0.4920692189155056,0.3996874919986502
2020-09-11,-74.72440239049604,5.023796532945999,0.5548664660116318,0.4110167671807288
2020-09-27,-74.72440239049604,5.023796532945999,0.5789371793558041,0.4728787542206168
2020-10-13,-74.72440239049604,5.023796532945999,0.619551602566505,0.44010370430842877
2020-10-29,-74.72440239049604,5.023796532945999,0.5641702881279071,0.4528260918306074
2020-11-14,-74.72440239049604,5.023796532945999,0.5496684127241449,0.3858004868772751
2020-11-30,-74.72440239049604,5.023796532945999,0.5359118281760289,0.4103384053215134
2020-12-16,-74.72440239049604,5.023796532945999,0.5069575434434193,0.3672068851744526
2021-01-01,-74.72440239049604,5.023796532945999,0.4532436202492637,0.32568597389869364
2021-01-17,-74.72440239049604,5.023796532945999,0.39880053941790117,0.34473306210894716
2021-02-02,-74.72440239049604,5.023796532945999,0.37031463062933784,0.29547115406009816
2021-02-18,-74.72440239049604,5.023796532945999,0.30478919196991955,0.2248727604337187
2021-03-06,-74.72440239049604,5.023796532945999,0.2564921873018616,0.13933497377801216
2021-03-22,-74.72440239049604,5.023796532945999,0.20868408870888938,0.12030069293205913
2021-04-07,-74.72440239049604,5.023796532945999,0.16862019308218318,0.10255796532567535
2021-04-23,-74.72440239049604,5.023796532945999,0.23108293466896787,0.1724234776476388
2021-05-09,-74.72440239049604,5.023796532945999,0.2356402592226496,0.18494984595500472
2021-05-25,-74.72440239049604,5.023796532945999,0.24460714378336773,0.1654374179314343
2021-06-10,-74.72440239049604,5.023796532945999,0.2710019627520517,0.21782575674552568
2021-06-26,-74.72440239049604,5.023796532945999,0.29061739040402046,0.22915385021533868
2021-07-12,-74.72440239049604,5.023796532945999,0.36202395052297487,0.2605269104696295
2021-07-28,-74.72440239049604,5.023796532945999,0.38005737437302006,0.2613604641417996
2021-08-13,-74.72440239049604,5.023796532945999,0.4554123646459714,0.3480994708602649
2021-08-29,-74.72440239049604,5.023796532945999,0.4845009589739039,0.36390742605694987
2021-09-14,-74.72440239049604,5.023796532945999,0.5504131370213378,0.42517366705930937
2021-09-30,-74.72440239049604,5.023796532945999,0.5977590406384813,0.4738588971228218
2021-10-16,-74.72440239049604,5.023796532945999,0.5613932602149013,0.45471666935193644
2021-11-01,-74.72440239049604,5.023796532945999,0.5713678820861519,0.44942336781370246
2021-11-17,-74.72440239049604,5.023796532945999,0.5697432994192468,0.4190644869952958
2021-12-03,-74.72440239049604,5.023796532945999,0.505479098794887,0.37567803389183824
2021-12-19,-74.72440239049604,5.023796532945999,0.4725646591246508,0.3737694790603435
2022-01-04,-74.72440239049604,5.023796532945999,0.4879328015381222,0.35001138136765786
2022-01-20,-74.72440239049604,5.023796532945999,0.4126856018957167,0.295006370981628
2022-02-05,-74.72440239049604,5.023796532945999,0.3421711075773995,0.2721182247603571
2022-02-21,-74.72440239049604,5.023796532945999,0.30502275224421455,0.2635600250217811
2022-03-09,-74.72440239049604,5.023796532945999,0.2538494200069589,0.21037379165470896
2022-03-25,-74.72440239049604,5.023796532945999,0.23297933716816177,0.190650063071006
2022-04-10,-74.72440239049604,5.023796532945999,0.20190848320631957,0.150440185653708
2022-04-26,-74.72440239049604,5.023796532945999,0.2021669571857573,0.13490407559240225
2022-05-12,-74.72440239049604,5.023796532945999,0.22562913162419215,0.1822268288297114
2022-05-28,-74.72440239049604,5.023796532945999,0.24585811566057042,0.21513289982378073
2022-06-13,-74.72440239049604,5.023796532945999,0.2966341815529135,0.21497674236770242
2022-06-29,-74.72440239049604,5.023796532945999,0.3182919658094916,0.22624696057195445
2022-07-15,-74.72440239049604,5.023796532945999,0.3607497678205141,0.2585673368830083
2022-07-31,-74.72440239049604,5.023796532945999,0.4446761543238662,0.3407810787497589
2022-08-16,-74.72440239049604,5.023796532945999,0.4585273373861754,0.3677678744767591
2022-09-01,-74.72440239049604,5.023796532945999,0.4648945544469063,0.3083888639378739
2022-09-17,-74.72440239049604,5.023796532945999,0.5610245856267637,0.42197780818242014
2022-10-03,-74.72440239049604,5.023796532945999,0.5755255720890918,0.40511625700044784
2022-10-19,-74.72440239049604,5.023796532945999,0.5821533243548379,0.47668518147415523
2022-11-04,-74.72440239049604,5.023796532945999,0.5969836401035433,0.4511318609805137
2022-11-20,-74.72440239049604,5.023796532945999,0.5555402004858165,0.40876369332697454
2022-12-06,-74.72440239049604,5.023796532945999,0.492718489035993,0.37469167519541796
2022-12-22,-74.72440239049604,5.023796532945999,0.5125403073621071,0.352892843978168
2023-01-07,-74.72440239049604,5.023796532945999,0.4350680695640038,0.30315175952833445
2023-01-23,-74.72440239049604,5.023796532945999,0.37756085175686965,0.28424027135409025
2023-02-08,-74.72440239049604,5.023796532945999,0.30353378443562223,0.23993574709385795
2023-02-24,-74.72440239049604,5.023796532945999,0.3123285388546575,0.22922435238025488
2023-03-12,-74.72440239049604,5.023796532945999,0.20695863172908513,0.13529060127676606
2023-03-28,-74.72440239049604,5.023796532945999,0.25091039023767553,0.1326229070636852
2023-04-13,-74.72440239049604,5.023796532945999,0.20162522958579052,0.1276189066199977
2023-04-29,-74.72440239049604,5.023796532945999,0.2209667455555004,0.15222278012375606
2023-05-15,-74.72440239049604,5.023796532945999,0.22350929688935808,0.17894118105040044
2023-05-31,-74.72440239049604,5.023796532945999,0.2761691993775176,0.2030680606596308
2023-06-16,-74.72440239049604,5.023796532945999,0.2826293704769362,0.1822709182751534
2023-07-02,-74.72440239049604,5.023796532945999,0.3435414861604306,0.24244593765889566
2023-07-18,-74.72440239049604,5.023796532945999,0.3587399001108119,0.2686099691861247
2023-08-03,-74.72440239049604,5.023796532945999,0.39073029209857185,0.29762311965250765
2023-08-19,-74.72440239049604,5.023796532945999,0.49125918397652013,0.3743030644523359
2023-09-04,-74.72440239049604,5.023796532945999,0.48417946725883687,0.36065841455753445
2023-09-20,-74.72440239049604,5.023796532945999,0.5656508507917067,0.38667836277446194
2023-10-06,-74.72440239049604,5.023796532945999,0.5523458283552499,0.4317902433480678
2023-10-22,-74.72440239049604,5.023796532945999,0.5887158450054376,0.4497763153966133
2023-11-07,-74.72440239049604,5.023796532945999,0.6157044557400205,0.4711493973751395
2023-11-23,-74.72440239049604,5.023796532945999,0.5729625645119497,0.4839368339283288
2023-12-09,-74.72440239049604,5.023796532945999,0.5243189551814195,0.3772815611136947
2023-12-25,-74.72440239049604,5.023796532945999,0.49579386281222126,0.38062521769694385
2024-01-10,-74.72440239049604,5.023796532945999,0.4283167373487379,0.30058961262045647
2024-01-26,-74.72440239049604,5.023796532945999,0.43327875882697175,0.33149593852798925
2024-02-11,-74.72440239049604,5.023796532945999,0.3211871587272481,0.2592089750910281
2024-02-27,-74.72440239049604,5.023796532945999,0.2867843745496783,0.2100306519859021
2024-03-14,-74.72440239049604,5.023796532945999,0.26126337605342825,0.17010988667543742
2024-03-30,-74.72440239049604,5.023796532945999,0.2289734080803117,0.20998915221486883
2024-04-15,-74.72440239049604,5.023796532945999,0.21611767480372399,0.1545640140271237
2024-05-01,-74.72440239049604,5.023796532945999,0.19563586743552136,0.1385201011097388
2024-05-17,-74.72440239049604,5.023796532945999,0.2138697640439379,0.152846192377788
2024-06-02,-74.72440239049604,5.023796532945999,0.26364062642291247,0.1630662877530047
2024-06-18,-74.72440239049604,5.023796532945999,0.30012664305122966,0.217501251785571
2024-07-04,-74.72440239049604,5.023796532945999,0.3363724415332566,0.22973957294592523
2024-07-20,-74.72440239049604,5.023796532945999,0.406263992407494,0.329610693509058
2024-08-05,-74.72440239049604,5.023796532945999,0.4508183470837628,0.3078186647969513
2024-08-21,-74.72440239049604,5.023796532945999,0.49730643513503653,0.3810769281039916
2024-09-06,-74.72440239049604,5.023796532945999,0.49117731914618246,0.36789704168422055
2024-09-22,-74.72440239049604,5.023796532945999,0.5633852618543446,0.4336604518672214
2024-10-08,-74.72440239049604,5.023796532945999,0.5802313088728999,0.4409981099916225
2024-10-24,-74.72440239049604,5.023796532945999,0.6129772743382897,0.4842536339519309
2024-11-09,-74.72440239049604,5.023796532945999,0.5186963417156916,0.38267348519001504
2024-11-25,-74.72440239049604,5.023796532945999,0.5515531657736248,0.3786229028756792
2024-12-11,-74.72440239049604,5.023796532945999,0.5234123801188644,0.4175344405373584
2024-12-27,-74.72440239049604,5.023796532945999,0.4568652136528324,0.34937692901342177
2015-01-01,-74.44852085801877,4.9568583143361815,0.2615630543376121,0.23341864198110668
2015-01-17,-74.44852085801877,4.9568583143361815,0.2822814926894444,0.20806112266407809
2015-02-02,-74.44852085801877,4.9568583143361815,0.26314976820248537,0.16916593757290782
2015-02-18,-74.44852085801877,4.9568583143361815,0.2682705329931826,0.19472320423495834
2015-03-06,-74.44852085801877,4.9568583143361815,0.24561939305769018,0.17438143249395793
2015-03-22,-74.44852085801877,4.9568583143361815,0.25488540055568576,0.2050574626493325
2015-04-07,-74.44852085801877,4.9568583143361815,0.2988647534237429,0.23718352789586797
2015-04-23,-74.44852085801877,4.9568583143361815,0.32921543432952727,0.25717557196868907
2015-05-09,-74.44852085801877,4.9568583143361815,0.3623686246893119,0.31637110534517493
2015-05-25,-74.44852085801877,4.9568583143361815,0.383333461154554,0.31271884233717523
2015-06-10,-74.44852085801877,4.9568583143361815,0.48527612089222577,0.3469139145498574
2015-06-26,-74.44852085801877,4.9568583143361815,0.5417503306845971,0.42622255367235423
2015-07-12,-74.44852085801877,4.9568583143361815,0.5488970066809499,0.41223319875123
2015-07-28,-74.44852085801877,4.9568583143361815,0.5480660131475344,0.40686133331985863
2015-08-13,-74.44852085801877,4.9568583143361815,0.5720554183522546,0.4570652892648689
2015-08-29,-74.44852085801877,4.9568583143361815,0.5677112321270852,0.4075545516325681
2015-09-14,-74.44852085801877,4.9568583143361815,0.5684315520320289,0.4447466789519175
2015-09-30,-74.44852085801877,4.9568583143361815,0.5418274676511936,0.42128057886889486
2015-10-16,-74.44852085801877,4.9568583143361815,0.49078970122913246,0.3495124925792378
2015-11-01,-74.44852085801877,4.9568583143361815,0.43945297331392374,0.2968804650162856
2015-11-17,-74.44852085801877,4.9568583143361815,0.4182683816605352,0.3120323105808695
2015-12-03,-74.44852085801877,4.9568583143361815,0.3608092987812408,0.2114945975990292
2015-12-19,-74.44852085801877,4.9568583143361815,0.30342022037392335,0.24998197830850585
2016-01-04,-74.44852085801877,4.9568583143361815,0.2796183745888138,0.21692561449474718
2016-01-20,-74.44852085801877,4.9568583143361815,0.23810103295300825,0.20734988436194082
2016-02-05,-74.44852085801877,4.9568583143361815,0.24653257728037364,0.1907002408899509
2016-02-21,-74.44852085801877,4.9568583143361815,0.29116557910409263,0.24870298633985757
2016-03-08,-74.44852085801877,4.9568583143361815,0.24585304230725813,0.17252537803303641
2016-03-24,-74.44852085801877,4.9568583143361815,0.2643524661969619,0.20846231461725215
2016-04-09,-74.44852085801877,4.9568583143361815,0.2977594009294732,0.21541466779703544
2016-04-25,-74.44852085801877,4.9568583143361815,0.36614341881441403,0.27232336627525383
2016-05-11,-74.44852085801877,4.9568583143361815,0.4248785817853842,0.3204737876140816
2016-05-27,-74.44852085801877,4.9568583143361815,0.4586586736961555,0.35114039372632916
2016-06-12,-74.44852085801877,4.9568583143361815,0.4849337837876284,0.34920811681036684
2016-06-28,-74.44852085801877,4.9568583143361815,0.4867579317297281,0.3742625678975958
2016-07-14,-74.44852085801877,4.9568583143361815,0.5543225407953862,0.41654703563654893
2016-07-30,-74.44852085801877,4.9568583143361815,0.5297861782775296,0.37013446638236064
2016-08-15,-74.44852085801877,4.9568583143361815,0.5365978981055434,0.3670959813203699
2016-08-31,-74.44852085801877,4.9568583143361815,0.564895257194691,0.44617232133017876
2016-09-16,-74.44852085801877,4.9568583143361815,0.5481240613427881,0.365884750860334
2016-10-02,-74.44852085801877,4.9568583143361815,0.5194648515533448,0.3863426587323564
2016-10-18,-74.44852085801877,4.9568583143361815,0.5311815887853347,0.3692434333306099
2016-11-03,-74.44852085801877,4.9568583143361815,0.441087857392118,0.3649329466549798
2016-11-19,-74.44852085801877,4.9568583143361815,0.414241441247975,0.32194734240630973
2016-12-05,-74.44852085801877,4.9568583143361815,0.36386583375801396,0.2794982460916558
2016-12-21,-74.44852085801877,4.9568583143361815,0.3367421658525512,0.23636689801155808
2017-01-06,-74.44852085801877,4.9568583143361815,0.30658632025600835,0.20247967985429546
2017-01-22,-74.44852085801877,4.9568583143361815,0.26981185633125426,0.20593371151416723
2017-02-07,-74.44852085801877,4.9568583143361815,0.23583381324474298,0.1764216544270443
2017-02-23,-74.44852085801877,4.9568583143361815,0.23245700173155975,0.15290872476143494
2017-03-11,-74.44852085801877,4.9568583143361815,0.24666172334866998,0.16291651980406927
2017-03-27,-74.44852085801877,4.9568583143361815,0.2804289282276974,0.18731998628772578
2017-04-12,-74.44852085801877,4.9568583143361815,0.3183385773341645,0.21512435164204696
2017-04-28,-74.44852085801877,4.9568583143361815,0.33051533582286513,0.23539443370284524
2017-05-14,-74.44852085801877,4.9568583143361815,0.41085742883647003,0.31474887053968437
2017-05-30,-74.44852085801877,4.9568583143361815,0.42419941320787213,0.32812394872729855
2017-06-15,-74.44852085801877,4.9568583143361815,0.4286133709852732,0.3205973564461368
2017-07-01,-74.44852085801877,4.9568583143361815,0.5480837683049566,0.41370975635677093
2017-07-17,-74.44852085801877,4.9568583143361815,0.5391036611378254,0.415290313446213
2017-08-02,-74.44852085801877,4.9568583143361815,0.5752728611758301,0.39150531202407535
2017-08-18,-74.44852085801877,4.9568583143361815,0.5318543888583355,0.40309661746547454
2017-09-03,-74.44852085801877,4.9568583143361815,0.5472547326255052,0.43668155471352715
2017-09-19,-74.44852085801877,4.9568583143361815,0.5395089614914287,0.3659411064043091
2017-10-05,-74.44852085801877,4.9568583143361815,0.49410769269832333,0.315587249131131
2017-10-21,-74.44852085801877,4.9568583143361815,0.4798222137347668,0.35609897775578747
2017-11-06,-74.44852085801877,4.9568583143361815,0.43506904946485586,0.3478793678792367
2017-11-22,-74.44852085801877,4.9568583143361815,0.42368572205705146,0.3143565230756664
2017-12-08,-74.44852085801877,4.9568583143361815,0.31358688073067437,0.24753579215785096
2017-12-24,-74.44852085801877,4.9568583143361815,0.32763597261247585,0.2519148108624958
2018-01-09,-74.44852085801877,4.9568583143361815,0.3030855402527555,0.20401759326034585
2018-01-25,-74.44852085801877,4.9568583143361815,0.299730483880005,0.20560930784716638
2018-02-10,-74.44852085801877,4.9568583143361815,0.26161318825372387,0.16246293730202588
2018-02-26,-74.44852085801877,4.9568583143361815,0.2270451466413983,0.20061123291555544
2018-03-14,-74.44852085801877,4.9568583143361815,0.25147625698175713,0.2054056448389738
2018-03-30,-74.44852085801877,4.9568583143361815,0.2836667736440842,0.2106509171130597
2018-04-15,-74.44852085801877,4.9568583143361815,0.337951688517727,0.24873058989525726
2018-05-01,-74.44852085801877,4.9568583143361815,0.31392739108513046,0.21938074147481373
2018-05-17,-74.44852085801877,4.9568583143361815,0.4036240124013023,0.31062819142822684
2018-06-02,-74.44852085801877,4.9568583143361815,0.4052617974473066,0.28945949769731594
2018-06-18,-74.44852085801877,4.9568583143361815,0.46659906903240983,0.34263990989202286
2018-07-04,-74.44852085801877,4.9568583143361815,0.4868353203163157,0.35255906807484716
2018-07-20,-74.44852085801877,4.9568583143361815,0.5276682414757121,0.4111818463020225
2018-08-05,-74.44852085801877,4.9568583143361815,0.5759743366217183,0.4290645433045124
2018-08-21,-74.44852085801877,4.9568583143361815,0.5578441124538325,0.42118157058115663
2018-09-06,-74.44852085801877,4.9568583143361815,0.5431437178797425,0.38442114676645806
2018-09-22,-74.44852085801877,4.9568583143361815,0.5228265189609137,0.37942362594125617
2018-10-08,-74.44852085801877,4.9568583143361815,0.49022773622337595,0.37091199334878944
2018-10-24,-74.44852085801877,4.9568583143361815,0.491789113289987,0.3370998689515254
2018-11-09,-74.44852085801877,4.9568583143361815,0.43596282297738465,0.3225734013277118
2018-11-25,-74.44852085801877,4.9568583143361815,0.3982697602092823,0.29844354479489
2018-12-11,-74.44852085801877,4.9568583143361815,0.31937918619503053,0.21428660366912958
2018-12-27,-74.44852085801877,4.9568583143361815,0.31032402216813576,0.253318635021012
2019-01-12,-74.44852085801877,4.9568583143361815,0.2339274306212013,0.18236010456193255
2019-01-28,-74.44852085801877,4.9568583143361815,0.28004685942932106,0.20697462704786654
2019-02-13,-74.44852085801877,4.9568583143361815,0.25652446540591894,0.1783319674364832
2019-03-01,-74.44852085801877,4.9568583143361815,0.2444309915565328,0.1509049733012366
2019-03-17,-74.44852085801877,4.9568583143361815,0.2131634152242143,0.17872787744266622
2019-04-02,-74.44852085801877,4.9568583143361815,0.26451896448246287,0.18927866646177854
2019-04-18,-74.44852085801877,4.9568583143361815,0.289773343132145,0.18913061328743122
2019-05-04,-74.44852085801877,4.9568583143361815,0.35391454441109776,0.25084436442561037
2019-05-20,-74.44852085801877,4.9568583143361815,0.4084386989160633,0.31537979256663934
2019-06-05,-74.44852085801877,4.9568583143361815,0.45110491854092194,0.34310070472426035
2019-06-21,-74.44852085801877,4.9568583143361815,0.5170702258703389,0.3664507940218565
2019-07-07,-74.44852085801877,4.9568583143361815,0.519183780326949,0.41204163165560354
2019-07-23,-74.44852085801877,4.9568583143361815,0.5716607224046872,0.40031026881662396
2019-08-08,-74.44852085801877,4.9568583143361815,0.5555635786326317,0.44383510589181896
2019-08-24,-74.44852085801877,4.9568583143361815,0.5756023904259757,0.43560705344907724
2019-09-09,-74.44852085801877,4.9568583143361815,0.5526329497099193,0.4067986937682846
2019-09-25,-74.44852085801877,4.9568583143361815,0.542849865034475,0.4020899162761665
2019-10-11,-74.44852085801877,4.9568583143361815,0.5063859426289108,0.38136143109398385
2019-10-27,-74.44852085801877,4.9568583143361815,0.4561313017947053,0.3527410638236577
2019-11-12,-74.44852085801877,4.9568583143361815,0.48556622367768265,0.3286349349717405
2019-11-28,-74.44852085801877,4.9568583143361815,0.3896806102776906,0.2770566559358898
2019-12-14,-74.44852085801877,4.9568583143361815,0.35232077608955353,0.26517173153372237
2019-12-30,-74.44852085801877,4.9568583143361815,0.31843379385443477,0.2623354769210017
2020-01-15,-74.44852085801877,4.9568583143361815,0.27715325383608125,0.2305059861453445
2020-01-31,-74.44852085801877,4.9568583143361815,0.2064644700644115,0.18665739850662907
2020-02-16,-74.44852085801877,4.9568583143361815,0.2523389305464241,0.21081106502472172
2020-03-03,-74.44852085801877,4.9568583143361815,0.22401080136958537,0.15139270339508232
2020-03-19,-74.44852085801877,4.9568583143361815,0.26671191951269263,0.1996931818477702
2020-04-04,-74.44852085801877,4.9568583143361815,0.2954938339320338,0.24331067866762468
2020-04-20,-74.44852085801877,4.9568583143361815,0.28925894446365846,0.23642058978209005
2020-05-06,-74.44852085801877,4.9568583143361815,0.3655333791584171,0.27007439714632187
2020-05-22,-74.44852085801877,4.9568583143361815,0.3797474178324362,0.29487153674186445
2020-06-07,-74.44852085801877,4.9568583143361815,0.4043852642429897,0.3162568284070165
2020-06-23,-74.44852085801877,4.9568583143361815,0.46273978369170143,0.3481239960211256
2020-07-09,-74.44852085801877,4.9568583143361815,0.5235209561029655,0.41603148002310175
2020-07-25,-74.44852085801877,4.9568583143361815,0.546549708787519,0.3960295103677259
2020-08-10,-74.44852085801877,4.9568583143361815,0.5532796507802294,0.4404173934602653
2020-08-26,-74.44852085801877,4.9568583143361815,0.5754952085904352,0.4239088068123632
2020-09-11,-74.44852085801877,4.9568583143361815,0.549364241572617,0.3806796393677538
2020-09-27,-74.44852085801877,4.9568583143361815,0.5399576750706636,0.3697719421490884
2020-10-13,-74.44852085801877,4.9568583143361815,0.5157414994962577,0.3893785564720186
2020-10-29,-74.44852085801877,4.9568583143361815,0.5097575613909437,0.3603154599687217
2020-11-14,-74.44852085801877,4.9568583143361815,0.4169901157092387,0.34870834080039026
2020-11-30,-74.44852085801877,4.9568583143361815,0.39884740682425673,0.28521131408659456
2020-12-16,-74.44852085801877,4.9568583143361815,0.33774523444581567,0.2533489129626635
2021-01-01,-74.44852085801877,4.9568583143361815,0.304626534006715,0.21449629178533966
2021-01-17,-74.44852085801877,4.9568583143361815,0.26844203570929975,0.16937047927644053
2021-02-02,-74.44852085801877,4.9568583143361815,0.25434130703984914,0.1997563937483235
2021-02-18,-74.44852085801877,4.9568583143361815,0.2400715299052518,0.1477526296172431
2021-03-06,-74.44852085801877,4.9568583143361815,0.26947142061568813,0.20939406622162215
2021-03-22,-74.44852085801877,4.9568583143361815,0.2519781266565779,0.18337158605567216
2021-04-07,-74.44852085801877,4.9568583143361815,0.26373322836602164,0.17729171871895816
2021-04-23,-74.44852085801877,4.9568583143361815,0.3186351011920959,0.263544742139675
2021-05-09,-74.44852085801877,4.9568583143361815,0.35795553175006317,0.28127092199912257
2021-05-25,-74.44852085801877,4.9568583143361815,0.4039257454259324,0.3079032602864868
2021-06-10,-74.44852085801877,4.9568583143361815,0.45509006183493034,0.35877867837805266
2021-06-26,-74.44852085801877,4.9568583143361815,0.4864686317091065,0.333400908781781
2021-07-12,-74.44852085801877,4.9568583143361815,0.501835245917219,0.3657388845590591
2021-07-28,-74.44852085801877,4.9568583143361815,0.5274293368983469,0.4037762429873512
2021-08-13,-74.44852085801877,4.9568583143361815,0.5549294431287027,0.4636892133470557
2021-08-29,-74.44852085801877,4.9568583143361815,0.5293306558671143,0.4010706554745317
2021-09-14,-74.44852085801877,4.9568583143361815,0.5293839503142159,0.38716993592800836
2021-09-30,-74.44852085801877,4.9568583143361815,0.5315626665490487,0.35216457241430077
2021-10-16,-74.44852085801877,4.9568583143361815,0.5009447861680492,0.4137667388715202
2021-11-01,-74.44852085801877,4.9568583143361815,0.44774807595936744,0.3410072141056358
2021-11-17,-74.44852085801877,4.9568583143361815,0.4340278432921242,0.3222418124685532
2021-12-03,-74.44852085801877,4.9568583143361815,0.35798984910120535,0.222977658751469
2021-12-19,-74.44852085801877,4.9568583143361815,0.3411863841557062,0.2536264199222017
2022-01-04,-74.44852085801877,4.9568583143361815,0.2726572175623132,0.20702484737728877
2022-01-20,-74.44852085801877,4.9568583143361815,0.25424113441638974,0.1801123281899818
2022-02-05,-74.44852085801877,4.9568583143361815,0.2615389536036413,0.1693865669762541
2022-02-21,-74.44852085801877,4.9568583143361815,0.2655962889879341,0.17124349347858248
2022-03-09,-74.44852085801877,4.9568583143361815,0.23873032656589402,0.21750666880575206
2022-03-25,-74.44852085801877,4.9568583143361815,0.29341046166020096,0.22200992609505954
2022-04-10,-74.44852085801877,4.9568583143361815,0.2810532793044663,0.20020451334435185
2022-04-26,-74.44852085801877,4.9568583143361815,0.3382653000919471,0.2544494397157523
2022-05-12,-74.44852085801877,4.9568583143361815,0.37706938133211854,0.28218538571740526
2022-05-28,-74.44852085801877,4.9568583143361815,0.41866480361755865,0.28515902800036874
2022-06-13,-74.44852085801877,4.9568583143361815,0.4553443574794228,0.35980074918930405
2022-06-29,-74.44852085801877,4.9568583143361815,0.47646643023045393,0.3535587124420549
2022-07-15,-74.44852085801877,4.9568583143361815,0.518156397370663,0.3908443066159595
2022-07-31,-74.44852085801877,4.9568583143361815,0.5477413813578672,0.44035390931789375
2022-08-16,-74.44852085801877,4.9568583143361815,0.5752722892330733,0.4052181536092607
2022-09-01,-74.44852085801877,4.9568583143361815,0.5761301102380233,0.41660454555327625
2022-09-17,-74.44852085801877,4.9568583143361815,0.5368524496537336,0.40891571764244267
2022-10-03,-74.44852085801877,4.9568583143361815,0.513445112365433,0.40294095060053386
2022-10-19,-74.44852085801877,4.9568583143361815,0.473771412550558,0.3429496283610913
2022-11-04,-74.44852085801877,4.9568583143361815,0.43577399157313973,0.315517718712754
2022-11-20,-74.44852085801877,4.9568583143361815,0.4272257055320003,0.3329952050212063
2022-12-06,-74.44852085801877,4.9568583143361815,0.3957730240977778,0.3421826521513185
2022-12-22,-74.44852085801877,4.9568583143361815,0.30057563460833364,0.22684010850279598
2023-01-07,-74.44852085801877,4.9568583143361815,0.2636095920063088,0.18215507544976622
2023-01-23,-74.44852085801877,4.9568583143361815,0.24937059661746241,0.16588484998033132
2023-02-08,-74.44852085801877,4.9568583143361815,0.22656488434152974,0.1670379756857422
2023-02-24,-74.44852085801877,4.9568583143361815,0.2207735871466766,0.18242272954276012
2023-03-12,-74.44852085801877,4.9568583143361815,0.2363212063694589,0.23343228417902204
2023-03-28,-74.44852085801877,4.9568583143361815,0.2665586278535281,0.20135932372848708
2023-04-13,-74.44852085801877,4.9568583143361815,0.2803550137124311,0.24438809544687612
2023-04-29,-74.44852085801877,4.9568583143361815,0.3667804749840552,0.28102367365276365
2023-05-15,-74.44852085801877,4.9568583143361815,0.3601619317705769,0.2743347863824251
2023-05-31,-74.44852085801877,4.9568583143361815,0.40873640885514084,0.33579941191082285
2023-06-16,-74.44852085801877,4.9568583143361815,0.48945364178020034,0.368999012104905
2023-07-02,-74.44852085801877,4.9568583143361815,0.46151069030193687,0.32646469815327206
2023-07-18,-74.44852085801877,4.9568583143361815,0.5530388712233081,0.43903682725194415
2023-08-03,-74.44852085801877,4.9568583143361815,0.5803999792088108,0.403459724361779
2023-08-19,-74.44852085801877,4.9568583143361815,0.571640853338972,0.4490409443338876
2023-09-04,-74.44852085801877,4.9568583143361815,0.5277392950677404,0.3956463809933406
2023-09-20,-74.44852085801877,4.9568583143361815,0.5499366096601581,0.4064371655481839
2023-10-06,-74.44852085801877,4.9568583143361815,0.4804675843077155,0.35383672602931204
2023-10-22,-74.44852085801877,4.9568583143361815,0.47554453778097694,0.3536969552447776
2023-11-07,-74.44852085801877,4.9568583143361815,0.4295998462437083,0.31333964161795186
2023-11-23,-74.44852085801877,4.9568583143361815,0.39615992391816846,0.30596903503802053
2023-12-09,-74.44852085801877,4.9568583143361815,0.3475668462698605,0.25248215613503533
2023-12-25,-74.44852085801877,4.9568583143361815,0.31608428488968277,0.19864489514935846
2024-01-10,-74.44852085801877,4.9568583143361815,0.29121163484518076,0.2183974641914264
2024-01-26,-74.44852085801877,4.9568583143361815,0.2592053422449664,0.21361869283561408
2024-02-11,-74.44852085801877,4.9568583143361815,0.20715585281565282,0.11589021221456033
2024-02-27,-74.44852085801877,4.9568583143361815,0.25146869068615485,0.18845918091204583
2024-03-14,-74.44852085801877,4.9568583143361815,0.26117291172277507,0.1866371422886324
2024-03-30,-74.44852085801877,4.9568583143361815,0.29394176031057784,0.23910909709275577
2024-04-15,-74.44852085801877,4.9568583143361815,0.32260306436691977,0.23673572910709817
2024-05-01,-74.44852085801877,4.9568583143361815,0.3099893035615197,0.24787670183188235
2024-05-17,-74.44852085801877,4.9568583143361815,0.4197918273263759,0.3277350387344615
2024-06-02,-74.44852085801877,4.9568583143361815,0.421715494687657,0.32976250888909797
2024-06-18,-74.44852085801877,4.9568583143361815,0.49789383897181405,0.4045967041848422
2024-07-04,-74.44852085801877,4.9568583143361815,0.4988408438287929,0.36960154118071187
2024-07-20,-74.44852085801877,4.9568583143361815,0.5586035677920714,0.42010087727281675
2024-08-05,-74.44852085801877,4.9568583143361815,0.5381643923108942,0.41191561993370474
2024-08-21,-74.44852085801877,4.9568583143361815,0.5772243312534285,0.43467750636669145
2024-09-06,-74.44852085801877,4.9568583143361815,0.5630828136788658,0.4171379922254348
2024-09-22,-74.44852085801877,4.9568583143361815,0.5697212291343211,0.4092770781764873
2024-10-08,-74.44852085801877,4.9568583143361815,0.4996955267059174,0.37499135529998856
2024-10-24,-74.44852085801877,4.9568583143361815,0.49229356263591406,0.3392727085750448
2024-11-09,-74.44852085801877,4.9568583143361815,0.40653591947803386,0.26414736945383105
2024-11-25,-74.44852085801877,4.9568583143361815,0.38934193775307735,0.26964033697067713
2024-12-11,-74.44852085801877,4.9568583143361815,0.3381828745328514,0.2668647196974727
2024-12-27,-74.44852085801877,4.9568583143361815,0.2946959406274094,0.22564759592542433
2015-01-01,-75.05453725455304,4.8200248325042025,0.49352027250296354,0.3780077417823046
2015-01-17,-75.05453725455304,4.8200248325042025,0.5228937791596421,0.4052826955931592
2015-02-02,-75.05453725455304,4.8200248325042025,0.592762403965852,0.47282206437360913
2015-02-18,-75.05453725455304,4.8200248325042025,0.6791962563434197,0.5151949017759329
2015-03-06,-75.05453725455304,4.8200248325042025,0.683420291509427,0.5083845735115218
2015-03-22,-75.05453725455304,4.8200248325042025,0.691083825995218,0.5108973061071723
2015-04-07,-75.05453725455304,4.8200248325042025,0.6553470402804414,0.50894896754072
2015-04-23,-75.05453725455304,4.8200248325042025,0.5904324823983246,0.4305005069989295
2015-05-09,-75.05453725455304,4.8200248325042025,0.5104161735961247,0.36152267527457005
2015-05-25,-75.05453725455304,4.8200248325042025,0.4170504542627773,0.3273844164773936
2015-06-10,-75.05453725455304,4.8200248325042025,0.4018737293754814,0.3299118759010171
2015-06-26,-75.05453725455304,4.8200248325042025,0.24464081964777085,0.19797770816695215
2015-07-12,-75.05453725455304,4.8200248325042025,0.22313547569745443,0.15821540715831756
2015-07-28,-75.05453725455304,4.8200248325042025,0.12653358248121055,0.054742325844814504
2015-08-13,-75.05453725455304,4.8200248325042025,0.07722204311607184,0.03664533774835953
2015-08-29,-75.05453725455304,4.8200248325042025,0.05,0.006275941556222398
2015-09-14,-75.05453725455304,4.8200248325042025,0.05,0.057990253508533804
2015-09-30,-75.05453725455304,4.8200248325042025,0.05,0.014761548371791316
2015-10-16,-75.05453725455304,4.8200248325042025,0.05,0.03217172931849646
2015-11-01,-75.05453725455304,4.8200248325042025,0.13998322986633221,0.07396703415278806
2015-11-17,-75.05453725455304,4.8200248325042025,0.23663579883365002,0.16847744148794452
2015-12-03,-75.05453725455304,4.8200248325042025,0.2918227540959093,0.20777561745912304
2015-12-19,-75.05453725455304,4.8200248325042025,0.4238624464799943,0.3299555737351002
2016-01-04,-75.05453725455304,4.8200248325042025,0.48555511162182363,0.3765484340856648
2016-01-20,-75.05453725455304,4.8200248325042025,0.5408153883207295,0.4062589432550877
2016-02-05,-75.05453725455304,4.8200248325042025,0.627296962866589,0.4610759919799672
2016-02-21,-75.05453725455304,4.8200248325042025,0.6732686676275598,0.4893428316277808
2016-03-08,-75.05453725455304,4.8200248325042025,0.691825968106344,0.5299066515103839
2016-03-24,-75.05453725455304,4.8200248325042025,0.6159307056759992,0.48575414332720174
2016-04-09,-75.05453725455304,4.8200248325042025,0.5820943801373799,0.4242498045919124
2016-04-25,-75.05453725455304,4.8200248325042025,0.6108098383156165,0.45176164423166354
2016-05-11,-75.05453725455304,4.8200248325042025,0.4906936738309269,0.34614551413886174
2016-05-27,-75.05453725455304,4.8200248325042025,0.45802694339881794,0.3050901169381407
2016-06-12,-75.05453725455304,4.8200248325042025,0.3715181601290318,0.2775365781159281
2016-06-28,-75.05453725455304,4.8200248325042025,0.2371931151309361,0.16623253490214826
2016-07-14,-75.05453725455304,4.8200248325042025,0.16007825442693266,0.13738319483737005
2016-07-30,-75.05453725455304,4.8200248325042025,0.12780920756410882,0.06147368299556068
2016-08-15,-75.05453725455304,4.8200248325042025,0.05625325016894454,0.02492622437982286
2016-08-31,-75.05453725455304,4.8200248325042025,0.0634675786602443,0.020598701632654804
2016-09-16,-75.05453725455304,4.8200248325042025,0.06707687805746601,0.049641763752760755
2016-10-02,-75.05453725455304,4.8200248325042025,0.05,0.023954516319814448
2016-10-18,-75.05453725455304,4.8200248325042025,0.08506993467187735,0.03831008296359789
2016-11-03,-75.05453725455304,4.8200248325042025,0.1667304525834244,0.10048952842373143
2016-11-19,-75.05453725455304,4.8200248325042025,0.1994895001824809,0.14202359571989723
2016-12-05,-75.05453725455304,4.8200248325042025,0.29393431198388786,0.20540751662656548
2016-12-21,-75.05453725455304,4.8200248325042025,0.4007854161342095,0.28316474066014086
2017-01-06,-75.05453725455304,4.8200248325042025,0.5383241736276514,0.40487136156412995
2017-01-22,-75.05453725455304,4.8200248325042025,0.5774377771650715,0.3975503669469577
2017-02-07,-75.05453725455304,4.8200248325042025,0.6174749347637457,0.4674122536716395
2017-02-23,-75.05453725455304,4.8200248325042025,0.6475119105390191,0.5037951897746241
2017-03-11,-75.05453725455304,4.8200248325042025,0.657998378051221,0.48777146082111217
2017-03-27,-75.05453725455304,4.8200248325042025,0.6599235261247853,0.49822905778122734
2017-04-12,-75.05453725455304,4.8200248325042025,0.6247539902872825,0.46314762017404315
2017-04-28,-75.05453725455304,4.8200248325042025,0.5776564774476347,0.41855460293790003
2017-05-14,-75.05453725455304,4.8200248325042025,0.5199522244153216,0.39473193580823973
2017-05-30,-75.05453725455304,4.8200248325042025,0.4248425130260944,0.3100227181003316
2017-06-15,-75.05453725455304,4.8200248325042025,0.35370789701070804,0.26056423788174743
2017-07-01,-75.05453725455304,4.8200248325042025,0.24429983012967002,0.18531867319501502
2017-07-17,-75.05453725455304,4.8200248325042025,0.20510089867445913,0.12701854984542027
2017-08-02,-75.05453725455304,4.8200248325042025,0.12135543426591845,0.053153152474676744
2017-08-18,-75.05453725455304,4.8200248325042025,0.06406234881594038,0.0795484181641299
2017-09-03,-75.05453725455304,4.8200248325042025,0.05,0.04091250157079586
2017-09-19,-75.05453725455304,4.8200248325042025,0.05,0.03812094400977109
2017-10-05,-75.05453725455304,4.8200248325042025,0.056027029814274036,0.026300740202078416
2017-10-21,-75.05453725455304,4.8200248325042025,0.10229963639919713,0.08069235051192664
2017-11-06,-75.05453725455304,4.8200248325042025,0.15858989714817726,0.10281678644743925
2017-11-22,-75.05453725455304,4.8200248325042025,0.22641176549543082,0.17762332464335104
2017-12-08,-75.05453725455304,4.8200248325042025,0.3520441951221487,0.26866635522634186
2017-12-24,-75.05453725455304,4.8200248325042025,0.4492034336065088,0.33865992794649613
2018-01-09,-75.05453725455304,4.8200248325042025,0.5210526691155465,0.3968662503494111
2018-01-25,-75.05453725455304,4.8200248325042025,0.5829639649059276,0.4266065371168528
2018-02-10,-75.05453725455304,4.8200248325042025,0.683534013870893,0.5036114908060996
2018-02-26,-75.05453725455304,4.8200248325042025,0.6591584763772996,0.5030490537519768
2018-03-14,-75.05453725455304,4.8200248325042025,0.6870024937262675,0.48715603934249413
2018-03-30,-75.05453725455304,4.8200248325042025,0.6894573245255584,0.5152091018871522
2018-04-15,-75.05453725455304,4.8200248325042025,0.6065003072171827,0.4786509126999645
2018-05-01,-75.05453725455304,4.8200248325042025,0.5825104070619314,0.4115919654574902
2018-05-17,-75.05453725455304,4.8200248325042025,0.530807890997097,0.4112818656151466
2018-06-02,-75.05453725455304,4.8200248325042025,0.40995050840261377,0.3392672574143959
2018-06-18,-75.05453725455304,4.8200248325042025,0.3242691748975929,0.24264021967111402
2018-07-04,-75.05453725455304,4.8200248325042025,0.22155894965613893,0.17780622102824575
2018-07-20,-75.05453725455304,4.8200248325042025,0.1672385185783331,0.12572249173154404
2018-08-05,-75.05453725455304,4.8200248325042025,0.07991682527255545,0.06253621603773807
2018-08-21,-75.05453725455304,4.8200248325042025,0.052072169173321796,0.012384640505307323
2018-09-06,-75.05453725455304,4.8200248325042025,0.05,0.048803067576195396
2018-09-22,-75.05453725455304,4.8200248325042025,0.05,0.041608210539225206
2018-10-08,-75.05453725455304,4.8200248325042025,0.058706970569285824,0.07019516006456257
2018-10-24,-75.05453725455304,4.8200248325042025,0.1092718176880407,0.09514354755106844
2018-11-09,-75.05453725455304,4.8200248325042025,0.18005116281982306,0.13731333518459016
2018-11-25,-75.05453725455304,4.8200248325042025,0.28436022696083235,0.20401905589413266
2018-12-11,-75.05453725455304,4.8200248325042025,0.3778207238384394,0.26349158533669986
2018-12-27,-75.05453725455304,4.8200248325042025,0.4520260221899831,0.35747231109824434
2019-01-12,-75.05453725455304,4.8200248325042025,0.5409058275658354,0.44400826820908473
2019-01-28,-75.05453725455304,4.8200248325042025,0.5811846110940344,0.40830547329355404
2019-02-13,-75.05453725455304,4.8200248325042025,0.6273100471128592,0.4836913866656131
2019-03-01,-75.05453725455304,4.8200248325042025,0.6860684644549322,0.5165964815341475
2019-03-17,-75.05453725455304,4.8200248325042025,0.6585544912968706,0.5092532143392342
2019-04-02,-75.05453725455304,4.8200248325042025,0.6370438888442325,0.5009619082807123
2019-04-18,-75.05453725455304,4.8200248325042025,0.6762999408587159,0.5145539785754679
2019-05-04,-75.05453725455304,4.8200248325042025,0.5687105550844095,0.41667572093539595
2019-05-20,-75.05453725455304,4.8200248325042025,0.4437068000450979,0.320725712773219
2019-06-05,-75.05453725455304,4.8200248325042025,0.37169604381279775,0.24983194133129796
2019-06-21,-75.05453725455304,4.8200248325042025,0.33893399659396567,0.2596577478059897
2019-07-07,-75.05453725455304,4.8200248325042025,0.22701741160740324,0.16408261140162742
2019-07-23,-75.05453725455304,4.8200248325042025,0.1413193299826747,0.1252805111317927
2019-08-08,-75.05453725455304,4.8200248325042025,0.08552635197224576,0.07475864273967897
2019-08-24,-75.05453725455304,4.8200248325042025,0.05,0.03065694218535906
2019-09-09,-75.05453725455304,4.8200248325042025,0.05,0.0
2019-09-25,-75.05453725455304,4.8200248325042025,0.05,0.03862993383986466
2019-10-11,-75.05453725455304,4.8200248325042025,0.05051784888474048,0.037198889362862704
2019-10-27,-75.05453725455304,4.8200248325042025,0.1318960936754459,0.05580191013539685
2019-11-12,-75.05453725455304,4.8200248325042025,0.1841944002112108,0.14629107803311747
2019-11-28,-75.05453725455304,4.8200248325042025,0.2936061192665462,0.1971310911219144
2019-12-14,-75.05453725455304,4.8200248325042025,0.3778097197320994,0.30380543430628404
2019-12-30,-75.05453725455304,4.8200248325042025,0.4776737100489239,0.3563495667964142
2020-01-15,-75.05453725455304,4.8200248325042025,0.5323846247452826,0.38670157887227186
2020-01-31,-75.05453725455304,4.8200248325042025,0.6168315628842742,0.4665257516260634
2020-02-16,-75.05453725455304,4.8200248325042025,0.6669584543521009,0.5028563170264987
2020-03-03,-75.05453725455304,4.8200248325042025,0.6952700038007276,0.5233443535096997
2020-03-19,-75.05453725455304,4.8200248325042025,0.6948933024447113,0.5385864322408662
2020-04-04,-75.05453725455304,4.8200248325042025,0.6391712749731796,0.4432155752924698
2020-04-20,-75.05453725455304,4.8200248325042025,0.6397558898227916,0.484950091981339
2020-05-06,-75.05453725455304,4.8200248325042025,0.509278377064277,0.36768239285383353
2020-05-22,-75.05453725455304,4.8200248325042025,0.4796692669037137,0.3541584135551274
2020-06-07,-75.05453725455304,4.8200248325042025,0.3666163802883754,0.30297992242254085
2020-06-23,-75.05453725455304,4.8200248325042025,0.267086261229328,0.1843516287668993
2020-07-09,-75.05453725455304,4.8200248325042025,0.20867853496395564,0.16431799986404438
2020-07-25,-75.05453725455304,4.8200248325042025,0.1423413782520617,0.1249807945804252
2020-08-10,-75.05453725455304,4.8200248325042025,0.0813249411726939,0.0707813846582886
2020-08-26,-75.05453725455304,4.8200248325042025,0.05,0.03875396606473429
2020-09-11,-75.05453725455304,4.8200248325042025,0.05,0.04180196271638073
2020-09-27,-75.05453725455304,4.8200248325042025,0.0628223375642744,0.058219666812102416
2020-10-13,-75.05453725455304,4.8200248325042025,0.08584682406847019,0.048202598352531836
2020-10-29,-75.05453725455304,4.8200248325042025,0.14445901270384062,0.10778390382996558
2020-11-14,-75.05453725455304,4.8200248325042025,0.22128154918163334,0.21009166802903306
2020-11-30,-75.05453725455304,4.8200248325042025,0.2918222180163027,0.2273124438947342
2020-12-16,-75.05453725455304,4.8200248325042025,0.4127157042744002,0.3114968164877878
2021-01-01,-75.05453725455304,4.8200248325042025,0.519402306931997,0.38199094436436815
2021-01-17,-75.05453725455304,4.8200248325042025,0.5573148047610657,0.4020099886729396
2021-02-02,-75.05453725455304,4.8200248325042025,0.6074241217117109,0.46054676949171636
2021-02-18,-75.05453725455304,4.8200248325042025,0.6756403607927538,0.5131121672750368
2021-03-06,-75.05453725455304,4.8200248325042025,0.7054579316273978,0.5271941425086949
2021-03-22,-75.05453725455304,4.8200248325042025,0.6708699763704373,0.5572321844234157
2021-04-07,-75.05453725455304,4.8200248325042025,0.6585203958564841,0.4795006659727921
2021-04-23,-75.05453725455304,4.8200248325042025,0.587783338023875,0.42198390522727935
2021-05-09,-75.05453725455304,4.8200248325042025,0.5530348703277496,0.4074886068879473
2021-05-25,-75.05453725455304,4.8200248325042025,0.4561656100047371,0.3408540340147875
2021-06-10,-75.05453725455304,4.8200248325042025,0.38032528669264465,0.2683090831618031
2021-06-26,-75.05453725455304,4.8200248325042025,0.2556510636974409,0.19622424391671253
2021-07-12,-75.05453725455304,4.8200248325042025,0.20671253439298123,0.16168504705668874
2021-07-28,-75.05453725455304,4.8200248325042025,0.10831555928626302,0.09478636630652514
2021-08-13,-75.05453725455304,4.8200248325042025,0.05701010121462632,0.03232680301524207
2021-08-29,-75.05453725455304,4.8200248325042025,0.05,0.06352316697304063
2021-09-14,-75.05453725455304,4.8200248325042025,0.05,0.04959986751357747
2021-09-30,-75.05453725455304,4.8200248325042025,0.0757775132886422,0.11308611993125611
2021-10-16,-75.05453725455304,4.8200248325042025,0.05699803443444878,0.02798099420829442
2021-11-01,-75.05453725455304,4.8200248325042025,0.13929160686847383,0.08745231270370152
2021-11-17,-75.05453725455304,4.8200248325042025,0.20602375875533233,0.14852475778539193
2021-12-03,-75.05453725455304,4.8200248325042025,0.28900539896302585,0.22345489657301765
2021-12-19,-75.05453725455304,4.8200248325042025,0.4034703221299743,0.31222331489275384
2022-01-04,-75.05453725455304,4.8200248325042025,0.4983102018845585,0.3857927884819524
2022-01-20,-75.05453725455304,4.8200248325042025,0.5565654487119867,0.45984695458666336
2022-02-05,-75.05453725455304,4.8200248325042025,0.6290391385865015,0.4345296588873802
2022-02-21,-75.05453725455304,4.8200248325042025,0.6445119859930871,0.448573929714259
2022-03-09,-75.05453725455304,4.8200248325042025,0.6819762465338478,0.5090460804193192
2022-03-25,-75.05453725455304,4.8200248325042025,0.6649053893319513,0.5388975642469738
2022-04-10,-75.05453725455304,4.8200248325042025,0.6540266889259732,0.5050419839234066
2022-04-26,-75.05453725455304,4.8200248325042025,0.5716814078716194,0.4087781580770943
2022-05-12,-75.05453725455304,4.8200248325042025,0.5207535034622568,0.3940252703897371
2022-05-28,-75.05453725455304,4.8200248325042025,0.4003625971301164,0.2966658073905966
2022-06-13,-75.05453725455304,4.8200248325042025,0.34921977976726154,0.2576118515100236
2022-06-29,-75.05453725455304,4.8200248325042025,0.24477321349285125,0.17278920648121562
2022-07-15,-75.05453725455304,4.8200248325042025,0.17688555737750955,0.13448016850533312
2022-07-31,-75.05453725455304,4.8200248325042025,0.12525648301986342,0.11555948636391498
2022-08-16,-75.05453725455304,4.8200248325042025,0.05843813806878622,0.034705479629282505
2022-09-01,-75.05453725455304,4.8200248325042025,0.05,0.04971689832821709
2022-09-17,-75.05453725455304,4.8200248325042025,0.05,0.053307869539323455
2022-10-03,-75.05453725455304,4.8200248325042025,0.0762979253684062,0.08305717333947811
2022-10-19,-75.05453725455304,4.8200248325042025,0.1366687296216428,0.08517322444304334
2022-11-04,-75.05453725455304,4.8200248325042025,0.1651118795754671,0.12405946361397352
2022-11-20,-75.05453725455304,4.8200248325042025,0.24113535298659453,0.1678662563477432
2022-12-06,-75.05453725455304,4.8200248325042025,0.30028019584762405,0.22706373580629813
2022-12-22,-75.05453725455304,4.8200248325042025,0.40360036071531835,0.30442014015144125
2023-01-07,-75.05453725455304,4.8200248325042025,0.4874368895924214,0.3435845002774292
2023-01-23,-75.05453725455304,4.8200248325042025,0.5813697824482483,0.43904576737231615
2023-02-08,-75.05453725455304,4.8200248325042025,0.6451208091966293,0.5275578822258244
2023-02-24,-75.05453725455304,4.8200248325042025,0.6751320546387198,0.5160506763203224
2023-03-12,-75.05453725455304,4.8200248325042025,0.6605682733945313,0.46968805623517096
2023-03-28,-75.05453725455304,4.8200248325042025,0.7018466881263653,0.5079154204961078
2023-04-13,-75.05453725455304,4.8200248325042025,0.613818440483901,0.45958185193859463
2023-04-29,-75.05453725455304,4.8200248325042025,0.5765128309100721,0.4143344930536883
2023-05-15,-75.05453725455304,4.8200248325042025,0.49919878348654423,0.39898660196791025
2023-05-31,-75.05453725455304,4.8200248325042025,0.40502641986456017,0.27589636521109673
2023-06-16,-75.05453725455304,4.8200248325042025,0.3510562138345433,0.2731380986146682
2023-07-02,-75.05453725455304,4.8200248325042025,0.23276663191802768,0.1429316336159824
2023-07-18,-75.05453725455304,4.8200248325042025,0.1517320948987118,0.11270498243704843
2023-08-03,-75.05453725455304,4.8200248325042025,0.12578188434096874,0.07360477375833342
2023-08-19,-75.05453725455304,4.8200248325042025,0.05585445490884141,0.05539373437952902
2023-09-04,-75.05453725455304,4.8200248325042025,0.05,0.058175723358778006
2023-09-20,-75.05453725455304,4.8200248325042025,0.05,0.044139909869138697
2023-10-06,-75.05453725455304,4.8200248325042025,0.06831511715136059,0.07292806569279733
2023-10-22,-75.05453725455304,4.8200248325042025,0.12272447971814596,0.044497549954009855
2023-11-07,-75.05453725455304,4.8200248325042025,0.16287113104852263,0.12491745087345757
2023-11-23,-75.05453725455304,4.8200248325042025,0.2550239433797534,0.20082017212995049
2023-12-09,-75.05453725455304,4.8200248325042025,0.36250635280264853,0.28404879933057997
2023-12-25,-75.05453725455304,4.8200248325042025,0.4310494735844998,0.28636036496596523
2024-01-10,-75.05453725455304,4.8200248325042025,0.5089817344922434,0.3900636638319616
2024-01-26,-75.05453725455304,4.8200248325042025,0.5669409085917687,0.43783117604625804
2024-02-11,-75.05453725455304,4.8200248325042025,0.660151953239056,0.4976513044552088
2024-02-27,-75.05453725455304,4.8200248325042025,0.6125055683412367,0.4338174090016914
2024-03-14,-75.05453725455304,4.8200248325042025,0.7194679494988836,0.5286702062635951
2024-03-30,-75.05453725455304,4.8200248325042025,0.6255899591297235,0.4938974171134981
2024-04-15,-75.05453725455304,4.8200248325042025,0.6258758894985196,0.4915057269030442
2024-05-01,-75.05453725455304,4.8200248325042025,0.5712811510237796,0.4376320459920781
2024-05-17,-75.05453725455304,4.8200248325042025,0.49744547795674426,0.38703387470597816
2024-06-02,-75.05453725455304,4.8200248325042025,0.4501829353758514,0.35705732825107234
2024-06-18,-75.05453725455304,4.8200248325042025,0.28393128108082294,0.22188169111619527
2024-07-04,-75.05453725455304,4.8200248325042025,0.2524423718552316,0.21338579502214663
2024-07-20,-75.05453725455304,4.8200248325042025,0.14480350238892775,0.13190151569545838
2024-08-05,-75.05453725455304,4.8200248325042025,0.1110113647398476,0.1347088722942803
2024-08-21,-75.05453725455304,4.8200248325042025,0.05,0.027351988471991502
2024-09-06,-75.05453725455304,4.8200248325042025,0.05,0.027695556999224498
2024-09-22,-75.05453725455304,4.8200248325042025,0.05,0.0
2024-10-08,-75.05453725455304,4.8200248325042025,0.062147203602125355,0.053997563895592106
2024-10-24,-75.05453725455304,4.8200248325042025,0.11310088813306884,0.12353328977038383
2024-11-09,-75.05453725455304,4.8200248325042025,0.19304440992260274,0.17060388854563477
2024-11-25,-75.05453725455304,4.8200248325042025,0.2802417823547767,0.2267094829639477
2024-12-11,-75.05453725455304,4.8200248325042025,0.3690604597887298,0.3041710374796186
2024-12-27,-75.05453725455304,4.8200248325042025,0.45261399652711287,0.3493829115571104
2015-01-01,-74.91567790242047,5.148171695492906,0.6642521306314566,0.5233446769909813
2015-01-17,-74.91567790242047,5.148171695492906,0.611782472129258,0.4590711824513308
2015-02-02,-74.91567790242047,5.148171695492906,0.4701672213015117,0.36295947234910303
2015-02-18,-74.91567790242047,5.148171695492906,0.4034089603695282,0.33195546489597083
2015-03-06,-74.91567790242047,5.148171695492906,0.3875367188274167,0.3106460195180023
2015-03-22,-74.91567790242047,5.148171695492906,0.31363730539198886,0.20417782957799055
2015-04-07,-74.91567790242047,5.148171695492906,0.2995655065133597,0.22400206108589693
2015-04-23,-74.91567790242047,5.148171695492906,0.2651430340417418,0.2005505011459616
2015-05-09,-74.91567790242047,5.148171695492906,0.3303591826667114,0.2644598979474147
2015-05-25,-74.91567790242047,5.148171695492906,0.31544747368078135,0.25346434309165317
2015-06-10,-74.91567790242047,5.148171695492906,0.3614382501434405,0.26727725414956544
2015-06-26,-74.91567790242047,5.148171695492906,0.3432711150905651,0.2536816136578036
2015-07-12,-74.91567790242047,5.148171695492906,0.46428536416193383,0.32881801521914894
2015-07-28,-74.91567790242047,5.148171695492906,0.5145739737158609,0.37209508542684944
2015-08-13,-74.91567790242047,5.148171695492906,0.6192783078704818,0.4794478712109926
2015-08-29,-74.91567790242047,5.148171695492906,0.6691283573440214,0.5142782942704355
2015-09-14,-74.91567790242047,5.148171695492906,0.7128957572149609,0.5386229435617708
2015-09-30,-74.91567790242047,5.148171695492906,0.7338259108399782,0.5066405935549723
2015-10-16,-74.91567790242047,5.148171695492906,0.7874573248322174,0.597072798749606
2015-11-01,-74.91567790242047,5.148171695492906,0.8165745938764485,0.6438576617289837
2015-11-17,-74.91567790242047,5.148171695492906,0.8121323235709514,0.589138770812336
2015-12-03,-74.91567790242047,5.148171695492906,0.7433182779118105,0.5670953943514855
2015-12-19,-74.91567790242047,5.148171695492906,0.7542103245945703,0.595259727520206
2016-01-04,-74.91567790242047,5.148171695492906,0.6662734725119385,0.4919493452729681
2016-01-20,-74.91567790242047,5.148171695492906,0.5581387743911274,0.4343822384610103
2016-02-05,-74.91567790242047,5.148171695492906,0.4824429232197447,0.35706346539520245
2016-02-21,-74.91567790242047,5.148171695492906,0.4329283545068607,0.35655450766260166
2016-03-08,-74.91567790242047,5.148171695492906,0.3662309695178825,0.22588823436695954
2016-03-24,-74.91567790242047,5.148171695492906,0.33351410839998163,0.23615514423790773
2016-04-09,-74.91567790242047,5.148171695492906,0.2901389650499707,0.21587012977063558
2016-04-25,-74.91567790242047,5.148171695492906,0.26800767408086895,0.21681256719634578
2016-05-11,-74.91567790242047,5.148171695492906,0.24654552538533625,0.174568859539915
2016-05-27,-74.91567790242047,5.148171695492906,0.3138498086455077,0.2231056609772434
2016-06-12,-74.91567790242047,5.148171695492906,0.30847306550560716,0.24472590599434008
2016-06-28,-74.91567790242047,5.148171695492906,0.4180536951403474,0.3126403672024004
2016-07-14,-74.91567790242047,5.148171695492906,0.4216382721590412,0.33034809905325724
2016-07-30,-74.91567790242047,5.148171695492906,0.498321912731659,0.37991742008570756
2016-08-15,-74.91567790242047,5.148171695492906,0.58450916537694,0.4151850883173657
2016-08-31,-74.91567790242047,5.148171695492906,0.6589008792059539,0.4905097082759202
2016-09-16,-74.91567790242047,5.148171695492906,0.7101413670938376,0.5443800908846812
2016-10-02,-74.91567790242047,5.148171695492906,0.7550288171625659,0.5858754303053608
2016-10-18,-74.91567790242047,5.148171695492906,0.793051583418309,0.5808375434318056
2016-11-03,-74.91567790242047,5.148171695492906,0.774370671966235,0.5478280779937275
2016-11-19,-74.91567790242047,5.148171695492906,0.78222768851069,0.5795790154379904
2016-12-05,-74.91567790242047,5.148171695492906,0.6953064420627256,0.5107655340916563
2016-12-21,-74.91567790242047,5.148171695492906,0.675218326420613,0.537927296658873
2017-01-06,-74.91567790242047,5.148171695492906,0.6016780936532728,0.42243155424527357
2017-01-22,-74.91567790242047,5.148171695492906,0.5891527472967921,0.46899982362187337
2017-02-07,-74.91567790242047,5.148171695492906,0.48067661299987174,0.3478657432937256
2017-02-23,-74.91567790242047,5.148171695492906,0.4393076620295206,0.28293875058323426
2017-03-11,-74.91567790242047,5.148171695492906,0.3291202185641492,0.24122549590609765
2017-03-27,-74.91567790242047,5.148171695492906,0.34922856685446113,0.25320682337751105
2017-04-12,-74.91567790242047,5.148171695492906,0.28828855186166397,0.2388921993475282
2017-04-28,-74.91567790242047,5.148171695492906,0.3150082429958149,0.22471921278389492
2017-05-14,-74.91567790242047,5.148171695492906,0.278706279488939,0.2454708140435611
2017-05-30,-74.91567790242047,5.148171695492906,0.2738779355749916,0.22596007309232016
2017-06-15,-74.91567790242047,5.148171695492906,0.3264353883684181,0.24687598861837673
2017-07-01,-74.91567790242047,5.148171695492906,0.39842776278610775,0.2796605900755562
2017-07-17,-74.91567790242047,5.148171695492906,0.4498377673102768,0.3429066127677827
2017-08-02,-74.91567790242047,5.148171695492906,0.5603797116542257,0.41769005967689926
2017-08-18,-74.91567790242047,5.148171695492906,0.6122399814394632,0.47060346740541836
2017-09-03,-74.91567790242047,5.148171695492906,0.6558692804583438,0.5066958105120163
2017-09-19,-74.91567790242047,5.148171695492906,0.7453881894313591,0.6111136680485275
2017-10-05,-74.91567790242047,5.148171695492906,0.7603666688444075,0.5611133655999431
2017-10-21,-74.91567790242047,5.148171695492906,0.8044118429865478,0.6196909656181536
2017-11-06,-74.91567790242047,5.148171695492906,0.7801370465076882,0.5770395313421652
2017-11-22,-74.91567790242047,5.148171695492906,0.7839940019658473,0.5714438166596922
2017-12-08,-74.91567790242047,5.148171695492906,0.7291514342132379,0.5486554310072972
2017-12-24,-74.91567790242047,5.148171695492906,0.7060291185243749,0.5174298665696904
2018-01-09,-74.91567790242047,5.148171695492906,0.5864318414464577,0.40149193173447906
2018-01-25,-74.91567790242047,5.148171695492906,0.5284177129153913,0.37004993032254474
2018-02-10,-74.91567790242047,5.148171695492906,0.47924958158122416,0.33565958311396604
2018-02-26,-74.91567790242047,5.148171695492906,0.4008039241915549,0.2851212254440252
2018-03-14,-74.91567790242047,5.148171695492906,0.34743447290383156,0.28702594130833614
2018-03-30,-74.91567790242047,5.148171695492906,0.3241560298540813,0.24343961069608105
2018-04-15,-74.91567790242047,5.148171695492906,0.273072716117821,0.19613988395590534
2018-05-01,-74.91567790242047,5.148171695492906,0.27908576810834407,0.22099770754830386
2018-05-17,-74.91567790242047,5.148171695492906,0.2642134268352472,0.19888968523872003
2018-06-02,-74.91567790242047,5.148171695492906,0.27042428930854595,0.2070524926648214
2018-06-18,-74.91567790242047,5.148171695492906,0.37168376146201576,0.27316144855889435
2018-07-04,-74.91567790242047,5.148171695492906,0.4514274678133138,0.32094583191126436
2018-07-20,-74.91567790242047,5.148171695492906,0.4869523338823457,0.36449775547844016
2018-08-05,-74.91567790242047,5.148171695492906,0.5518658444418642,0.41161293997130316
2018-08-21,-74.91567790242047,5.148171695492906,0.6256715112780331,0.48621280832779884
2018-09-06,-74.91567790242047,5.148171695492906,0.7138801695789956,0.5353651222941634
2018-09-22,-74.91567790242047,5.148171695492906,0.7538325408405333,0.5513390667050644
2018-10-08,-74.91567790242047,5.148171695492906,0.7885912345079469,0.5762035954044205
2018-10-24,-74.91567790242047,5.148171695492906,0.8126817693912289,0.6537241445912865
2018-11-09,-74.91567790242047,5.148171695492906,0.7865474247783637,0.5460596987676246
2018-11-25,-74.91567790242047,5.148171695492906,0.7568139401690585,0.5922479578125799
2018-12-11,-74.91567790242047,5.148171695492906,0.7398881234248852,0.5598943645421645
2018-12-27,-74.91567790242047,5.148171695492906,0.6952520694567477,0.5311281208775291
2019-01-12,-74.91567790242047,5.148171695492906,0.6349378613100034,0.49459186951544226
2019-01-28,-74.91567790242047,5.148171695492906,0.5706363404981993,0.4351531770517746
2019-02-13,-74.91567790242047,5.148171695492906,0.4873462636231548,0.35936715625565036
2019-03-01,-74.91567790242047,5.148171695492906,0.3910195641752583,0.3274000259398232
2019-03-17,-74.91567790242047,5.148171695492906,0.35093923675144056,0.279302038880828
2019-04-02,-74.91567790242047,5.148171695492906,0.3066690360331221,0.21827146400644232
2019-04-18,-74.91567790242047,5.148171695492906,0.2792034820941228,0.2381224919259464
2019-05-04,-74.91567790242047,5.148171695492906,0.28398911753789025,0.1787623749588085
2019-05-20,-74.91567790242047,5.148171695492906,0.28205061422437927,0.24718383652237869
2019-06-05,-74.91567790242047,5.148171695492906,0.3141059659617563,0.1995699006366336
2019-06-21,-74.91567790242047,5.148171695492906,0.4044102841775124,0.3169555633293902
2019-07-07,-74.91567790242047,5.148171695492906,0.42582650825877355,0.3119415264724388
2019-07-23,-74.91567790242047,5.148171695492906,0.5174873398801629,0.37727583690559835
2019-08-08,-74.91567790242047,5.148171695492906,0.5901828275766919,0.45348102639700405
2019-08-24,-74.91567790242047,5.148171695492906,0.6408720374067457,0.4835643241617712
2019-09-09,-74.91567790242047,5.148171695492906,0.6934397315604024,0.5409926010744872
2019-09-25,-74.91567790242047,5.148171695492906,0.7281975930910098,0.5137096922816532
2019-10-11,-74.91567790242047,5.148171695492906,0.7903023274186888,0.6053515121253595
2019-10-27,-74.91567790242047,5.148171695492906,0.8016205469554033,0.6093699776089132
2019-11-12,-74.91567790242047,5.148171695492906,0.780044727407517,0.6007831996433481
2019-11-28,-74.91567790242047,5.148171695492906,0.760840932933718,0.560888428483985
2019-12-14,-74.91567790242047,5.148171695492906,0.7135297699937154,0.5755601214708033
2019-12-30,-74.91567790242047,5.148171695492906,0.6289673846606111,0.48172130058137425
2020-01-15,-74.91567790242047,5.148171695492906,0.564096790622814,0.42090792620065104
2020-01-31,-74.91567790242047,5.148171695492906,0.5181056153499614,0.34687864557887343
2020-02-16,-74.91567790242047,5.148171695492906,0.46408979143814044,0.34046658233476146
2020-03-03,-74.91567790242047,5.148171695492906,0.34959958874975205,0.27899105337779906
2020-03-19,-74.91567790242047,5.148171695492906,0.36618143087678456,0.3044385600035199
2020-04-04,-74.91567790242047,5.148171695492906,0.30525928295093185,0.2298656249847412
2020-04-20,-74.91567790242047,5.148171695492906,0.3029135201069643,0.2608328117870252
2020-05-06,-74.91567790242047,5.148171695492906,0.2966014119162824,0.2036203068926158
2020-05-22,-74.91567790242047,5.148171695492906,0.2950284521473393,0.23006166199633304
2020-06-07,-74.91567790242047,5.148171695492906,0.2900857175166363,0.22695150132989272
2020-06-23,-74.91567790242047,5.148171695492906,0.4225601720192131,0.32971885233042564
2020-07-09,-74.91567790242047,5.148171695492906,0.46910557539282627,0.35548747614719384
2020-07-25,-74.91567790242047,5.148171695492906,0.5077104724003748,0.38840828210190065
2020-08-10,-74.91567790242047,5.148171695492906,0.5641545109417574,0.40384037946163026
2020-08-26,-74.91567790242047,5.148171695492906,0.6734775804890138,0.5325550322240907
2020-09-11,-74.91567790242047,5.148171695492906,0.6872921720466352,0.5348291051260537
2020-09-27,-74.91567790242047,5.148171695492906,0.7511755460924209,0.5701778310591242
2020-10-13,-74.91567790242047,5.148171695492906,0.7913046816533652,0.6133655206025103
2020-10-29,-74.91567790242047,5.148171695492906,0.7941252905674249,0.6237972078316073
2020-11-14,-74.91567790242047,5.148171695492906,0.7894330991018655,0.6045585097757897
2020-11-30,-74.91567790242047,5.148171695492906,0.7384522836151751,0.597012392925478
2020-12-16,-74.91567790242047,5.148171695492906,0.7196057927006432,0.5539642930323843
2021-01-01,-74.91567790242047,5.148171695492906,0.6236991165501607,0.45132029695103854
2021-01-17,-74.91567790242047,5.148171695492906,0.6137350802687469,0.46603913256741225
2021-02-02,-74.91567790242047,5.148171695492906,0.47955940066408037,0.38043534907773663
2021-02-18,-74.91567790242047,5.148171695492906,0.4369227894549348,0.35591843180873534
2021-03-06,-74.91567790242047,5.148171695492906,0.3823905278314775,0.29088702959401874
2021-03-22,-74.91567790242047,5.148171695492906,0.3552586197274428,0.24849410537848887
2021-04-07,-74.91567790242047,5.148171695492906,0.2744934826738576,0.20194014359743104
2021-04-23,-74.91567790242047,5.148171695492906,0.29151730655730956,0.19202043486571235
2021-05-09,-74.91567790242047,5.148171695492906,0.24164977282828423,0.197711748162089
2021-05-25,-74.91567790242047,5.148171695492906,0.2823979353121749,0.20395393122572553
2021-06-10,-74.91567790242047,5.148171695492906,0.29471279922759336,0.20745501313365539
2021-06-26,-74.91567790242047,5.148171695492906,0.384214995311448,0.3067688036360438
2021-07-12,-74.91567790242047,5.148171695492906,0.432626046637311,0.35761705738263316
2021-07-28,-74.91567790242047,5.148171695492906,0.5044101722420515,0.36464579314983514
2021-08-13,-74.91567790242047,5.148171695492906,0.6199848738715752,0.46921785845095976
2021-08-29,-74.91567790242047,5.148171695492906,0.6450570503509108,0.4806901251395712
2021-09-14,-74.91567790242047,5.148171695492906,0.7407022138168446,0.5848507167551471
2021-09-30,-74.91567790242047,5.148171695492906,0.7411937388652194,0.5550466279473324
2021-10-16,-74.91567790242047,5.148171695492906,0.7862588387786684,0.5699693268736694
2021-11-01,-74.91567790242047,5.148171695492906,0.791275601454941,0.5935631583002398
2021-11-17,-74.91567790242047,5.148171695492906,0.8035365434497073,0.6268009081535044
2021-12-03,-74.91567790242047,5.148171695492906,0.7437793906436256,0.5535554801055029
2021-12-19,-74.91567790242047,5.148171695492906,0.7168580770808395,0.5259397888320894
2022-01-04,-74.91567790242047,5.148171695492906,0.6556583323067189,0.48998561948265484
2022-01-20,-74.91567790242047,5.148171695492906,0.5564147954594574,0.3981743623370001
2022-02-05,-74.91567790242047,5.148171695492906,0.5333973224250539,0.39691956223592445
2022-02-21,-74.91567790242047,5.148171695492906,0.46803099536486537,0.3407505213093508
2022-03-09,-74.91567790242047,5.148171695492906,0.3791490195997059,0.3322152991601443
2022-03-25,-74.91567790242047,5.148171695492906,0.30227748055346665,0.18875182041710445
2022-04-10,-74.91567790242047,5.148171695492906,0.3150181471869604,0.21972742828235883
2022-04-26,-74.91567790242047,5.148171695492906,0.2730676267150996,0.19308235582729302
2022-05-12,-74.91567790242047,5.148171695492906,0.28256607857149674,0.1929138347849077
2022-05-28,-74.91567790242047,5.148171695492906,0.29657024862549397,0.23142399300025115
2022-06-13,-74.91567790242047,5.148171695492906,0.32048302196552136,0.22636058588122324
2022-06-29,-74.91567790242047,5.148171695492906,0.388644145859546,0.26290680071013395
2022-07-15,-74.91567790242047,5.148171695492906,0.4524039644724569,0.3416789041524007
2022-07-31,-74.91567790242047,5.148171695492906,0.5235286915282842,0.38721898878757866
2022-08-16,-74.91567790242047,5.148171695492906,0.6018604084536514,0.43828043709159226
2022-09-01,-74.91567790242047,5.148171695492906,0.6815603308648852,0.5398898106446994
2022-09-17,-74.91567790242047,5.148171695492906,0.7137379242576576,0.5450074078227973
2022-10-03,-74.91567790242047,5.148171695492906,0.7591578616230497,0.5766781431180574
2022-10-19,-74.91567790242047,5.148171695492906,0.8187437107295045,0.6242309739074903
2022-11-04,-74.91567790242047,5.148171695492906,0.756221178866687,0.5762457967789545
2022-11-20,-74.91567790242047,5.148171695492906,0.8010702998195338,0.5963708014646883
2022-12-06,-74.91567790242047,5.148171695492906,0.7626630487463526,0.5581949757367255
2022-12-22,-74.91567790242047,5.148171695492906,0.6635282238152665,0.5004695482381026
2023-01-07,-74.91567790242047,5.148171695492906,0.5964817102692551,0.4425658624440695
2023-01-23,-74.91567790242047,5.148171695492906,0.5882495253449836,0.4029918858938121
2023-02-08,-74.91567790242047,5.148171695492906,0.46556215460325223,0.32853097104920764
2023-02-24,-74.91567790242047,5.148171695492906,0.4216423716869911,0.30891744305231916
2023-03-12,-74.91567790242047,5.148171695492906,0.39090975030546954,0.3122692793109361
2023-03-28,-74.91567790242047,5.148171695492906,0.32563384551502117,0.24713799042314358
2023-04-13,-74.91567790242047,5.148171695492906,0.292735376460575,0.20231188523916377
2023-04-29,-74.91567790242047,5.148171695492906,0.2898245159750935,0.1951275018941361
2023-05-15,-74.91567790242047,5.148171695492906,0.29678345069411605,0.24631043806296365
2023-05-31,-74.91567790242047,5.148171695492906,0.3107173845812721,0.2295137772567146
2023-06-16,-74.91567790242047,5.148171695492906,0.3579671486671205,0.2112449940983269
2023-07-02,-74.91567790242047,5.148171695492906,0.4132274894076305,0.30765353709892673
2023-07-18,-74.91567790242047,5.148171695492906,0.47283820109807123,0.36875930108151
2023-08-03,-74.91567790242047,5.148171695492906,0.5434452971434607,0.38477983572457236
2023-08-19,-74.91567790242047,5.148171695492906,0.6122651195178309,0.46054994931998966
2023-09-04,-74.91567790242047,5.148171695492906,0.6813187089808256,0.5142274190813205
2023-09-20,-74.91567790242047,5.148171695492906,0.752689705424727,0.5427965880078623
2023-10-06,-74.91567790242047,5.148171695492906,0.7732676985114841,0.605749367855978
2023-10-22,-74.91567790242047,5.148171695492906,0.7550285896734308,0.5698643758706742
2023-11-07,-74.91567790242047,5.148171695492906,0.7785909860413873,0.5765290318415783
2023-11-23,-74.91567790242047,5.148171695492906,0.7533471978889342,0.5616193841026917
2023-12-09,-74.91567790242047,5.148171695492906,0.7714016478960842,0.5532626286985188
2023-12-25,-74.91567790242047,5.148171695492906,0.6590850073315087,0.4682750640953614
2024-01-10,-74.91567790242047,5.148171695492906,0.6536210724961511,0.4809690102616876
2024-01-26,-74.91567790242047,5.148171695492906,0.5486298007917689,0.4034166917717019
2024-02-11,-74.91567790242047,5.148171695492906,0.4590698373506921,0.3395993650807304
2024-02-27,-74.91567790242047,5.148171695492906,0.4600507205400403,0.37287945882451534
2024-03-14,-74.91567790242047,5.148171695492906,0.3359225309340329,0.2648933802617584
2024-03-30,-74.91567790242047,5.148171695492906,0.2919791087167479,0.18345697876063652
2024-04-15,-74.91567790242047,5.148171695492906,0.3015057197778623,0.24933114676626772
2024-05-01,-74.91567790242047,5.148171695492906,0.2934926972531421,0.2107222179554651
2024-05-17,-74.91567790242047,5.148171695492906,0.2802865530291863,0.2252102258450522
2024-06-02,-74.91567790242047,5.148171695492906,0.32126366789496835,0.2330750014952854
2024-06-18,-74.91567790242047,5.148171695492906,0.32737799474478363,0.24781099994142794
2024-07-04,-74.91567790242047,5.148171695492906,0.4406871969563802,0.306563631936602
2024-07-20,-74.91567790242047,5.148171695492906,0.49977792429875617,0.38146427712674097
2024-08-05,-74.91567790242047,5.148171695492906,0.5733314883033116,0.44743812622186385
2024-08-21,-74.91567790242047,5.148171695492906,0.6138183890739897,0.4280246038021933
2024-09-06,-74.91567790242047,5.148171695492906,0.6792399288616728,0.5272124929967947
2024-09-22,-74.91567790242047,5.148171695492906,0.7294073726797097,0.5331746630326295
2024-10-08,-74.91567790242047,5.148171695492906,0.7384975753590372,0.5889261326102967
2024-10-24,-74.91567790242047,5.148171695492906,0.8078419603947534,0.6212793899215604
2024-11-09,-74.91567790242047,5.148171695492906,0.8075747782440436,0.6172152509139007
2024-11-25,-74.91567790242047,5.148171695492906,0.7609499967518456,0.5674372154814402
2024-12-11,-74.91567790242047,5.148171695492906,0.7173126346690282,0.5906792910900711
2024-12-27,-74.91567790242047,5.148171695492906,0.6824337677037675,0.5025493169507969
2015-01-01,-74.7932331500387,4.946398572135852,0.789870182669063,0.6000980078858971
2015-01-17,-74.7932331500387,4.946398572135852,0.7631113335431304,0.5725495418544682
2015-02-02,-74.7932331500387,4.946398572135852,0.7372746328692386,0.5414220048733789
2015-02-18,-74.7932331500387,4.946398572135852,0.6928256238211852,0.5492110253389076
2015-03-06,-74.7932331500387,4.946398572135852,0.6520447970713332,0.47331767241584444
2015-03-22,-74.7932331500387,4.946398572135852,0.5888663727327379,0.4636571931634979
2015-04-07,-74.7932331500387,4.946398572135852,0.554405560634574,0.4270107540405757
2015-04-23,-74.7932331500387,4.946398572135852,0.4785630940507468,0.370389569941519
2015-05-09,-74.7932331500387,4.946398572135852,0.4190916994575611,0.3091264939662553
2015-05-25,-74.7932331500387,4.946398572135852,0.40893878491854385,0.32418964226728914
2015-06-10,-74.7932331500387,4.946398572135852,0.3400123557166584,0.2378987377293223
2015-06-26,-74.7932331500387,4.946398572135852,0.3467138622657739,0.2945580441927206
2015-07-12,-74.7932331500387,4.946398572135852,0.30703826656917627,0.2358453587182923
2015-07-28,-74.7932331500387,4.946398572135852,0.3344978974533731,0.23818680321951888
2015-08-13,-74.7932331500387,4.946398572135852,0.3860022789100918,0.28109154231383104
2015-08-29,-74.7932331500387,4.946398572135852,0.42613255329453087,0.3197435561784256
2015-09-14,-74.7932331500387,4.946398572135852,0.4785860883485759,0.3296904185643489
2015-09-30,-74.7932331500387,4.946398572135852,0.5623801774608082,0.4368425764385837
2015-10-16,-74.7932331500387,4.946398572135852,0.6218128930812278,0.43554497988563917
2015-11-01,-74.7932331500387,4.946398572135852,0.6653847204798687,0.5125581174760401
2015-11-17,-74.7932331500387,4.946398572135852,0.6854245300734633,0.5142518625187401
2015-12-03,-74.7932331500387,4.946398572135852,0.7390347398652322,0.5911190680702894
2015-12-19,-74.7932331500387,4.946398572135852,0.8011689360328387,0.567589574158025
2016-01-04,-74.7932331500387,4.946398572135852,0.8182768778976099,0.595403144000141
2016-01-20,-74.7932331500387,4.946398572135852,0.7777003730473713,0.6026852394028032
2016-02-05,-74.7932331500387,4.946398572135852,0.7126082135549074,0.5443215160429625
2016-02-21,-74.7932331500387,4.946398572135852,0.6914801241980831,0.5296966932412102
2016-03-08,-74.7932331500387,4.946398572135852,0.648958388030132,0.5106455807300039
2016-03-24,-74.7932331500387,4.946398572135852,0.5898876964972007,0.4390582909843743
2016-04-09,-74.7932331500387,4.946398572135852,0.5518751374767515,0.4255142724047357
2016-04-25,-74.7932331500387,4.946398572135852,0.4881078999994503,0.3527891915544158
2016-05-11,-74.7932331500387,4.946398572135852,0.4022855219100209,0.29035969856746163
2016-05-27,-74.7932331500387,4.946398572135852,0.37048512496752367,0.29358782909870107
2016-06-12,-74.7932331500387,4.946398572135852,0.3751607146553731,0.2782679302008818
2016-06-28,-74.7932331500387,4.946398572135852,0.3720825490423102,0.30643129965703525
2016-07-14,-74.7932331500387,4.946398572135852,0.3521568506080407,0.2476798025251697
2016-07-30,-74.7932331500387,4.946398572135852,0.39833436426545554,0.2975304261785235
2016-08-15,-74.7932331500387,4.946398572135852,0.4031285421860888,0.2955543061274352
2016-08-31,-74.7932331500387,4.946398572135852,0.428282008053794,0.2918387174340397
2016-09-16,-74.7932331500387,4.946398572135852,0.5124741200104506,0.3686875689299055
2016-10-02,-74.7932331500387,4.946398572135852,0.6189617393440641,0.44249983285579847
2016-10-18,-74.7932331500387,4.946398572135852,0.5904245420743404,0.4530211808680241
2016-11-03,-74.7932331500387,4.946398572135852,0.6994491017299584,0.5258786194363333
2016-11-19,-74.7932331500387,4.946398572135852,0.7250707380850212,0.5069321052145918
2016-12-05,-74.7932331500387,4.946398572135852,0.7329368113835144,0.5282302939548844
2016-12-21,-74.7932331500387,4.946398572135852,0.7270682386838375,0.5476407836933559
2017-01-06,-74.7932331500387,4.946398572135852,0.7231251523540809,0.5158999449438118
2017-01-22,-74.7932331500387,4.946398572135852,0.7449526951152434,0.542088804617411
2017-02-07,-74.7932331500387,4.946398572135852,0.7362663367525543,0.5583113564024653
2017-02-23,-74.7932331500387,4.946398572135852,0.7058447938376281,0.5444312700324747
2017-03-11,-74.7932331500387,4.946398572135852,0.6604478993357783,0.49529755650165264
2017-03-27,-74.7932331500387,4.946398572135852,0.5871904877697646,0.45062313986570723
2017-04-12,-74.7932331500387,4.946398572135852,0.5255303367707004,0.3862038663796838
2017-04-28,-74.7932331500387,4.946398572135852,0.4601150569872657,0.32873512477385
2017-05-14,-74.7932331500387,4.946398572135852,0.4259699558955485,0.31759716343995825
2017-05-30,-74.7932331500387,4.946398572135852,0.3654656311248694,0.2608543269571602
2017-06-15,-74.7932331500387,4.946398572135852,0.3290558509664111,0.26636871504955234
2017-07-01,-74.7932331500387,4.946398572135852,0.3446337506799515,0.24121931261849822
2017-07-17,-74.7932331500387,4.946398572135852,0.365061854295992,0.26258741452610657
2017-08-02,-74.7932331500387,4.946398572135852,0.342182880407901,0.27706160609030844
2017-08-18,-74.7932331500387,4.946398572135852,0.39497060902413333,0.2880499749639242
2017-09-03,-74.7932331500387,4.946398572135852,0.4532449759379759,0.36278551640928425
2017-09-19,-74.7932331500387,4.946398572135852,0.5073191213721965,0.35650699850624273
2017-10-05,-74.7932331500387,4.946398572135852,0.5759730045555701,0.4222799589314431
2017-10-21,-74.7932331500387,4.946398572135852,0.6603256254122135,0.49522182461920233
2017-11-06,-74.7932331500387,4.946398572135852,0.6303003887291716,0.4798725909899922
2017-11-22,-74.7932331500387,4.946398572135852,0.7573367103347001,0.5995209385219329
2017-12-08,-74.7932331500387,4.946398572135852,0.7862423362318973,0.5692865484662938
2017-12-24,-74.7932331500387,4.946398572135852,0.7844293419552948,0.5738821156717369
2018-01-09,-74.7932331500387,4.946398572135852,0.771371120429495,0.5530692917473266
2018-01-25,-74.7932331500387,4.946398572135852,0.7387785555705143,0.5405589827306134
2018-02-10,-74.7932331500387,4.946398572135852,0.7396515503270015,0.5707530451786442
2018-02-26,-74.7932331500387,4.946398572135852,0.6847205410316324,0.48653197741261656
2018-03-14,-74.7932331500387,4.946398572135852,0.6211494367256233,0.45093974788536295
2018-03-30,-74.7932331500387,4.946398572135852,0.5875731211241639,0.46424353789946665
2018-04-15,-74.7932331500387,4.946398572135852,0.5330160389181346,0.38465764080026055
2018-05-01,-74.7932331500387,4.946398572135852,0.4021118307287096,0.26624463508393115
2018-05-17,-74.7932331500387,4.946398572135852,0.43779957710542616,0.32032458404267317
2018-06-02,-74.7932331500387,4.946398572135852,0.3578507782927811,0.30124128958831053
2018-06-18,-74.7932331500387,4.946398572135852,0.37545196196412134,0.28207794591148677
2018-07-04,-74.7932331500387,4.946398572135852,0.3370618651685254,0.2501543746201315
2018-07-20,-74.7932331500387,4.946398572135852,0.35629618761414317,0.2992230863369995
2018-08-05,-74.7932331500387,4.946398572135852,0.38440203113860016,0.3028221040147329
2018-08-21,-74.7932331500387,4.946398572135852,0.43709036031189114,0.30442425021342995
2018-09-06,-74.7932331500387,4.946398572135852,0.4772611597439321,0.35205449471471684
2018-09-22,-74.7932331500387,4.946398572135852,0.46735474393053167,0.30795266710818253
2018-10-08,-74.7932331500387,4.946398572135852,0.555696132046424,0.4273965636066696
2018-10-24,-74.7932331500387,4.946398572135852,0.6351844919436934,0.48007570310128334
2018-11-09,-74.7932331500387,4.946398572135852,0.7229601074532727,0.5168382882927582
2018-11-25,-74.7932331500387,4.946398572135852,0.7247610867936768,0.549659525551534
2018-12-11,-74.7932331500387,4.946398572135852,0.739170151468907,0.5549441485033391
2018-12-27,-74.7932331500387,4.946398572135852,0.7355449760203413,0.5798568563607565
2019-01-12,-74.7932331500387,4.946398572135852,0.7515936718110914,0.6043232571538886
2019-01-28,-74.7932331500387,4.946398572135852,0.7464668629052267,0.5804112184869037
2019-02-13,-74.7932331500387,4.946398572135852,0.7135142009657104,0.5345207740790722
2019-03-01,-74.7932331500387,4.946398572135852,0.6583897336576526,0.49617477883056504
2019-03-17,-74.7932331500387,4.946398572135852,0.6233017504546587,0.45179114266269044
2019-04-02,-74.7932331500387,4.946398572135852,0.556698666416532,0.4053220224912567
2019-04-18,-74.7932331500387,4.946398572135852,0.5471896514378845,0.40859762318018095
2019-05-04,-74.7932331500387,4.946398572135852,0.47820925261887015,0.35474449284799886
2019-05-20,-74.7932331500387,4.946398572135852,0.40677248652124526,0.27865208345802855
2019-06-05,-74.7932331500387,4.946398572135852,0.35854758836364764,0.27312138468852065
2019-06-21,-74.7932331500387,4.946398572135852,0.3793019527841228,0.28891612014161755
2019-07-07,-74.7932331500387,4.946398572135852,0.3710402875617516,0.2910947978753721
2019-07-23,-74.7932331500387,4.946398572135852,0.3877068890535377,0.2895993224440522
2019-08-08,-74.7932331500387,4.946398572135852,0.4298762994202772,0.31269930050692546
2019-08-24,-74.7932331500387,4.946398572135852,0.40674684217176504,0.2808590746350431
2019-09-09,-74.7932331500387,4.946398572135852,0.5187764636969354,0.40547129922505953
2019-09-25,-74.7932331500387,4.946398572135852,0.5218539901533195,0.4163709465524595
2019-10-11,-74.7932331500387,4.946398572135852,0.6007211650396901,0.4898634232072794
2019-10-27,-74.7932331500387,4.946398572135852,0.6120874328627955,0.4537583724808115
2019-11-12,-74.7932331500387,4.946398572135852,0.6832891114306396,0.4729931800448077
2019-11-28,-74.7932331500387,4.946398572135852,0.7529291558947547,0.5592889358049988
2019-12-14,-74.7932331500387,4.946398572135852,0.7724322393706097,0.6265196182145495
2019-12-30,-74.7932331500387,4.946398572135852,0.7612720041471503,0.5625309434572198
2020-01-15,-74.7932331500387,4.946398572135852,0.7653813039313903,0.5937809250082109
2020-01-31,-74.7932331500387,4.946398572135852,0.7307204815308681,0.5354211292055084
2020-02-16,-74.7932331500387,4.946398572135852,0.7282003246830508,0.5537230299890489
2020-03-03,-74.7932331500387,4.946398572135852,0.6197570760991263,0.44030997108496256
2020-03-19,-74.7932331500387,4.946398572135852,0.6363628523830397,0.485310704948856
2020-04-04,-74.7932331500387,4.946398572135852,0.5329663542140265,0.3963165725158202
2020-04-20,-74.7932331500387,4.946398572135852,0.4909145735093636,0.382900597337626
2020-05-06,-74.7932331500387,4.946398572135852,0.4108305804923378,0.2913039525958442
2020-05-22,-74.7932331500387,4.946398572135852,0.39967656798365064,0.29776073437782896
2020-06-07,-74.7932331500387,4.946398572135852,0.374051933424853,0.25594880212144777
2020-06-23,-74.7932331500387,4.946398572135852,0.352712582642786,0.28636610936963897
2020-07-09,-74.7932331500387,4.946398572135852,0.3541044658647563,0.26836058419379905
2020-07-25,-74.7932331500387,4.946398572135852,0.35718193764373796,0.25118943017737344
2020-08-10,-74.7932331500387,4.946398572135852,0.38721409282381797,0.3156046866754716
2020-08-26,-74.7932331500387,4.946398572135852,0.4284230203755495,0.303521185494694
2020-09-11,-74.7932331500387,4.946398572135852,0.4725259363973863,0.35841145824355836
2020-09-27,-74.7932331500387,4.946398572135852,0.5319984104338498,0.40870487348665013
2020-10-13,-74.7932331500387,4.946398572135852,0.6082497639021555,0.47396698653470953
2020-10-29,-74.7932331500387,4.946398572135852,0.6814180768650391,0.5309807321362265
2020-11-14,-74.7932331500387,4.946398572135852,0.6820882951035516,0.49349553239613825
2020-11-30,-74.7932331500387,4.946398572135852,0.7361507996902765,0.5430895926229191
2020-12-16,-74.7932331500387,4.946398572135852,0.7380787374476068,0.5447252172022452
2021-01-01,-74.7932331500387,4.946398572135852,0.7590603714018195,0.5558583237561405
2021-01-17,-74.7932331500387,4.946398572135852,0.7549061439836375,0.5897486249940948
2021-02-02,-74.7932331500387,4.946398572135852,0.7423882156319654,0.6062273432450834
2021-02-18,-74.7932331500387,4.946398572135852,0.7052254561369722,0.5231177766239841
2021-03-06,-74.7932331500387,4.946398572135852,0.6542981873781337,0.4958534801024711
2021-03-22,-74.7932331500387,4.946398572135852,0.6078974038133893,0.49745727937722245
2021-04-07,-74.7932331500387,4.946398572135852,0.5239870186717331,0.4101711851673546
2021-04-23,-74.7932331500387,4.946398572135852,0.4878685299812251,0.33447944263450646
2021-05-09,-74.7932331500387,4.946398572135852,0.4473768975984693,0.3608851444149301
2021-05-25,-74.7932331500387,4.946398572135852,0.37239916709516035,0.27912069796353084
2021-06-10,-74.7932331500387,4.946398572135852,0.3251434673955204,0.21868147135295357
2021-06-26,-74.7932331500387,4.946398572135852,0.36550041076185075,0.2647969779512394
2021-07-12,-74.7932331500387,4.946398572135852,0.32317351035979536,0.2469693400590151
2021-07-28,-74.7932331500387,4.946398572135852,0.3515705154562156,0.25426145343665096
2021-08-13,-74.7932331500387,4.946398572135852,0.4080773677848747,0.2828233586599691
2021-08-29,-74.7932331500387,4.946398572135852,0.4187011678340784,0.31710747571853615
2021-09-14,-74.7932331500387,4.946398572135852,0.5086793954961516,0.40627275265191065
2021-09-30,-74.7932331500387,4.946398572135852,0.5334815508031202,0.41885870244073314
2021-10-16,-74.7932331500387,4.946398572135852,0.5892665610113662,0.47847410769666066
2021-11-01,-74.7932331500387,4.946398572135852,0.6367309369197912,0.5041177789056781
2021-11-17,-74.7932331500387,4.946398572135852,0.6929188493058804,0.5599540660753023
2021-12-03,-74.7932331500387,4.946398572135852,0.7531864873484891,0.5445695349232025
2021-12-19,-74.7932331500387,4.946398572135852,0.752234245701737,0.5797993083807776
2022-01-04,-74.7932331500387,4.946398572135852,0.7894512261353613,0.5906741077670318
2022-01-20,-74.7932331500387,4.946398572135852,0.758980072780092,0.5844021152379504
2022-02-05,-74.7932331500387,4.946398572135852,0.73515798663196,0.5254983927872025
2022-02-21,-74.7932331500387,4.946398572135852,0.6773713185906008,0.5127308878059839
2022-03-09,-74.7932331500387,4.946398572135852,0.6686545903124733,0.533810591217596
2022-03-25,-74.7932331500387,4.946398572135852,0.6039702940497086,0.4587235357580087
2022-04-10,-74.7932331500387,4.946398572135852,0.5449301305352574,0.3953625808973059
2022-04-26,-74.7932331500387,4.946398572135852,0.4704070129078683,0.33632264525411165
2022-05-12,-74.7932331500387,4.946398572135852,0.39821592532383615,0.3053329242256012
2022-05-28,-74.7932331500387,4.946398572135852,0.38661181881283035,0.30371191379980306
2022-06-13,-74.7932331500387,4.946398572135852,0.36656327026734103,0.27977533812698296
2022-06-29,-74.7932331500387,4.946398572135852,0.3545965019793742,0.2650937145599811
2022-07-15,-74.7932331500387,4.946398572135852,0.3555467001844779,0.25213713708463126
2022-07-31,-74.7932331500387,4.946398572135852,0.37422094978952736,0.29403406604786575
2022-08-16,-74.7932331500387,4.946398572135852,0.38721160969602525,0.2914453492518759
2022-09-01,-74.7932331500387,4.946398572135852,0.43360576438715076,0.31467418936004077
2022-09-17,-74.7932331500387,4.946398572135852,0.47731816643726166,0.38330412333127734
2022-10-03,-74.7932331500387,4.946398572135852,0.5790848182585285,0.44506229077844317
2022-10-19,-74.7932331500387,4.946398572135852,0.655016110612844,0.4874771690282652
2022-11-04,-74.7932331500387,4.946398572135852,0.7294980804528252,0.5425729720323544
2022-11-20,-74.7932331500387,4.946398572135852,0.718729756716396,0.531091759258493
2022-12-06,-74.7932331500387,4.946398572135852,0.7539335534985558,0.5821624636816418
2022-12-22,-74.7932331500387,4.946398572135852,0.7626908278217335,0.6075525178086525
2023-01-07,-74.7932331500387,4.946398572135852,0.7724619997220918,0.5847562075137729
2023-01-23,-74.7932331500387,4.946398572135852,0.7362323893248521,0.5605442734846467
2023-02-08,-74.7932331500387,4.946398572135852,0.7234886649479254,0.5304517041241984
2023-02-24,-74.7932331500387,4.946398572135852,0.6695491438542751,0.5555971254858401
2023-03-12,-74.7932331500387,4.946398572135852,0.6289685497072254,0.44258670386479365
2023-03-28,-74.7932331500387,4.946398572135852,0.563515621757765,0.4216053595287995
2023-04-13,-74.7932331500387,4.946398572135852,0.5300163674567062,0.40860820602703596
2023-04-29,-74.7932331500387,4.946398572135852,0.47698138873036106,0.3448388354150242
2023-05-15,-74.7932331500387,4.946398572135852,0.4215808607197875,0.29866445625762905
2023-05-31,-74.7932331500387,4.946398572135852,0.3643283951382897,0.2548921168637121
2023-06-16,-74.7932331500387,4.946398572135852,0.32839726873823377,0.2675821413308355
2023-07-02,-74.7932331500387,4.946398572135852,0.35672675130471493,0.2870783708780988
2023-07-18,-74.7932331500387,4.946398572135852,0.3505702371198666,0.2784638318172029
2023-08-03,-74.7932331500387,4.946398572135852,0.33691281609629786,0.26994636243313047
2023-08-19,-74.7932331500387,4.946398572135852,0.41187566592018193,0.32144894144311975
2023-09-04,-74.7932331500387,4.946398572135852,0.4632400165331047,0.3276889093090908
2023-09-20,-74.7932331500387,4.946398572135852,0.48053061761378213,0.3461568798866773
2023-10-06,-74.7932331500387,4.946398572135852,0.580052368046748,0.4488411043385689
2023-10-22,-74.7932331500387,4.946398572135852,0.5986765899146883,0.42938545508665193
2023-11-07,-74.7932331500387,4.946398572135852,0.6635529599214002,0.4905186187357138
2023-11-23,-74.7932331500387,4.946398572135852,0.6935412033120651,0.4917148671612462
2023-12-09,-74.7932331500387,4.946398572135852,0.7346686979971114,0.5527266002223337
2023-12-25,-74.7932331500387,4.946398572135852,0.7430895212748954,0.5550010707567361
2024-01-10,-74.7932331500387,4.946398572135852,0.7875656331175771,0.5646386300899127
2024-01-26,-74.7932331500387,4.946398572135852,0.7460791244390367,0.5800544780042929
2024-02-11,-74.7932331500387,4.946398572135852,0.7109965997390479,0.5217740559871176
2024-02-27,-74.7932331500387,4.946398572135852,0.6994515107238841,0.5184645914634821
2024-03-14,-74.7932331500387,4.946398572135852,0.6460118369823225,0.4930881855592858
2024-03-30,-74.7932331500387,4.946398572135852,0.5596655300503486,0.429342958149712
2024-04-15,-74.7932331500387,4.946398572135852,0.5147189258308492,0.40645685079318644
2024-05-01,-74.7932331500387,4.946398572135852,0.4427057277763049,0.33285341716786104
2024-05-17,-74.7932331500387,4.946398572135852,0.40549887871569845,0.3182071218695695
2024-06-02,-74.7932331500387,4.946398572135852,0.3505146965790678,0.28322556339905797
2024-06-18,-74.7932331500387,4.946398572135852,0.358558432881888,0.24258032318875705
2024-07-04,-74.7932331500387,4.946398572135852,0.3671774804948964,0.3200649719871269
2024-07-20,-74.7932331500387,4.946398572135852,0.37286490694485525,0.3081883755531708
2024-08-05,-74.7932331500387,4.946398572135852,0.37964734731584737,0.2515054120921153
2024-08-21,-74.7932331500387,4.946398572135852,0.3795719256655926,0.28978058512654964
2024-09-06,-74.7932331500387,4.946398572135852,0.45362860874899413,0.3219299309951986
2024-09-22,-74.7932331500387,4.946398572135852,0.5200317821841457,0.40233554239533503
2024-10-08,-74.7932331500387,4.946398572135852,0.5506470727794088,0.4040077521789489
2024-10-24,-74.7932331500387,4.946398572135852,0.6665086533556104,0.47837572241228027
2024-11-09,-74.7932331500387,4.946398572135852,0.7042416954691867,0.5184866563709101
2024-11-25,-74.7932331500387,4.946398572135852,0.7384143559769398,0.5757573171267621
2024-12-11,-74.7932331500387,4.946398572135852,0.7700284787458852,0.5957045511036915
2024-12-27,-74.7932331500387,4.946398572135852,0.7448392829646047,0.5809026563582795
2015-01-01,-74.88214382355704,4.668446112814715,0.6075422525654135,0.4286593411781458
2015-01-17,-74.88214382355704,4.668446112814715,0.7167160028808003,0.5412536937109785
2015-02-02,-74.88214382355704,4.668446112814715,0.7894498018440498,0.59119269269928
2015-02-18,-74.88214382355704,4.668446112814715,0.7928297220643408,0.6139448851683377
2015-03-06,-74.88214382355704,4.668446112814715,0.8511677446419936,0.6452158776299156
2015-03-22,-74.88214382355704,4.668446112814715,0.8636019845912248,0.6805875226480925
2015-04-07,-74.88214382355704,4.668446112814715,0.8559746964929918,0.6352324272876204
2015-04-23,-74.88214382355704,4.668446112814715,0.8518181416376022,0.6170199596864624
2015-05-09,-74.88214382355704,4.668446112814715,0.813447951432821,0.6423241731239655
2015-05-25,-74.88214382355704,4.668446112814715,0.7384306551380115,0.5617258477341431
2015-06-10,-74.88214382355704,4.668446112814715,0.623304672253338,0.46669992018030665
2015-06-26,-74.88214382355704,4.668446112814715,0.5960098576222728,0.4306374411684969
2015-07-12,-74.88214382355704,4.668446112814715,0.5475316074779483,0.40412383197598467
2015-07-28,-74.88214382355704,4.668446112814715,0.4513962831462909,0.3310033548639368
2015-08-13,-74.88214382355704,4.668446112814715,0.3564129421961549,0.24466997784557695
2015-08-29,-74.88214382355704,4.668446112814715,0.3690724767979518,0.2346053446608644
2015-09-14,-74.88214382355704,4.668446112814715,0.3083081114999172,0.22323668249914264
2015-09-30,-74.88214382355704,4.668446112814715,0.3529493558940219,0.2800840922304438
2015-10-16,-74.88214382355704,4.668446112814715,0.322453631302242,0.26793049741899255
2015-11-01,-74.88214382355704,4.668446112814715,0.35421453643751283,0.28584289840281474
2015-11-17,-74.88214382355704,4.668446112814715,0.39451219288136485,0.3173493012968068
2015-12-03,-74.88214382355704,4.668446112814715,0.4794990475915081,0.33905420087480564
2015-12-19,-74.88214382355704,4.668446112814715,0.5575078541827537,0.42367777423146963
2016-01-04,-74.88214382355704,4.668446112814715,0.6288862675920347,0.4827437708139325
2016-01-20,-74.88214382355704,4.668446112814715,0.7009542083330295,0.5381231041283993
2016-02-05,-74.88214382355704,4.668446112814715,0.7866280606497118,0.5887525843931252
2016-02-21,-74.88214382355704,4.668446112814715,0.820549590491578,0.6184430087839888
2016-03-08,-74.88214382355704,4.668446112814715,0.8745107907874523,0.6971190761452214
2016-03-24,-74.88214382355704,4.668446112814715,0.896384797677231,0.69180839725424
2016-04-09,-74.88214382355704,4.668446112814715,0.9323573196265391,0.7095871592552612
2016-04-25,-74.88214382355704,4.668446112814715,0.8526990206025665,0.653604566938358
2016-05-11,-74.88214382355704,4.668446112814715,0.7767533946729451,0.5736870132763336
2016-05-27,-74.88214382355704,4.668446112814715,0.725716482567444,0.5572396414699743
2016-06-12,-74.88214382355704,4.668446112814715,0.660849411639413,0.4984015272390458
2016-06-28,-74.88214382355704,4.668446112814715,0.609551238535242,0.47442644367551423
2016-07-14,-74.88214382355704,4.668446112814715,0.50878220723597,0.36818675348941304
2016-07-30,-74.88214382355704,4.668446112814715,0.465394693251518,0.3645238435568358
2016-08-15,-74.88214382355704,4.668446112814715,0.3529207532205795,0.258427486137269
2016-08-31,-74.88214382355704,4.668446112814715,0.34674226843324973,0.27563329566735795
2016-09-16,-74.88214382355704,4.668446112814715,0.33918637219111714,0.2600678991668473
2016-10-02,-74.88214382355704,4.668446112814715,0.3311001322917641,0.24960783526638614
2016-10-18,-74.88214382355704,4.668446112814715,0.3253072374063649,0.23875514023394862
2016-11-03,-74.88214382355704,4.668446112814715,0.3780698491997268,0.2828588018994233
2016-11-19,-74.88214382355704,4.668446112814715,0.3954681989229749,0.2886514824936426
2016-12-05,-74.88214382355704,4.668446112814715,0.5021943680572033,0.3710183762047885
2016-12-21,-74.88214382355704,4.668446112814715,0.5713076249670397,0.43824054614137153
2017-01-06,-74.88214382355704,4.668446112814715,0.6267187633466118,0.43747822823093463
2017-01-22,-74.88214382355704,4.668446112814715,0.7143793172561127,0.5510667760521204
2017-02-07,-74.88214382355704,4.668446112814715,0.8188172834333547,0.6297555273569109
2017-02-23,-74.88214382355704,4.668446112814715,0.805299564875371,0.5993273288689929
2017-03-11,-74.88214382355704,4.668446112814715,0.8715324176860498,0.6572011356030092
2017-03-27,-74.88214382355704,4.668446112814715,0.888664749116139,0.6481575829078889
2017-04-12,-74.88214382355704,4.668446112814715,0.8695351830305728,0.6605578438684521
2017-04-28,-74.88214382355704,4.668446112814715,0.8547129959346219,0.6249203836187106
2017-05-14,-74.88214382355704,4.668446112814715,0.783129512693646,0.5332707809187677
2017-05-30,-74.88214382355704,4.668446112814715,0.7149372132547137,0.5257146120816144
2017-06-15,-74.88214382355704,4.668446112814715,0.6345331879958184,0.47921213400151685
2017-07-01,-74.88214382355704,4.668446112814715,0.5770497975994634,0.3876030706480453
2017-07-17,-74.88214382355704,4.668446112814715,0.5071941180973237,0.3618291059572123
2017-08-02,-74.88214382355704,4.668446112814715,0.4444595179317421,0.30770761349423326
2017-08-18,-74.88214382355704,4.668446112814715,0.37949056186301955,0.2789546548195345
2017-09-03,-74.88214382355704,4.668446112814715,0.3455905495929402,0.26168685774773215
2017-09-19,-74.88214382355704,4.668446112814715,0.31452387174763263,0.2051674575298396
2017-10-05,-74.88214382355704,4.668446112814715,0.2911424028693582,0.20667906337017428
2017-10-21,-74.88214382355704,4.668446112814715,0.34246127484078315,0.24468099718660502
2017-11-06,-74.88214382355704,4.668446112814715,0.3962984239236502,0.291639399558504
2017-11-22,-74.88214382355704,4.668446112814715,0.42178497802526654,0.31077680765919174
2017-12-08,-74.88214382355704,4.668446112814715,0.5146985060262588,0.39252157389618575
2017-12-24,-74.88214382355704,4.668446112814715,0.6234414085329323,0.4542028695996308
2018-01-09,-74.88214382355704,4.668446112814715,0.6609873675080489,0.5042630045674252
2018-01-25,-74.88214382355704,4.668446112814715,0.7336892181562527,0.5402545506974165
2018-02-10,-74.88214382355704,4.668446112814715,0.7645859583480477,0.5632227775799755
2018-02-26,-74.88214382355704,4.668446112814715,0.8205937088346685,0.5809131480035259
2018-03-14,-74.88214382355704,4.668446112814715,0.8542290624885026,0.6197299624510479
2018-03-30,-74.88214382355704,4.668446112814715,0.8893551430560132,0.6790381940402956
2018-04-15,-74.88214382355704,4.668446112814715,0.846032353940297,0.6293196928439604
2018-05-01,-74.88214382355704,4.668446112814715,0.793292260692752,0.5850823965159102
2018-05-17,-74.88214382355704,4.668446112814715,0.7872373848745873,0.6069267964482224
2018-06-02,-74.88214382355704,4.668446112814715,0.700110399632301,0.5461198969347761
2018-06-18,-74.88214382355704,4.668446112814715,0.6103753156965697,0.4328289307895514
2018-07-04,-74.88214382355704,4.668446112814715,0.5779587219723851,0.4668914660505537
2018-07-20,-74.88214382355704,4.668446112814715,0.49926762076382913,0.3736438678421916
2018-08-05,-74.88214382355704,4.668446112814715,0.37929185247684777,0.24401994823676623
2018-08-21,-74.88214382355704,4.668446112814715,0.3727338531022281,0.2723891364352476
2018-09-06,-74.88214382355704,4.668446112814715,0.31213167893697513,0.23540941081933237
2018-09-22,-74.88214382355704,4.668446112814715,0.3205123185884813,0.2592725563121664
2018-10-08,-74.88214382355704,4.668446112814715,0.32597066014568077,0.2690458824759483
2018-10-24,-74.88214382355704,4.668446112814715,0.34911594339910756,0.25953025765318394
2018-11-09,-74.88214382355704,4.668446112814715,0.41470965122576653,0.29146342081849624
2018-11-25,-74.88214382355704,4.668446112814715,0.5095775671395607,0.3896883249180052
2018-12-11,-74.88214382355704,4.668446112814715,0.5316555295553015,0.40924356664592804
2018-12-27,-74.88214382355704,4.668446112814715,0.6378838261336824,0.494263017833714
2019-01-12,-74.88214382355704,4.668446112814715,0.6443421578677495,0.5113260260961622
2019-01-28,-74.88214382355704,4.668446112814715,0.7397908325662101,0.5569862258814441
2019-02-13,-74.88214382355704,4.668446112814715,0.7799632734556394,0.5954964954542075
2019-03-01,-74.88214382355704,4.668446112814715,0.8357915829301084,0.6288470799574508
2019-03-17,-74.88214382355704,4.668446112814715,0.8674771051469603,0.6891080848949372
2019-04-02,-74.88214382355704,4.668446112814715,0.916378813115161,0.6882143732406656
2019-04-18,-74.88214382355704,4.668446112814715,0.8605527344800743,0.6379456915330655
2019-05-04,-74.88214382355704,4.668446112814715,0.8442141296983374,0.6265821998670855
2019-05-20,-74.88214382355704,4.668446112814715,0.7595719673809356,0.5892508328090009
2019-06-05,-74.88214382355704,4.668446112814715,0.6902991282090007,0.5169692454677799
2019-06-21,-74.88214382355704,4.668446112814715,0.5947125584370867,0.4601182257302784
2019-07-07,-74.88214382355704,4.668446112814715,0.5882700526016479,0.4556270469072317
2019-07-23,-74.88214382355704,4.668446112814715,0.5054387258018157,0.3621570016278151
2019-08-08,-74.88214382355704,4.668446112814715,0.41683706360101713,0.2937645992133751
2019-08-24,-74.88214382355704,4.668446112814715,0.3574522950503429,0.2835334508348073
2019-09-09,-74.88214382355704,4.668446112814715,0.331707093191309,0.2205274994414573
2019-09-25,-74.88214382355704,4.668446112814715,0.29123683782507687,0.19080434973899216
2019-10-11,-74.88214382355704,4.668446112814715,0.33635150238119077,0.29354151749902646
2019-10-27,-74.88214382355704,4.668446112814715,0.38319762956060466,0.24947851818753225
2019-11-12,-74.88214382355704,4.668446112814715,0.43201879375541513,0.34274210365685426
2019-11-28,-74.88214382355704,4.668446112814715,0.4349710273742309,0.3201642381964632
2019-12-14,-74.88214382355704,4.668446112814715,0.5600034042187244,0.43101122338273906
2019-12-30,-74.88214382355704,4.668446112814715,0.5886193930321657,0.45367938789004814
2020-01-15,-74.88214382355704,4.668446112814715,0.6474696125773199,0.4811457659178457
2020-01-31,-74.88214382355704,4.668446112814715,0.7814219097331071,0.5864343166112568
2020-02-16,-74.88214382355704,4.668446112814715,0.8049926216999173,0.6215313913503849
2020-03-03,-74.88214382355704,4.668446112814715,0.8743958098243578,0.6819976512256074
2020-03-19,-74.88214382355704,4.668446112814715,0.8929278734769647,0.6913234009864664
2020-04-04,-74.88214382355704,4.668446112814715,0.889701935956059,0.6725870249493736
2020-04-20,-74.88214382355704,4.668446112814715,0.8555291194150911,0.6369016451793703
2020-05-06,-74.88214382355704,4.668446112814715,0.7888851799314279,0.5725576547721748
2020-05-22,-74.88214382355704,4.668446112814715,0.7506452791611644,0.5678130025629219
2020-06-07,-74.88214382355704,4.668446112814715,0.7162994904152381,0.5363886732539184
2020-06-23,-74.88214382355704,4.668446112814715,0.6319815271840218,0.4955724585166587
2020-07-09,-74.88214382355704,4.668446112814715,0.5306396208676476,0.40987351987813936
2020-07-25,-74.88214382355704,4.668446112814715,0.4584598682495091,0.37028761906870133
2020-08-10,-74.88214382355704,4.668446112814715,0.41423731372082523,0.2868683101968518
2020-08-26,-74.88214382355704,4.668446112814715,0.3577284539769326,0.3012585837191771
2020-09-11,-74.88214382355704,4.668446112814715,0.32218299208523027,0.25059154466582406
2020-09-27,-74.88214382355704,4.668446112814715,0.32852971061766556,0.22566482497995716
2020-10-13,-74.88214382355704,4.668446112814715,0.34074347350017437,0.22768090208443825
2020-10-29,-74.88214382355704,4.668446112814715,0.351072951696193,0.2848191731220286
2020-11-14,-74.88214382355704,4.668446112814715,0.4214237863289678,0.3099782835917953
2020-11-30,-74.88214382355704,4.668446112814715,0.4877461122559056,0.3646077392368266
2020-12-16,-74.88214382355704,4.668446112814715,0.5525574406593445,0.42755445102891115
2021-01-01,-74.88214382355704,4.668446112814715,0.6098710973227254,0.45821005110313784
2021-01-17,-74.88214382355704,4.668446112814715,0.6930236653894318,0.4880556815500688
2021-02-02,-74.88214382355704,4.668446112814715,0.7480531498999075,0.5924039913662072
2021-02-18,-74.88214382355704,4.668446112814715,0.8286274755695846,0.5949988406491606
2021-03-06,-74.88214382355704,4.668446112814715,0.8277680693182475,0.618582773986474
2021-03-22,-74.88214382355704,4.668446112814715,0.9077749038243449,0.6770960151721716
2021-04-07,-74.88214382355704,4.668446112814715,0.8996459840447361,0.6817731034499253
2021-04-23,-74.88214382355704,4.668446112814715,0.8590941767405738,0.6176062223693388
2021-05-09,-74.88214382355704,4.668446112814715,0.8255880192960642,0.6124923737265761
2021-05-25,-74.88214382355704,4.668446112814715,0.7655017474241039,0.5578429109283557
2021-06-10,-74.88214382355704,4.668446112814715,0.6818343669243073,0.5184158342719831
2021-06-26,-74.88214382355704,4.668446112814715,0.5991900370092795,0.45748343161868277
2021-07-12,-74.88214382355704,4.668446112814715,0.5205746565815275,0.37744979737532003
2021-07-28,-74.88214382355704,4.668446112814715,0.48705550054404195,0.3862706827352603
2021-08-13,-74.88214382355704,4.668446112814715,0.3795319647304929,0.2960178596597619
2021-08-29,-74.88214382355704,4.668446112814715,0.3349970299815244,0.22755407961289684
2021-09-14,-74.88214382355704,4.668446112814715,0.34431060732021085,0.22415096297721002
2021-09-30,-74.88214382355704,4.668446112814715,0.3366140368197214,0.24740608136332987
2021-10-16,-74.88214382355704,4.668446112814715,0.32936610978169345,0.2552196067287359
2021-11-01,-74.88214382355704,4.668446112814715,0.38064882908742026,0.268959758278987
2021-11-17,-74.88214382355704,4.668446112814715,0.43604424997482644,0.3293005982416243
2021-12-03,-74.88214382355704,4.668446112814715,0.462500624643567,0.34347797881108044
2021-12-19,-74.88214382355704,4.668446112814715,0.5894763067554586,0.4756391260315078
2022-01-04,-74.88214382355704,4.668446112814715,0.6531282053547225,0.4660392842526745
2022-01-20,-74.88214382355704,4.668446112814715,0.7224262240554286,0.5588368861187553
2022-02-05,-74.88214382355704,4.668446112814715,0.7922977790753543,0.6099224200802741
2022-02-21,-74.88214382355704,4.668446112814715,0.8366424983238477,0.6260336269662748
2022-03-09,-74.88214382355704,4.668446112814715,0.8513383660086979,0.6005450641364934
2022-03-25,-74.88214382355704,4.668446112814715,0.8843892245755344,0.6670129753046946
2022-04-10,-74.88214382355704,4.668446112814715,0.8817385925858298,0.6345530705735145
2022-04-26,-74.88214382355704,4.668446112814715,0.8559064841626337,0.6830207650143909
2022-05-12,-74.88214382355704,4.668446112814715,0.7985017168402685,0.5976429812460706
2022-05-28,-74.88214382355704,4.668446112814715,0.7420199150230048,0.5971616767614604
2022-06-13,-74.88214382355704,4.668446112814715,0.6438599476498391,0.48695909940525745
2022-06-29,-74.88214382355704,4.668446112814715,0.5718089976863198,0.41791665384783994
2022-07-15,-74.88214382355704,4.668446112814715,0.5110248211391561,0.4102150806866383
2022-07-31,-74.88214382355704,4.668446112814715,0.478709010632229,0.3679946008667059
2022-08-16,-74.88214382355704,4.668446112814715,0.3775139951260174,0.33299027367728345
2022-09-01,-74.88214382355704,4.668446112814715,0.33488086956632407,0.2397379338875483
2022-09-17,-74.88214382355704,4.668446112814715,0.28548548140074714,0.24203594243545523
2022-10-03,-74.88214382355704,4.668446112814715,0.33876009351201286,0.30242618085633854
2022-10-19,-74.88214382355704,4.668446112814715,0.3109938041256136,0.2624087692437924
2022-11-04,-74.88214382355704,4.668446112814715,0.3790927358342472,0.3004415562116881
2022-11-20,-74.88214382355704,4.668446112814715,0.40022411418975495,0.32952972209562215
2022-12-06,-74.88214382355704,4.668446112814715,0.5168005900220568,0.3868222418208182
2022-12-22,-74.88214382355704,4.668446112814715,0.5891463546304938,0.4265498599520254
2023-01-07,-74.88214382355704,4.668446112814715,0.6414456497405505,0.47181534503290495
2023-01-23,-74.88214382355704,4.668446112814715,0.6885981511747784,0.5336837832651512
2023-02-08,-74.88214382355704,4.668446112814715,0.8124566458334044,0.5953156013797763
2023-02-24,-74.88214382355704,4.668446112814715,0.8441677567350119,0.6278150080586741
2023-03-12,-74.88214382355704,4.668446112814715,0.874292987411058,0.6431681957340729
2023-03-28,-74.88214382355704,4.668446112814715,0.8602267644387688,0.6662115710495514
2023-04-13,-74.88214382355704,4.668446112814715,0.8656630984235296,0.6896895028347168
2023-04-29,-74.88214382355704,4.668446112814715,0.8366152249897589,0.6089398579353094
2023-05-15,-74.88214382355704,4.668446112814715,0.8110354263511599,0.6208925730462902
2023-05-31,-74.88214382355704,4.668446112814715,0.7376089319339316,0.5770187125278071
2023-06-16,-74.88214382355704,4.668446112814715,0.637138800968,0.47530903454629425
2023-07-02,-74.88214382355704,4.668446112814715,0.5699309524620072,0.401633283608193
2023-07-18,-74.88214382355704,4.668446112814715,0.49308728571162364,0.3965430534412542
2023-08-03,-74.88214382355704,4.668446112814715,0.43559261102855046,0.2997732317145131
2023-08-19,-74.88214382355704,4.668446112814715,0.3447927141535065,0.2918900567900953
2023-09-04,-74.88214382355704,4.668446112814715,0.33588487197881284,0.23896544987007728
2023-09-20,-74.88214382355704,4.668446112814715,0.31359222526253466,0.20564801386055434
2023-10-06,-74.88214382355704,4.668446112814715,0.34991737952540625,0.2545769758923341
2023-10-22,-74.88214382355704,4.668446112814715,0.37200986436898753,0.28004043256568695
2023-11-07,-74.88214382355704,4.668446112814715,0.41553243385942756,0.3167832153754324
2023-11-23,-74.88214382355704,4.668446112814715,0.46217287001712115,0.3610115134346076
2023-12-09,-74.88214382355704,4.668446112814715,0.5272422300720335,0.4023903620976793
2023-12-25,-74.88214382355704,4.668446112814715,0.5860376391513076,0.47783692319493787
2024-01-10,-74.88214382355704,4.668446112814715,0.6490013538740814,0.4868371682524243
2024-01-26,-74.88214382355704,4.668446112814715,0.7386478482345211,0.5620347012427612
2024-02-11,-74.88214382355704,4.668446112814715,0.790367368029094,0.5990704521336122
2024-02-27,-74.88214382355704,4.668446112814715,0.8410146683883547,0.599121950942508
2024-03-14,-74.88214382355704,4.668446112814715,0.8714203224390271,0.6315539351686673
2024-03-30,-74.88214382355704,4.668446112814715,0.8427592959501856,0.6348069383764269
2024-04-15,-74.88214382355704,4.668446112814715,0.8723336860908356,0.6647842254102183
2024-05-01,-74.88214382355704,4.668446112814715,0.8390807178195641,0.5906587579458609
2024-05-17,-74.88214382355704,4.668446112814715,0.7483367325875799,0.6007229781769583
2024-06-02,-74.88214382355704,4.668446112814715,0.6890245886542657,0.5289852621134331
2024-06-18,-74.88214382355704,4.668446112814715,0.6221777969960404,0.4682268025323815
2024-07-04,-74.88214382355704,4.668446112814715,0.5463175363775025,0.4209689753755197
2024-07-20,-74.88214382355704,4.668446112814715,0.48770188070164666,0.3568106150533503
2024-08-05,-74.88214382355704,4.668446112814715,0.3984439202189356,0.30418842411405195
2024-08-21,-74.88214382355704,4.668446112814715,0.34311008301675266,0.2658821831049813
2024-09-06,-74.88214382355704,4.668446112814715,0.3851734910634425,0.3158835193228221
2024-09-22,-74.88214382355704,4.668446112814715,0.33226962988028735,0.24749007645539256
2024-10-08,-74.88214382355704,4.668446112814715,0.28547725711675603,0.18766221491956334
2024-10-24,-74.88214382355704,4.668446112814715,0.3768699151565255,0.26685731476489855
2024-11-09,-74.88214382355704,4.668446112814715,0.3827704489724523,0.2837648272156588
2024-11-25,-74.88214382355704,4.668446112814715,0.4362026859434643,0.3026166397665655
2024-12-11,-74.88214382355704,4.668446112814715,0.5276941546581622,0.3779400269001809
2024-12-27,-74.88214382355704,4.668446112814715,0.5903434821550583,0.42713379109335353
2015-01-01,-75.08369625799672,4.859816502907585,0.8380175452363423,0.6379221660386603
2015-01-17,-75.08369625799672,4.859816502907585,0.895106077218938,0.6683880879240314
2015-02-02,-75.08369625799672,4.859816502907585,0.8986609704308803,0.6583599232284938
2015-02-18,-75.08369625799672,4.859816502907585,0.8711351965752554,0.6687343474707778
2015-03-06,-75.08369625799672,4.859816502907585,0.8651969080059618,0.6580036497728028
2015-03-22,-75.08369625799672,4.859816502907585,0.8089295775809192,0.6076212487019885
2015-04-07,-75.08369625799672,4.859816502907585,0.7473145173023523,0.5791880631972199
2015-04-23,-75.08369625799672,4.859816502907585,0.6700151603118831,0.5004958119149926
2015-05-09,-75.08369625799672,4.859816502907585,0.5924161402265786,0.4488813188045804
2015-05-25,-75.08369625799672,4.859816502907585,0.49125769736512226,0.3740850308405393
2015-06-10,-75.08369625799672,4.859816502907585,0.40502022034503443,0.28905012545376946
2015-06-26,-75.08369625799672,4.859816502907585,0.34903278331721055,0.3186804753860607
2015-07-12,-75.08369625799672,4.859816502907585,0.2807967353658232,0.21201744583286639
2015-07-28,-75.08369625799672,4.859816502907585,0.25453791374828016,0.18114303727997144
2015-08-13,-75.08369625799672,4.859816502907585,0.29327468042001,0.2064965899604582
2015-08-29,-75.08369625799672,4.859816502907585,0.2756631784654816,0.17499752737448518
2015-09-14,-75.08369625799672,4.859816502907585,0.31487145303975,0.20198559192074553
2015-09-30,-75.08369625799672,4.859816502907585,0.40627542937786687,0.36070051647014634
2015-10-16,-75.08369625799672,4.859816502907585,0.46386269073627884,0.3145618593924044
2015-11-01,-75.08369625799672,4.859816502907585,0.5748480898914861,0.41659756824001143
2015-11-17,-75.08369625799672,4.859816502907585,0.6701251710051067,0.49695329729803117
2015-12-03,-75.08369625799672,4.859816502907585,0.7138502687068252,0.5318285504152052
2015-12-19,-75.08369625799672,4.859816502907585,0.8128411115345736,0.605082421035817
2016-01-04,-75.08369625799672,4.859816502907585,0.8424336082968888,0.6278485741630891
2016-01-20,-75.08369625799672,4.859816502907585,0.8609749872022647,0.6536718724475782
2016-02-05,-75.08369625799672,4.859816502907585,0.8615167113871205,0.63725510445303
2016-02-21,-75.08369625799672,4.859816502907585,0.8992561883395749,0.6805031069133355
2016-03-08,-75.08369625799672,4.859816502907585,0.8596639657532716,0.6434470608605776
2016-03-24,-75.08369625799672,4.859816502907585,0.8147430239815231,0.6295512519215382
2016-04-09,-75.08369625799672,4.859816502907585,0.727722729355219,0.5643429625626851
2016-04-25,-75.08369625799672,4.859816502907585,0.6506902686095195,0.4792284311902018
2016-05-11,-75.08369625799672,4.859816502907585,0.5213813835056981,0.399443280146126
2016-05-27,-75.08369625799672,4.859816502907585,0.4740444510527764,0.3773427781123536
2016-06-12,-75.08369625799672,4.859816502907585,0.36796304728739015,0.2578436642799994
2016-06-28,-75.08369625799672,4.859816502907585,0.3339194612855512,0.2490162561871017
2016-07-14,-75.08369625799672,4.859816502907585,0.24417464718326068,0.19063314866252934
2016-07-30,-75.08369625799672,4.859816502907585,0.22437500806401395,0.14937612501054295
2016-08-15,-75.08369625799672,4.859816502907585,0.29189864030060464,0.25542156058159576
2016-08-31,-75.08369625799672,4.859816502907585,0.2676419613404705,0.194143640257099
2016-09-16,-75.08369625799672,4.859816502907585,0.3415040445223974,0.2917525719434294
2016-10-02,-75.08369625799672,4.859816502907585,0.3974263175167854,0.2885320576769235
2016-10-18,-75.08369625799672,4.859816502907585,0.5178030562943275,0.3808565091663805
2016-11-03,-75.08369625799672,4.859816502907585,0.5877339367366301,0.41125759325022404
2016-11-19,-75.08369625799672,4.859816502907585,0.6567254972357446,0.45935218616028034
2016-12-05,-75.08369625799672,4.859816502907585,0.7197529323098459,0.5565987263354297
2016-12-21,-75.08369625799672,4.859816502907585,0.8083419837105752,0.5998743729718718
2017-01-06,-75.08369625799672,4.859816502907585,0.8428459000299016,0.6277213035576005
2017-01-22,-75.08369625799672,4.859816502907585,0.895092352716665,0.690977588666734
2017-02-07,-75.08369625799672,4.859816502907585,0.8444111515602113,0.6166731401849023
2017-02-23,-75.08369625799672,4.859816502907585,0.8839435100744047,0.6609803702365579
2017-03-11,-75.08369625799672,4.859816502907585,0.8498977194443302,0.6427740953057788
2017-03-27,-75.08369625799672,4.859816502907585,0.7769572761299821,0.572180893177743
2017-04-12,-75.08369625799672,4.859816502907585,0.7039554820739321,0.5509414585519039
2017-04-28,-75.08369625799672,4.859816502907585,0.6102151842380583,0.45640525371566465
2017-05-14,-75.08369625799672,4.859816502907585,0.5410238122960205,0.4369748778195045
2017-05-30,-75.08369625799672,4.859816502907585,0.44696001100454325,0.3543961413736266
2017-06-15,-75.08369625799672,4.859816502907585,0.4026840890192855,0.30073798146465114
2017-07-01,-75.08369625799672,4.859816502907585,0.3140252969037533,0.22893789923685065
2017-07-17,-75.08369625799672,4.859816502907585,0.2729434380921637,0.22179237578065944
2017-08-02,-75.08369625799672,4.859816502907585,0.26515419900253634,0.20357144343529965
2017-08-18,-75.08369625799672,4.859816502907585,0.2444786370972897,0.1640091762754626
2017-09-03,-75.08369625799672,4.859816502907585,0.339790015166199,0.2512859968688755
2017-09-19,-75.08369625799672,4.859816502907585,0.33259569412332346,0.27806875390427854
2017-10-05,-75.08369625799672,4.859816502907585,0.42227215118445055,0.32826721172562834
2017-10-21,-75.08369625799672,4.859816502907585,0.49462763871643023,0.36459726722578656
2017-11-06,-75.08369625799672,4.859816502907585,0.5808699266339863,0.40799768156951716
2017-11-22,-75.08369625799672,4.859816502907585,0.6689480010114992,0.5076316622994768
2017-12-08,-75.08369625799672,4.859816502907585,0.7872161545542313,0.5921320972157778
2017-12-24,-75.08369625799672,4.859816502907585,0.7700862529064174,0.5756849810241206
2018-01-09,-75.08369625799672,4.859816502907585,0.9201677089732365,0.7074531064296281
2018-01-25,-75.08369625799672,4.859816502907585,0.8761484605782098,0.6689334757222685
2018-02-10,-75.08369625799672,4.859816502907585,0.8808609132275538,0.6335695345297282
2018-02-26,-75.08369625799672,4.859816502907585,0.8681636717576298,0.6529532826029995
2018-03-14,-75.08369625799672,4.859816502907585,0.7947633750997193,0.5730893455140167
2018-03-30,-75.08369625799672,4.859816502907585,0.7703699049456155,0.5696139651894326
2018-04-15,-75.08369625799672,4.859816502907585,0.7015743478322771,0.5018873943280366
2018-05-01,-75.08369625799672,4.859816502907585,0.622799132096114,0.4434241671308816
2018-05-17,-75.08369625799672,4.859816502907585,0.5539536971752744,0.38115010719388953
2018-06-02,-75.08369625799672,4.859816502907585,0.41616321756066554,0.32046982923113576
2018-06-18,-75.08369625799672,4.859816502907585,0.3988104762510604,0.30540871791061874
2018-07-04,-75.08369625799672,4.859816502907585,0.32035501055431215,0.24061699594919528
2018-07-20,-75.08369625799672,4.859816502907585,0.2524561003441886,0.17953930829335388
2018-08-05,-75.08369625799672,4.859816502907585,0.2356685922239557,0.15117724481242936
2018-08-21,-75.08369625799672,4.859816502907585,0.27888677183479504,0.18670151923433706
2018-09-06,-75.08369625799672,4.859816502907585,0.31138511522642004,0.2075023813753931
2018-09-22,-75.08369625799672,4.859816502907585,0.36568746678591696,0.2644919487101785
2018-10-08,-75.08369625799672,4.859816502907585,0.4591530731084664,0.3508391827429311
2018-10-24,-75.08369625799672,4.859816502907585,0.5381207787572624,0.38847764973944293
2018-11-09,-75.08369625799672,4.859816502907585,0.6018254636266869,0.4317473545576896
2018-11-25,-75.08369625799672,4.859816502907585,0.6780604405468051,0.5033032459552113
2018-12-11,-75.08369625799672,4.859816502907585,0.7493228587042476,0.5376820868512718
2018-12-27,-75.08369625799672,4.859816502907585,0.7991120268189822,0.5525390578000887
2019-01-12,-75.08369625799672,4.859816502907585,0.8510427270561763,0.6508319232255692
2019-01-28,-75.08369625799672,4.859816502907585,0.8628557535485927,0.6197793582363784
2019-02-13,-75.08369625799672,4.859816502907585,0.9294606921065252,0.6843655980829287
2019-03-01,-75.08369625799672,4.859816502907585,0.8751307429756752,0.6691944001617662
2019-03-17,-75.08369625799672,4.859816502907585,0.835157040962411,0.5959214961096471
2019-04-02,-75.08369625799672,4.859816502907585,0.7521397332510876,0.5317402545479479
2019-04-18,-75.08369625799672,4.859816502907585,0.7271102003056568,0.5134351449489306
2019-05-04,-75.08369625799672,4.859816502907585,0.5711417483773686,0.40754429418619637
2019-05-20,-75.08369625799672,4.859816502907585,0.47506111422011227,0.3833477138602151
2019-06-05,-75.08369625799672,4.859816502907585,0.4718861916458594,0.34439966134814215
2019-06-21,-75.08369625799672,4.859816502907585,0.32716674336107426,0.20063654754628527
2019-07-07,-75.08369625799672,4.859816502907585,0.2957923959271446,0.21551698848212958
2019-07-23,-75.08369625799672,4.859816502907585,0.255697150644092,0.19620036806259358
2019-08-08,-75.08369625799672,4.859816502907585,0.2680327405822192,0.20748622059542243
2019-08-24,-75.08369625799672,4.859816502907585,0.2692185026790743,0.1798814404178205
2019-09-09,-75.08369625799672,4.859816502907585,0.3271131382350426,0.24558512886471257
2019-09-25,-75.08369625799672,4.859816502907585,0.38977908832615776,0.30813582723406296
2019-10-11,-75.08369625799672,4.859816502907585,0.4173637544846252,0.28433837171431686
2019-10-27,-75.08369625799672,4.859816502907585,0.5144846314337558,0.36473816540950343
2019-11-12,-75.08369625799672,4.859816502907585,0.6321895921691458,0.48116838764661773
2019-11-28,-75.08369625799672,4.859816502907585,0.7236549176638146,0.5506709245960794
2019-12-14,-75.08369625799672,4.859816502907585,0.7811521807670849,0.6098587311821971
2019-12-30,-75.08369625799672,4.859816502907585,0.8467261051466528,0.636406598128744
2020-01-15,-75.08369625799672,4.859816502907585,0.9077879331860903,0.6831445675526235
2020-01-31,-75.08369625799672,4.859816502907585,0.8903551735897491,0.6510099150167589
2020-02-16,-75.08369625799672,4.859816502907585,0.9048046999060786,0.7033445357664084
2020-03-03,-75.08369625799672,4.859816502907585,0.8605032498872567,0.6715357498910393
2020-03-19,-75.08369625799672,4.859816502907585,0.7715574571054428,0.5775590253329238
2020-04-04,-75.08369625799672,4.859816502907585,0.7420816700167671,0.5420213650644283
2020-04-20,-75.08369625799672,4.859816502907585,0.7101012082240853,0.5312520535142887
2020-05-06,-75.08369625799672,4.859816502907585,0.5674895915851493,0.4261364359575321
2020-05-22,-75.08369625799672,4.859816502907585,0.4490295721134731,0.3215748205782065
2020-06-07,-75.08369625799672,4.859816502907585,0.42893863534856747,0.30912506941277007
2020-06-23,-75.08369625799672,4.859816502907585,0.32564704763219654,0.27042579845443543
2020-07-09,-75.08369625799672,4.859816502907585,0.3197973785094204,0.25018784332528815
2020-07-25,-75.08369625799672,4.859816502907585,0.256185926712254,0.18735002373186405
2020-08-10,-75.08369625799672,4.859816502907585,0.24511788028988435,0.16394294783684035
2020-08-26,-75.08369625799672,4.859816502907585,0.26014989440094477,0.1827513326650044
2020-09-11,-75.08369625799672,4.859816502907585,0.3026105118754069,0.1956837815356922
2020-09-27,-75.08369625799672,4.859816502907585,0.3892029130834678,0.29659409643046963
2020-10-13,-75.08369625799672,4.859816502907585,0.49494713146949965,0.3578435812350307
2020-10-29,-75.08369625799672,4.859816502907585,0.5518383973931758,0.42013304963037784
2020-11-14,-75.08369625799672,4.859816502907585,0.6282871020208725,0.4861019982906479
2020-11-30,-75.08369625799672,4.859816502907585,0.7321863115064647,0.5556879555337993
2020-12-16,-75.08369625799672,4.859816502907585,0.7844765599670626,0.5812068178042062
2021-01-01,-75.08369625799672,4.859816502907585,0.8162275426295446,0.5960523013998046
2021-01-17,-75.08369625799672,4.859816502907585,0.8693019698697516,0.629497042153725
2021-02-02,-75.08369625799672,4.859816502907585,0.9058472942522232,0.7033180280689076
2021-02-18,-75.08369625799672,4.859816502907585,0.8701876087919629,0.6583095353088648
2021-03-06,-75.08369625799672,4.859816502907585,0.8356158439644752,0.6206134395545732
2021-03-22,-75.08369625799672,4.859816502907585,0.7895058990228532,0.6041673372392687
2021-04-07,-75.08369625799672,4.859816502907585,0.7198105160090534,0.5600910952809229
2021-04-23,-75.08369625799672,4.859816502907585,0.6468761847348262,0.472165064359223
2021-05-09,-75.08369625799672,4.859816502907585,0.5396101803814987,0.40977172549203095
2021-05-25,-75.08369625799672,4.859816502907585,0.4965145415583299,0.3778523312994849
2021-06-10,-75.08369625799672,4.859816502907585,0.4448567195236394,0.3622382886921379
2021-06-26,-75.08369625799672,4.859816502907585,0.32885521125597367,0.24028085976583885
2021-07-12,-75.08369625799672,4.859816502907585,0.2976865712513319,0.20650454482998523
2021-07-28,-75.08369625799672,4.859816502907585,0.28678778516587516,0.22232284931127805
2021-08-13,-75.08369625799672,4.859816502907585,0.2675148690748072,0.21437522516152172
2021-08-29,-75.08369625799672,4.859816502907585,0.31960138560019,0.2431201462438926
2021-09-14,-75.08369625799672,4.859816502907585,0.3277628801131673,0.27599655255132705
2021-09-30,-75.08369625799672,4.859816502907585,0.412990343713451,0.3033231609774138
2021-10-16,-75.08369625799672,4.859816502907585,0.47129999558246966,0.3573826150056282
2021-11-01,-75.08369625799672,4.859816502907585,0.564084355494991,0.395931269602461
2021-11-17,-75.08369625799672,4.859816502907585,0.6132885402380047,0.4422186047384544
2021-12-03,-75.08369625799672,4.859816502907585,0.707191813628254,0.5175173799417404
2021-12-19,-75.08369625799672,4.859816502907585,0.81037978915765,0.6044062587417427
2022-01-04,-75.08369625799672,4.859816502907585,0.8562959944529667,0.6177359276388799
2022-01-20,-75.08369625799672,4.859816502907585,0.8771792468338635,0.6696295883602944
2022-02-05,-75.08369625799672,4.859816502907585,0.9091502924275547,0.667371242756908
2022-02-21,-75.08369625799672,4.859816502907585,0.8873017318905511,0.7094532559875599
2022-03-09,-75.08369625799672,4.859816502907585,0.8475055957084311,0.6217654578584745
2022-03-25,-75.08369625799672,4.859816502907585,0.7878728525745696,0.5927481815814638
2022-04-10,-75.08369625799672,4.859816502907585,0.7157765416564545,0.5362053122288108
2022-04-26,-75.08369625799672,4.859816502907585,0.6068128615827111,0.4358570366853143
2022-05-12,-75.08369625799672,4.859816502907585,0.5452726569980948,0.40564913334812236
2022-05-28,-75.08369625799672,4.859816502907585,0.4517988809389478,0.33530888898268213
2022-06-13,-75.08369625799672,4.859816502907585,0.3879097698965801,0.3087205965529256
2022-06-29,-75.08369625799672,4.859816502907585,0.3227372212548748,0.25003498004712116
2022-07-15,-75.08369625799672,4.859816502907585,0.27105787336600484,0.21473531949647326
2022-07-31,-75.08369625799672,4.859816502907585,0.26893807231604017,0.21901989430062652
2022-08-16,-75.08369625799672,4.859816502907585,0.2791342220922922,0.2211253790268421
2022-09-01,-75.08369625799672,4.859816502907585,0.28998674053675416,0.22238883994345496
2022-09-17,-75.08369625799672,4.859816502907585,0.3619217726298538,0.2583998380843345
2022-10-03,-75.08369625799672,4.859816502907585,0.39471554089933614,0.29966528363350936
2022-10-19,-75.08369625799672,4.859816502907585,0.4951341389303794,0.35486847421250445
2022-11-04,-75.08369625799672,4.859816502907585,0.5717946512890347,0.4269660129822003
2022-11-20,-75.08369625799672,4.859816502907585,0.6158445498055217,0.45749153256896613
2022-12-06,-75.08369625799672,4.859816502907585,0.7377152512719908,0.5500805795975326
2022-12-22,-75.08369625799672,4.859816502907585,0.8376583770238548,0.6039278167977136
2023-01-07,-75.08369625799672,4.859816502907585,0.8439311170604444,0.5807044218289467
2023-01-23,-75.08369625799672,4.859816502907585,0.8806429387158009,0.6525693329543306
2023-02-08,-75.08369625799672,4.859816502907585,0.886404437522609,0.6869568749316319
2023-02-24,-75.08369625799672,4.859816502907585,0.8961859208532531,0.6736965751252859
2023-03-12,-75.08369625799672,4.859816502907585,0.8312867919241227,0.6439888873052293
2023-03-28,-75.08369625799672,4.859816502907585,0.7784212390504592,0.5674505285094753
2023-04-13,-75.08369625799672,4.859816502907585,0.6695146917682299,0.49330972894825875
2023-04-29,-75.08369625799672,4.859816502907585,0.6345136168669974,0.5214159864411099
2023-05-15,-75.08369625799672,4.859816502907585,0.5331554947979691,0.3845595107960707
2023-05-31,-75.08369625799672,4.859816502907585,0.42424371092719987,0.32922188112151185
2023-06-16,-75.08369625799672,4.859816502907585,0.3385181930455326,0.26489554681224725
2023-07-02,-75.08369625799672,4.859816502907585,0.33146826170705634,0.2573267853449495
2023-07-18,-75.08369625799672,4.859816502907585,0.27188497742272083,0.21521254613797694
2023-08-03,-75.08369625799672,4.859816502907585,0.2636493410256492,0.18217452893202504
2023-08-19,-75.08369625799672,4.859816502907585,0.30518906475997337,0.22185821097776973
2023-09-04,-75.08369625799672,4.859816502907585,0.31504468688353493,0.1879112295087369
2023-09-20,-75.08369625799672,4.859816502907585,0.3774433268587126,0.31245777003712616
2023-10-06,-75.08369625799672,4.859816502907585,0.4219814762402919,0.32766152787497416
2023-10-22,-75.08369625799672,4.859816502907585,0.5138757744247265,0.3725511594257304
2023-11-07,-75.08369625799672,4.859816502907585,0.600688264025412,0.4343435886216078
2023-11-23,-75.08369625799672,4.859816502907585,0.6637694414333688,0.5203659439392726
2023-12-09,-75.08369625799672,4.859816502907585,0.77429708885213,0.5665953065967817
2023-12-25,-75.08369625799672,4.859816502907585,0.8057077927495748,0.5913689125130277
2024-01-10,-75.08369625799672,4.859816502907585,0.8823803314976456,0.6417855530070262
2024-01-26,-75.08369625799672,4.859816502907585,0.9004136532382923,0.6902471761414051
2024-02-11,-75.08369625799672,4.859816502907585,0.8933438451073178,0.6902091577677869
2024-02-27,-75.08369625799672,4.859816502907585,0.8669914976914749,0.645966511248728
2024-03-14,-75.08369625799672,4.859816502907585,0.8093020581660673,0.6273200905769546
2024-03-30,-75.08369625799672,4.859816502907585,0.7504203834505285,0.5698107239421977
2024-04-15,-75.08369625799672,4.859816502907585,0.6871191157934602,0.4942836755828619
2024-05-01,-75.08369625799672,4.859816502907585,0.5908687362798734,0.47080899699071965
2024-05-17,-75.08369625799672,4.859816502907585,0.5197447728602307,0.3696255728178362
2024-06-02,-75.08369625799672,4.859816502907585,0.43921825975882406,0.3264914141872271
2024-06-18,-75.08369625799672,4.859816502907585,0.43055847819090776,0.32862133547002625
2024-07-04,-75.08369625799672,4.859816502907585,0.2985966074049061,0.2523480139094217
2024-07-20,-75.08369625799672,4.859816502907585,0.23465187068636006,0.177875306142392
2024-08-05,-75.08369625799672,4.859816502907585,0.2997750913371136,0.22250733281564014
2024-08-21,-75.08369625799672,4.859816502907585,0.23765824521620213,0.17032532462393962
2024-09-06,-75.08369625799672,4.859816502907585,0.3369386087067344,0.2602253484564663
2024-09-22,-75.08369625799672,4.859816502907585,0.3470034812969528,0.2465477548291341
2024-10-08,-75.08369625799672,4.859816502907585,0.42471104331968895,0.3257572401708466
2024-10-24,-75.08369625799672,4.859816502907585,0.545548632553199,0.43020993467088264
2024-11-09,-75.08369625799672,4.859816502907585,0.615292208806415,0.4348362614036616
2024-11-25,-75.08369625799672,4.859816502907585,0.664920751732498,0.5093556042236488
2024-12-11,-75.08369625799672,4.859816502907585,0.7413669664905146,0.5515138844465138
2024-12-27,-75.08369625799672,4.859816502907585,0.8368568348632847,0.6048907462402097
2015-01-01,-74.74172432776668,5.148693842055056,0.8067680669989808,0.5901521551780946
2015-01-17,-74.74172432776668,5.148693842055056,0.6813480830907928,0.5007935205515116
2015-02-02,-74.74172432776668,5.148693842055056,0.6027683806687815,0.4588087596341329
2015-02-18,-74.74172432776668,5.148693842055056,0.4468632891450827,0.31943392629346196
2015-03-06,-74.74172432776668,5.148693842055056,0.4176998434300932,0.3148591835286527
2015-03-22,-74.74172432776668,5.148693842055056,0.2876548254267457,0.26285754270202233
2015-04-07,-74.74172432776668,5.148693842055056,0.2612891665269108,0.20365355408145128
2015-04-23,-74.74172432776668,5.148693842055056,0.24329937329098403,0.17512262064503428
2015-05-09,-74.74172432776668,5.148693842055056,0.22376823673899632,0.21025967725556605
2015-05-25,-74.74172432776668,5.148693842055056,0.29073765309468946,0.23449198384319064
2015-06-10,-74.74172432776668,5.148693842055056,0.3414572469362591,0.23602658739496066
2015-06-26,-74.74172432776668,5.148693842055056,0.43717712450522167,0.31102019021868127
2015-07-12,-74.74172432776668,5.148693842055056,0.5152661201965238,0.3536617920381015
2015-07-28,-74.74172432776668,5.148693842055056,0.5756504261720792,0.4381036436821217
2015-08-13,-74.74172432776668,5.148693842055056,0.7079903440366904,0.4912094066015723
2015-08-29,-74.74172432776668,5.148693842055056,0.8354077718934108,0.668957444341074
2015-09-14,-74.74172432776668,5.148693842055056,0.9379584756581898,0.6983224990383289
2015-09-30,-74.74172432776668,5.148693842055056,0.95,0.7302541251356782
2015-10-16,-74.74172432776668,5.148693842055056,0.95,0.7056292856234859
2015-11-01,-74.74172432776668,5.148693842055056,0.95,0.7185122961352907
2015-11-17,-74.74172432776668,5.148693842055056,0.95,0.7098384711597746
2015-12-03,-74.74172432776668,5.148693842055056,0.9498969580460953,0.7400193651296593
2015-12-19,-74.74172432776668,5.148693842055056,0.9032527754538828,0.6869877930591339
2016-01-04,-74.74172432776668,5.148693842055056,0.8212508711210458,0.608209238096256
2016-01-20,-74.74172432776668,5.148693842055056,0.7151268459440954,0.5471954433287826
2016-02-05,-74.74172432776668,5.148693842055056,0.6397338328180819,0.4559507360779119
2016-02-21,-74.74172432776668,5.148693842055056,0.4561875143464125,0.3505165923238204
2016-03-08,-74.74172432776668,5.148693842055056,0.3854606431991184,0.32809826208283915
2016-03-24,-74.74172432776668,5.148693842055056,0.29054013405606627,0.23600347091592738
2016-04-09,-74.74172432776668,5.148693842055056,0.2779474082944711,0.2225535128652663
2016-04-25,-74.74172432776668,5.148693842055056,0.21437709809968764,0.1889379996798497
2016-05-11,-74.74172432776668,5.148693842055056,0.26678139816544005,0.21207773901988758
2016-05-27,-74.74172432776668,5.148693842055056,0.28393060209659626,0.2174701117733346
2016-06-12,-74.74172432776668,5.148693842055056,0.34213052338230326,0.26941359522178027
2016-06-28,-74.74172432776668,5.148693842055056,0.42958836467142764,0.3052207739965179
2016-07-14,-74.74172432776668,5.148693842055056,0.508226012207174,0.3661287840823347
2016-07-30,-74.74172432776668,5.148693842055056,0.6412887300748279,0.48042743082741673
2016-08-15,-74.74172432776668,5.148693842055056,0.7481025408775132,0.5710931683290571
2016-08-31,-74.74172432776668,5.148693842055056,0.8294381092928921,0.651391785336576
2016-09-16,-74.74172432776668,5.148693842055056,0.9186567994360817,0.6803240598814311
2016-10-02,-74.74172432776668,5.148693842055056,0.95,0.6757697959524984
2016-10-18,-74.74172432776668,5.148693842055056,0.95,0.7321214559738366
2016-11-03,-74.74172432776668,5.148693842055056,0.95,0.7348514839386631
2016-11-19,-74.74172432776668,5.148693842055056,0.95,0.7051108932435249
2016-12-05,-74.74172432776668,5.148693842055056,0.9461242727939592,0.7319749462924899
2016-12-21,-74.74172432776668,5.148693842055056,0.8536913870598964,0.6576240507054459
2017-01-06,-74.74172432776668,5.148693842055056,0.7609225093634204,0.5611398361559017
2017-01-22,-74.74172432776668,5.148693842055056,0.6531964861922822,0.4967503086281077
2017-02-07,-74.74172432776668,5.148693842055056,0.5840440338670385,0.4343507667579356
2017-02-23,-74.74172432776668,5.148693842055056,0.43218855955294366,0.30248728321897145
2017-03-11,-74.74172432776668,5.148693842055056,0.37504664053391806,0.31816730866832393
2017-03-27,-74.74172432776668,5.148693842055056,0.3042014389497071,0.22041314819925525
2017-04-12,-74.74172432776668,5.148693842055056,0.2657932063592846,0.19455493205772853
2017-04-28,-74.74172432776668,5.148693842055056,0.22547352825905623,0.1499359640803869
2017-05-14,-74.74172432776668,5.148693842055056,0.2735189603540954,0.1543550619156583
2017-05-30,-74.74172432776668,5.148693842055056,0.30243095650184393,0.2175483186204322
2017-06-15,-74.74172432776668,5.148693842055056,0.3451037979645549,0.2926741515957725
2017-07-01,-74.74172432776668,5.148693842055056,0.42653959759051757,0.30630331511232
2017-07-17,-74.74172432776668,5.148693842055056,0.5398039218500529,0.41312988910378445
2017-08-02,-74.74172432776668,5.148693842055056,0.641584248004722,0.4497110073928238
2017-08-18,-74.74172432776668,5.148693842055056,0.7393949671874248,0.580172902519859
2017-09-03,-74.74172432776668,5.148693842055056,0.8547578909521829,0.6500901638882136
2017-09-19,-74.74172432776668,5.148693842055056,0.9275748373218453,0.6824911740679185
2017-10-05,-74.74172432776668,5.148693842055056,0.95,0.7087361628589783
2017-10-21,-74.74172432776668,5.148693842055056,0.95,0.7344228473271067
2017-11-06,-74.74172432776668,5.148693842055056,0.95,0.7006054531245199
2017-11-22,-74.74172432776668,5.148693842055056,0.95,0.7125054020817635
2017-12-08,-74.74172432776668,5.148693842055056,0.9370078556880957,0.7445892735539815
2017-12-24,-74.74172432776668,5.148693842055056,0.858710524544633,0.5964718141534588
2018-01-09,-74.74172432776668,5.148693842055056,0.7617651985096974,0.572081498772065
2018-01-25,-74.74172432776668,5.148693842055056,0.6497385269008018,0.4922228413635248
2018-02-10,-74.74172432776668,5.148693842055056,0.5403212579195205,0.40418870157853254
2018-02-26,-74.74172432776668,5.148693842055056,0.45171532793003977,0.32794488000363986
2018-03-14,-74.74172432776668,5.148693842055056,0.3332414228923715,0.31040669622172645
2018-03-30,-74.74172432776668,5.148693842055056,0.27137755900186333,0.20553602750059902
2018-04-15,-74.74172432776668,5.148693842055056,0.21505283953096058,0.1636189979492489
2018-05-01,-74.74172432776668,5.148693842055056,0.21441485039416847,0.1519616789386261
2018-05-17,-74.74172432776668,5.148693842055056,0.27183199187852436,0.21331418527645474
2018-06-02,-74.74172432776668,5.148693842055056,0.30854257977329536,0.19598283806213426
2018-06-18,-74.74172432776668,5.148693842055056,0.4050624022304016,0.2799591754539637
2018-07-04,-74.74172432776668,5.148693842055056,0.4895888169685378,0.38762249004603305
2018-07-20,-74.74172432776668,5.148693842055056,0.573963736309555,0.41337310661399856
2018-08-05,-74.74172432776668,5.148693842055056,0.6737602944602495,0.49590179263228995
2018-08-21,-74.74172432776668,5.148693842055056,0.7763679259934003,0.5772784993133391
2018-09-06,-74.74172432776668,5.148693842055056,0.8289012684408819,0.6441116343503531
2018-09-22,-74.74172432776668,5.148693842055056,0.9436880606196644,0.6980700374747035
2018-10-08,-74.74172432776668,5.148693842055056,0.95,0.7196691915273353
2018-10-24,-74.74172432776668,5.148693842055056,0.95,0.667396488830519
2018-11-09,-74.74172432776668,5.148693842055056,0.95,0.7228820599591363
2018-11-25,-74.74172432776668,5.148693842055056,0.95,0.6895419424961997
2018-12-11,-74.74172432776668,5.148693842055056,0.9202129199565404,0.6608690426011335
2018-12-27,-74.74172432776668,5.148693842055056,0.814384017518653,0.5957740544089065
2019-01-12,-74.74172432776668,5.148693842055056,0.7526713431872669,0.5572512883817119
2019-01-28,-74.74172432776668,5.148693842055056,0.6195417375513922,0.503750153471769
2019-02-13,-74.74172432776668,5.148693842055056,0.528185373142139,0.40291892006610075
2019-03-01,-74.74172432776668,5.148693842055056,0.4144029358063898,0.2988747685020568
2019-03-17,-74.74172432776668,5.148693842055056,0.2942417896351936,0.24005615286486634
2019-04-02,-74.74172432776668,5.148693842055056,0.28494025684985924,0.21012187277312616
2019-04-18,-74.74172432776668,5.148693842055056,0.23773821156219135,0.19302654391686463
2019-05-04,-74.74172432776668,5.148693842055056,0.20307716653692634,0.14051024827161865
2019-05-20,-74.74172432776668,5.148693842055056,0.2347896359642898,0.2115224126229523
2019-06-05,-74.74172432776668,5.148693842055056,0.3262690935990567,0.20064796737658525
2019-06-21,-74.74172432776668,5.148693842055056,0.3537544171016513,0.2626688993590887
2019-07-07,-74.74172432776668,5.148693842055056,0.46821362111748444,0.32467257167657554
2019-07-23,-74.74172432776668,5.148693842055056,0.6214913434932778,0.47236930589960996
2019-08-08,-74.74172432776668,5.148693842055056,0.7004169023239823,0.5114723777583425
2019-08-24,-74.74172432776668,5.148693842055056,0.8089156407274649,0.5990780753259585
2019-09-09,-74.74172432776668,5.148693842055056,0.8797722224742796,0.6720492060522149
2019-09-25,-74.74172432776668,5.148693842055056,0.9243900034080319,0.7252330597530435
2019-10-11,-74.74172432776668,5.148693842055056,0.95,0.7381188841756084
2019-10-27,-74.74172432776668,5.148693842055056,0.95,0.6940366975194361
2019-11-12,-74.74172432776668,5.148693842055056,0.95,0.7175059534532967
2019-11-28,-74.74172432776668,5.148693842055056,0.95,0.7032117636153763
2019-12-14,-74.74172432776668,5.148693842055056,0.8839958756395083,0.6376649813350145
2019-12-30,-74.74172432776668,5.148693842055056,0.816349147784868,0.602950125246879
2020-01-15,-74.74172432776668,5.148693842055056,0.7023452237390132,0.557700707526892
2020-01-31,-74.74172432776668,5.148693842055056,0.6064796351669818,0.48026058505377484
2020-02-16,-74.74172432776668,5.148693842055056,0.4909961916933857,0.37314266944601243
2020-03-03,-74.74172432776668,5.148693842055056,0.4035786247180606,0.268731522348183
2020-03-19,-74.74172432776668,5.148693842055056,0.353083654415906,0.2621096686712812
2020-04-04,-74.74172432776668,5.148693842055056,0.2821192867393489,0.19654889060528047
2020-04-20,-74.74172432776668,5.148693842055056,0.23373469666429603,0.15796397529975492
2020-05-06,-74.74172432776668,5.148693842055056,0.26103231034251406,0.20200241970589905
2020-05-22,-74.74172432776668,5.148693842055056,0.2724284799646621,0.23148504291559613
2020-06-07,-74.74172432776668,5.148693842055056,0.3443144986907182,0.2735427247407643
2020-06-23,-74.74172432776668,5.148693842055056,0.37194964235225764,0.2650486493738595
2020-07-09,-74.74172432776668,5.148693842055056,0.4766292167899836,0.37202258646500364
2020-07-25,-74.74172432776668,5.148693842055056,0.6063080925883961,0.4269208207686852
2020-08-10,-74.74172432776668,5.148693842055056,0.7071688747991496,0.5004944093849866
2020-08-26,-74.74172432776668,5.148693842055056,0.8116450549010182,0.57562634109602
2020-09-11,-74.74172432776668,5.148693842055056,0.9110936902635515,0.6908795202183451
2020-09-27,-74.74172432776668,5.148693842055056,0.95,0.7294574657899467
2020-10-13,-74.74172432776668,5.148693842055056,0.95,0.7288614018654896
2020-10-29,-74.74172432776668,5.148693842055056,0.95,0.6932505479263782
2020-11-14,-74.74172432776668,5.148693842055056,0.95,0.6693350067450413
2020-11-30,-74.74172432776668,5.148693842055056,0.95,0.6920947341576315
2020-12-16,-74.74172432776668,5.148693842055056,0.8914086685378084,0.647001774242411
2021-01-01,-74.74172432776668,5.148693842055056,0.8137798978482408,0.6107214718595284
2021-01-17,-74.74172432776668,5.148693842055056,0.7307735413453097,0.5482148466910147
2021-02-02,-74.74172432776668,5.148693842055056,0.5791968128699407,0.4294598925359099
2021-02-18,-74.74172432776668,5.148693842055056,0.4619766009192505,0.3546051957835467
2021-03-06,-74.74172432776668,5.148693842055056,0.4054066973242755,0.35343894372706297
2021-03-22,-74.74172432776668,5.148693842055056,0.3035582838767173,0.22231282143403433
2021-04-07,-74.74172432776668,5.148693842055056,0.25035283068444175,0.19200689703595578
2021-04-23,-74.74172432776668,5.148693842055056,0.2429426888596736,0.18113951975618497
2021-05-09,-74.74172432776668,5.148693842055056,0.26004622871288485,0.1826950814595681
2021-05-25,-74.74172432776668,5.148693842055056,0.29039701666014867,0.22856771956793318
2021-06-10,-74.74172432776668,5.148693842055056,0.329690864703916,0.2409694157127941
2021-06-26,-74.74172432776668,5.148693842055056,0.4601598758450436,0.3287797338689411
2021-07-12,-74.74172432776668,5.148693842055056,0.5155590477728792,0.37166490442481676
2021-07-28,-74.74172432776668,5.148693842055056,0.6521800181574557,0.5068715401940759
2021-08-13,-74.74172432776668,5.148693842055056,0.7106053318037656,0.5432058987214488
2021-08-29,-74.74172432776668,5.148693842055056,0.8297494962600004,0.6119796269555056
2021-09-14,-74.74172432776668,5.148693842055056,0.925330554831152,0.7017840239454523
2021-09-30,-74.74172432776668,5.148693842055056,0.95,0.7116616057751534
2021-10-16,-74.74172432776668,5.148693842055056,0.95,0.7170877532298491
2021-11-01,-74.74172432776668,5.148693842055056,0.95,0.6996796816802486
2021-11-17,-74.74172432776668,5.148693842055056,0.95,0.691491601133029
2021-12-03,-74.74172432776668,5.148693842055056,0.95,0.7060951851539713
2021-12-19,-74.74172432776668,5.148693842055056,0.9142533067940112,0.6676203293510315
2022-01-04,-74.74172432776668,5.148693842055056,0.7721634244853806,0.559726207098799
2022-01-20,-74.74172432776668,5.148693842055056,0.68913667799052,0.48939149530151715
2022-02-05,-74.74172432776668,5.148693842055056,0.5647427404786348,0.38050973890189044
2022-02-21,-74.74172432776668,5.148693842055056,0.47478284647332114,0.34608283767986564
2022-03-09,-74.74172432776668,5.148693842055056,0.34775482726090146,0.28252830850515726
2022-03-25,-74.74172432776668,5.148693842055056,0.2777542897543581,0.2242545911163329
2022-04-10,-74.74172432776668,5.148693842055056,0.2406773317210751,0.21253942634871487
2022-04-26,-74.74172432776668,5.148693842055056,0.24858803571669694,0.16628006937004214
2022-05-12,-74.74172432776668,5.148693842055056,0.22385324849492563,0.18000044047568042
2022-05-28,-74.74172432776668,5.148693842055056,0.27459608573821387,0.20256021416323308
2022-06-13,-74.74172432776668,5.148693842055056,0.3691500164625328,0.2618887348795005
2022-06-29,-74.74172432776668,5.148693842055056,0.4307915430560372,0.342186213165074
2022-07-15,-74.74172432776668,5.148693842055056,0.5453801948714379,0.40584289280316493
2022-07-31,-74.74172432776668,5.148693842055056,0.6310679676067857,0.4385246664546707
2022-08-16,-74.74172432776668,5.148693842055056,0.7226707651584343,0.5483702584003204
2022-09-01,-74.74172432776668,5.148693842055056,0.839226884032385,0.6309187045956133
2022-09-17,-74.74172432776668,5.148693842055056,0.9447960881697124,0.6848506039460387
2022-10-03,-74.74172432776668,5.148693842055056,0.95,0.7162742192682242
2022-10-19,-74.74172432776668,5.148693842055056,0.95,0.7411295422785482
2022-11-04,-74.74172432776668,5.148693842055056,0.95,0.718302666541775
2022-11-20,-74.74172432776668,5.148693842055056,0.95,0.6825220944077971
2022-12-06,-74.74172432776668,5.148693842055056,0.9401334918233194,0.7124268582461708
2022-12-22,-74.74172432776668,5.148693842055056,0.8447360698848884,0.6395663432500208
2023-01-07,-74.74172432776668,5.148693842055056,0.745886066430989,0.5732256961887268
2023-01-23,-74.74172432776668,5.148693842055056,0.6835783372483725,0.5181304209588459
2023-02-08,-74.74172432776668,5.148693842055056,0.5171430181809041,0.3685213932123574
2023-02-24,-74.74172432776668,5.148693842055056,0.4628019385098639,0.34752542675264525
2023-03-12,-74.74172432776668,5.148693842055056,0.30820893626932433,0.25601330987935805
2023-03-28,-74.74172432776668,5.148693842055056,0.29541640548740766,0.20518081083555484
2023-04-13,-74.74172432776668,5.148693842055056,0.26842164133991275,0.18776543074679658
2023-04-29,-74.74172432776668,5.148693842055056,0.21916662686196284,0.17154202316675285
2023-05-15,-74.74172432776668,5.148693842055056,0.2827184303027221,0.24451056628649928
2023-05-31,-74.74172432776668,5.148693842055056,0.2971351779982647,0.23209909667570494
2023-06-16,-74.74172432776668,5.148693842055056,0.37406590254617345,0.2554097534022431
2023-07-02,-74.74172432776668,5.148693842055056,0.45971735422114784,0.3301065463029903
2023-07-18,-74.74172432776668,5.148693842055056,0.5554271844205372,0.41202103576325616
2023-08-03,-74.74172432776668,5.148693842055056,0.6672240211549924,0.5027800851663734
2023-08-19,-74.74172432776668,5.148693842055056,0.7016485157010668,0.5298142210099037
2023-09-04,-74.74172432776668,5.148693842055056,0.8716448457235054,0.6626522012593982
2023-09-20,-74.74172432776668,5.148693842055056,0.9350126426769607,0.7341027158463286
2023-10-06,-74.74172432776668,5.148693842055056,0.95,0.7212534660038621
2023-10-22,-74.74172432776668,5.148693842055056,0.95,0.7197518599939319
2023-11-07,-74.74172432776668,5.148693842055056,0.95,0.6637332517244074
2023-11-23,-74.74172432776668,5.148693842055056,0.95,0.7277189105176223
2023-12-09,-74.74172432776668,5.148693842055056,0.9203816449822371,0.7063098011823123
2023-12-25,-74.74172432776668,5.148693842055056,0.8493387492266291,0.6627653833252155
2024-01-10,-74.74172432776668,5.148693842055056,0.7428879443366048,0.5665182547838072
2024-01-26,-74.74172432776668,5.148693842055056,0.6522007016097383,0.5191825636599275
2024-02-11,-74.74172432776668,5.148693842055056,0.5001475473776806,0.36594249504219734
2024-02-27,-74.74172432776668,5.148693842055056,0.4504808470883629,0.36877856491184513
2024-03-14,-74.74172432776668,5.148693842055056,0.3521713360813384,0.25827441877257407
2024-03-30,-74.74172432776668,5.148693842055056,0.2974942422305933,0.24049473517757863
2024-04-15,-74.74172432776668,5.148693842055056,0.23616437763192302,0.1837294294674932
2024-05-01,-74.74172432776668,5.148693842055056,0.25693711966329774,0.23051201961296236
2024-05-17,-74.74172432776668,5.148693842055056,0.26786702173260685,0.201783044232767
2024-06-02,-74.74172432776668,5.148693842055056,0.2998570080739774,0.23604068719935553
2024-06-18,-74.74172432776668,5.148693842055056,0.3711713161402063,0.2821712970856025
2024-07-04,-74.74172432776668,5.148693842055056,0.44402751040399785,0.35896177673282154
2024-07-20,-74.74172432776668,5.148693842055056,0.5463230701681393,0.4011000674170442
2024-08-05,-74.74172432776668,5.148693842055056,0.6794265059410387,0.5493896170535518
2024-08-21,-74.74172432776668,5.148693842055056,0.7736075412306186,0.566885339643756
2024-09-06,-74.74172432776668,5.148693842055056,0.8639861790954783,0.681167577673835
2024-09-22,-74.74172432776668,5.148693842055056,0.893045562473236,0.6497294116119553
2024-10-08,-74.74172432776668,5.148693842055056,0.95,0.7243176414698327
2024-10-24,-74.74172432776668,5.148693842055056,0.95,0.7116616403565045
2024-11-09,-74.74172432776668,5.148693842055056,0.95,0.729422504918112
2024-11-25,-74.74172432776668,5.148693842055056,0.95,0.7202710336255842
2024-12-11,-74.74172432776668,5.148693842055056,0.9030038073946333,0.6929945443879391
2024-12-27,-74.74172432776668,5.148693842055056,0.8151527817708121,0.5906978364083285
2015-01-01,-74.49178033662574,5.093702862147717,0.6482177118307441,0.4232899578325632
2015-01-17,-74.49178033662574,5.093702862147717,0.6891505051726888,0.5074256859250883
2015-02-02,-74.49178033662574,5.093702862147717,0.7225811841202824,0.5723263816763955
2015-02-18,-74.49178033662574,5.093702862147717,0.7320601724629525,0.5666635986111983
2015-03-06,-74.49178033662574,5.093702862147717,0.7378448929399111,0.5525375751914813
2015-03-22,-74.49178033662574,5.093702862147717,0.7001234495877052,0.5239169341591635
2015-04-07,-74.49178033662574,5.093702862147717,0.6664613131208509,0.5032464711257295
2015-04-23,-74.49178033662574,5.093702862147717,0.6309395701162259,0.45431211892333745
2015-05-09,-74.49178033662574,5.093702862147717,0.6018479265071136,0.45992275448076375
2015-05-25,-74.49178033662574,5.093702862147717,0.5158829887546068,0.3898221025066613
2015-06-10,-74.49178033662574,5.093702862147717,0.4667999867111052,0.3327481712880634
2015-06-26,-74.49178033662574,5.093702862147717,0.41856565464699064,0.3015040058890955
2015-07-12,-74.49178033662574,5.093702862147717,0.3558520950920109,0.23443372471367768
2015-07-28,-74.49178033662574,5.093702862147717,0.33728597927874615,0.2643038976507341
2015-08-13,-74.49178033662574,5.093702862147717,0.31466812214140655,0.2864152654492143
2015-08-29,-74.49178033662574,5.093702862147717,0.3459723648630015,0.28556587630046065
2015-09-14,-74.49178033662574,5.093702862147717,0.35947782920856086,0.3066656714051921
2015-09-30,-74.49178033662574,5.093702862147717,0.3576097995858171,0.2169926019761904
2015-10-16,-74.49178033662574,5.093702862147717,0.4064221150640565,0.3159809578089931
2015-11-01,-74.49178033662574,5.093702862147717,0.4694220277277299,0.3575759730151531
2015-11-17,-74.49178033662574,5.093702862147717,0.5490612008442973,0.419437052122473
2015-12-03,-74.49178033662574,5.093702862147717,0.5958364955523842,0.4280861168272329
2015-12-19,-74.49178033662574,5.093702862147717,0.6118165330645994,0.4911446782589393
2016-01-04,-74.49178033662574,5.093702862147717,0.682199009767718,0.49918467365686575
2016-01-20,-74.49178033662574,5.093702862147717,0.7032980816469239,0.5144910988024277
2016-02-05,-74.49178033662574,5.093702862147717,0.7235007566723873,0.5169626114522172
2016-02-21,-74.49178033662574,5.093702862147717,0.7143795373145242,0.5318845654328048
2016-03-08,-74.49178033662574,5.093702862147717,0.7234858168683953,0.5647575483601623
2016-03-24,-74.49178033662574,5.093702862147717,0.7170923609960627,0.5431256243486067
2016-04-09,-74.49178033662574,5.093702862147717,0.6590027387754559,0.4918314857659924
2016-04-25,-74.49178033662574,5.093702862147717,0.6332840073120966,0.48928692027832593
2016-05-11,-74.49178033662574,5.093702862147717,0.5695528461046243,0.4487471101649524
2016-05-27,-74.49178033662574,5.093702862147717,0.5142433844450542,0.4015394807041443
2016-06-12,-74.49178033662574,5.093702862147717,0.4485486169936926,0.30015969541389664
2016-06-28,-74.49178033662574,5.093702862147717,0.41378567963141305,0.3248457409864923
2016-07-14,-74.49178033662574,5.093702862147717,0.37957266255831323,0.29312323014748376
2016-07-30,-74.49178033662574,5.093702862147717,0.3333574373083869,0.23388315295237833
2016-08-15,-74.49178033662574,5.093702862147717,0.3383342788763838,0.2622796574812533
2016-08-31,-74.49178033662574,5.093702862147717,0.3187415296807929,0.2612446310444358
2016-09-16,-74.49178033662574,5.093702862147717,0.330450759862044,0.23616760232071218
2016-10-02,-74.49178033662574,5.093702862147717,0.413105821871128,0.32720100515802425
2016-10-18,-74.49178033662574,5.093702862147717,0.41717455237963763,0.3186285284775992
2016-11-03,-74.49178033662574,5.093702862147717,0.47976258617207124,0.30490966232950584
2016-11-19,-74.49178033662574,5.093702862147717,0.5152989640600243,0.3854572907028326
2016-12-05,-74.49178033662574,5.093702862147717,0.5832088124601549,0.44234866064172457
2016-12-21,-74.49178033662574,5.093702862147717,0.6657040076488996,0.4928472900435961
2017-01-06,-74.49178033662574,5.093702862147717,0.6641315530087427,0.5045956979267779
2017-01-22,-74.49178033662574,5.093702862147717,0.7127254692788136,0.5314228319426721
2017-02-07,-74.49178033662574,5.093702862147717,0.7335384757127211,0.5949906127847606
2017-02-23,-74.49178033662574,5.093702862147717,0.6993022238858927,0.5167099898517665
2017-03-11,-74.49178033662574,5.093702862147717,0.7330537446951426,0.5341674586757014
2017-03-27,-74.49178033662574,5.093702862147717,0.7252324698506504,0.5601895059623805
2017-04-12,-74.49178033662574,5.093702862147717,0.6674382552056904,0.4951652162973939
2017-04-28,-74.49178033662574,5.093702862147717,0.6172885989063635,0.46087071610681635
2017-05-14,-74.49178033662574,5.093702862147717,0.5627552366850992,0.4183064454834884
2017-05-30,-74.49178033662574,5.093702862147717,0.5119886764858455,0.3990557486609414
2017-06-15,-74.49178033662574,5.093702862147717,0.4270991484267862,0.2993110833354267
2017-07-01,-74.49178033662574,5.093702862147717,0.3678100619663826,0.2931854944819389
2017-07-17,-74.49178033662574,5.093702862147717,0.3688623456134834,0.28675210952876795
2017-08-02,-74.49178033662574,5.093702862147717,0.3092749620484474,0.26765518399393834
2017-08-18,-74.49178033662574,5.093702862147717,0.31458979157912714,0.23930645982657048
2017-09-03,-74.49178033662574,5.093702862147717,0.348485818284252,0.24162476859726756
2017-09-19,-74.49178033662574,5.093702862147717,0.34048326853673916,0.2589458868945719
2017-10-05,-74.49178033662574,5.093702862147717,0.44244264951959356,0.3378544819967357
2017-10-21,-74.49178033662574,5.093702862147717,0.46262144934815685,0.37107954991495673
2017-11-06,-74.49178033662574,5.093702862147717,0.4909657337435943,0.3484403848750821
2017-11-22,-74.49178033662574,5.093702862147717,0.5618185519685174,0.39140170714342715
2017-12-08,-74.49178033662574,5.093702862147717,0.629267450995946,0.47595069441132465
2017-12-24,-74.49178033662574,5.093702862147717,0.5962118606815656,0.4403487736105374
2018-01-09,-74.49178033662574,5.093702862147717,0.7056842636447795,0.5245227202727893
2018-01-25,-74.49178033662574,5.093702862147717,0.7384462505013749,0.5368342045217853
2018-02-10,-74.49178033662574,5.093702862147717,0.715341559598187,0.5350772616376882
2018-02-26,-74.49178033662574,5.093702862147717,0.7438765967559429,0.5509397605457108
2018-03-14,-74.49178033662574,5.093702862147717,0.7539096993154484,0.5484281269838052
2018-03-30,-74.49178033662574,5.093702862147717,0.7071267041921708,0.5317044275674006
2018-04-15,-74.49178033662574,5.093702862147717,0.6287579304515173,0.4451878441652677
2018-05-01,-74.49178033662574,5.093702862147717,0.6097771493747534,0.4969568620048043
2018-05-17,-74.49178033662574,5.093702862147717,0.5651845531517226,0.38937571836089924
2018-06-02,-74.49178033662574,5.093702862147717,0.4340800150213725,0.340221083126117
2018-06-18,-74.49178033662574,5.093702862147717,0.44000660447119155,0.352830272743601
2018-07-04,-74.49178033662574,5.093702862147717,0.3770057662620497,0.2897585746537078
2018-07-20,-74.49178033662574,5.093702862147717,0.3748473688103599,0.27218625384364026
2018-08-05,-74.49178033662574,5.093702862147717,0.32608671650364063,0.2450702939996983
2018-08-21,-74.49178033662574,5.093702862147717,0.33728479995438587,0.2526769198755512
2018-09-06,-74.49178033662574,5.093702862147717,0.3534887706725824,0.2558778742190962
2018-09-22,-74.49178033662574,5.093702862147717,0.33020202520632097,0.2871910262670043
2018-10-08,-74.49178033662574,5.093702862147717,0.38090608187329633,0.2743107197306173
2018-10-24,-74.49178033662574,5.093702862147717,0.43864826351511504,0.3303298198294159
2018-11-09,-74.49178033662574,5.093702862147717,0.48639262488947077,0.3644457907281229
2018-11-25,-74.49178033662574,5.093702862147717,0.5506065863168514,0.4164513262780547
2018-12-11,-74.49178033662574,5.093702862147717,0.5603236450036555,0.45786025989289864
2018-12-27,-74.49178033662574,5.093702862147717,0.6551684432884504,0.5029887848552774
2019-01-12,-74.49178033662574,5.093702862147717,0.6719448521419815,0.4945386338815011
2019-01-28,-74.49178033662574,5.093702862147717,0.7150848293038934,0.565708097268091
2019-02-13,-74.49178033662574,5.093702862147717,0.7312828375468744,0.5636237278989576
2019-03-01,-74.49178033662574,5.093702862147717,0.7288117373293936,0.5375564242039664
2019-03-17,-74.49178033662574,5.093702862147717,0.7201721258529893,0.565805996926328
2019-04-02,-74.49178033662574,5.093702862147717,0.6562526720652425,0.46587623294344327
2019-04-18,-74.49178033662574,5.093702862147717,0.6121131865818858,0.4373348475411854
2019-05-04,-74.49178033662574,5.093702862147717,0.5831205204206639,0.4050507652336901
2019-05-20,-74.49178033662574,5.093702862147717,0.528144216569602,0.35581387280853316
2019-06-05,-74.49178033662574,5.093702862147717,0.46538445076562474,0.3730467460724226
2019-06-21,-74.49178033662574,5.093702862147717,0.4404784618797956,0.33410819985329726
2019-07-07,-74.49178033662574,5.093702862147717,0.3667797071054446,0.24436308114818897
2019-07-23,-74.49178033662574,5.093702862147717,0.3296820948929945,0.24639737463182557
2019-08-08,-74.49178033662574,5.093702862147717,0.34925092926312756,0.27998554529005204
2019-08-24,-74.49178033662574,5.093702862147717,0.33926525152117676,0.2396978013595237
2019-09-09,-74.49178033662574,5.093702862147717,0.3376476227911882,0.24680886649264624
2019-09-25,-74.49178033662574,5.093702862147717,0.35858268161666745,0.3096795691516968
2019-10-11,-74.49178033662574,5.093702862147717,0.3658440950554501,0.26968953497314235
2019-10-27,-74.49178033662574,5.093702862147717,0.47392395880429083,0.3261251392025474
2019-11-12,-74.49178033662574,5.093702862147717,0.49188224537571934,0.35833091408043677
2019-11-28,-74.49178033662574,5.093702862147717,0.5576718014979947,0.38633470793137165
2019-12-14,-74.49178033662574,5.093702862147717,0.6294104674619803,0.4853835962467481
2019-12-30,-74.49178033662574,5.093702862147717,0.676852473381538,0.4902318815503319
2020-01-15,-74.49178033662574,5.093702862147717,0.7077011778598975,0.5127870786035413
2020-01-31,-74.49178033662574,5.093702862147717,0.7257493477270578,0.5873813693387109
2020-02-16,-74.49178033662574,5.093702862147717,0.745897464923195,0.5356725671726528
2020-03-03,-74.49178033662574,5.093702862147717,0.7434514047762117,0.5305526350608926
2020-03-19,-74.49178033662574,5.093702862147717,0.6963164897259542,0.5014149045754898
2020-04-04,-74.49178033662574,5.093702862147717,0.67792693150432,0.527184578540024
2020-04-20,-74.49178033662574,5.093702862147717,0.6534859846558505,0.5005743950568344
2020-05-06,-74.49178033662574,5.093702862147717,0.5670171821687581,0.41443659951785555
2020-05-22,-74.49178033662574,5.093702862147717,0.5374754852207093,0.39054021420776375
2020-06-07,-74.49178033662574,5.093702862147717,0.46976382645349835,0.36115004369072273
2020-06-23,-74.49178033662574,5.093702862147717,0.4161817717343524,0.31665752058280483
2020-07-09,-74.49178033662574,5.093702862147717,0.41130120960164473,0.30503873122149355
2020-07-25,-74.49178033662574,5.093702862147717,0.3710811413606042,0.2894982573666003
2020-08-10,-74.49178033662574,5.093702862147717,0.30036423950403174,0.2032304390427533
2020-08-26,-74.49178033662574,5.093702862147717,0.31075949460865165,0.21597292261783307
2020-09-11,-74.49178033662574,5.093702862147717,0.3390272836817141,0.266563343722922
2020-09-27,-74.49178033662574,5.093702862147717,0.3940070043737187,0.3016687550547907
2020-10-13,-74.49178033662574,5.093702862147717,0.4006140679676769,0.2588157261031602
2020-10-29,-74.49178033662574,5.093702862147717,0.4610540405234263,0.34630593426646955
2020-11-14,-74.49178033662574,5.093702862147717,0.5191284506347571,0.43147114393013447
2020-11-30,-74.49178033662574,5.093702862147717,0.5976140801629516,0.46391177848721343
2020-12-16,-74.49178033662574,5.093702862147717,0.6080757148660516,0.44579689116560384
2021-01-01,-74.49178033662574,5.093702862147717,0.6703088562086548,0.48722349967628403
2021-01-17,-74.49178033662574,5.093702862147717,0.7200380311641805,0.5471667003574495
2021-02-02,-74.49178033662574,5.093702862147717,0.7129240180166279,0.5586293476943934
2021-02-18,-74.49178033662574,5.093702862147717,0.7463772303249127,0.5252014998088395
2021-03-06,-74.49178033662574,5.093702862147717,0.7371976877666289,0.5585223949434298
2021-03-22,-74.49178033662574,5.093702862147717,0.7362869025933808,0.5454656488825033
2021-04-07,-74.49178033662574,5.093702862147717,0.6983220010077434,0.527484340491212
2021-04-23,-74.49178033662574,5.093702862147717,0.609363470587948,0.4287192674713107
2021-05-09,-74.49178033662574,5.093702862147717,0.6044612371160887,0.4772656114047019
2021-05-25,-74.49178033662574,5.093702862147717,0.5313024280455462,0.4283909554577602
2021-06-10,-74.49178033662574,5.093702862147717,0.4896086341219766,0.3808790501810769
2021-06-26,-74.49178033662574,5.093702862147717,0.39892950029189395,0.3338257002395673
2021-07-12,-74.49178033662574,5.093702862147717,0.3854768004485783,0.2813908248442013
2021-07-28,-74.49178033662574,5.093702862147717,0.3310927262434128,0.25345522031283674
2021-08-13,-74.49178033662574,5.093702862147717,0.29514012751221463,0.23534856114121822
2021-08-29,-74.49178033662574,5.093702862147717,0.3091872354960663,0.23930258879853547
2021-09-14,-74.49178033662574,5.093702862147717,0.3331405622199225,0.2445670474104478
2021-09-30,-74.49178033662574,5.093702862147717,0.3582116417999667,0.26543414272635896
2021-10-16,-74.49178033662574,5.093702862147717,0.4531322181514612,0.3675503561545687
2021-11-01,-74.49178033662574,5.093702862147717,0.4734812673926795,0.35460506523321056
2021-11-17,-74.49178033662574,5.093702862147717,0.5395270246047575,0.42724467633571933
2021-12-03,-74.49178033662574,5.093702862147717,0.5632618693564131,0.4208976246646658
2021-12-19,-74.49178033662574,5.093702862147717,0.5972852422575584,0.47042597389838675
2022-01-04,-74.49178033662574,5.093702862147717,0.7214814642187937,0.5427127506565569
2022-01-20,-74.49178033662574,5.093702862147717,0.6732257690198059,0.517097137096395
2022-02-05,-74.49178033662574,5.093702862147717,0.7195981537703225,0.5264316264944526
2022-02-21,-74.49178033662574,5.093702862147717,0.7569194731547545,0.5727806873763204
2022-03-09,-74.49178033662574,5.093702862147717,0.7255821587680312,0.5311945064239901
2022-03-25,-74.49178033662574,5.093702862147717,0.713747549035141,0.5271213507261084
2022-04-10,-74.49178033662574,5.093702862147717,0.6516804042544847,0.4821090395612963
2022-04-26,-74.49178033662574,5.093702862147717,0.6328558377045714,0.4710798089420359
2022-05-12,-74.49178033662574,5.093702862147717,0.5431605106700279,0.42715167543003174
2022-05-28,-74.49178033662574,5.093702862147717,0.45930736952802875,0.33555322404545285
2022-06-13,-74.49178033662574,5.093702862147717,0.44594169207439727,0.33741984661322627
2022-06-29,-74.49178033662574,5.093702862147717,0.4196517360270973,0.3372740981855437
2022-07-15,-74.49178033662574,5.093702862147717,0.35381761845511867,0.27709486058800864
2022-07-31,-74.49178033662574,5.093702862147717,0.34424554438511584,0.2239533707851724
2022-08-16,-74.49178033662574,5.093702862147717,0.3653105186041904,0.24520738640833883
2022-09-01,-74.49178033662574,5.093702862147717,0.3383494569438637,0.26156129159185276
2022-09-17,-74.49178033662574,5.093702862147717,0.35362080579957755,0.255324066706451
2022-10-03,-74.49178033662574,5.093702862147717,0.3969223706471047,0.26648442850646664
2022-10-19,-74.49178033662574,5.093702862147717,0.42301816272397963,0.3059861285119356
2022-11-04,-74.49178033662574,5.093702862147717,0.46312078244025384,0.3559155425792613
2022-11-20,-74.49178033662574,5.093702862147717,0.5549780139038856,0.40936839519117685
2022-12-06,-74.49178033662574,5.093702862147717,0.6059546637898565,0.45546081115128434
2022-12-22,-74.49178033662574,5.093702862147717,0.625259717205181,0.4637857460390645
2023-01-07,-74.49178033662574,5.093702862147717,0.6817805332415798,0.497402201681076
2023-01-23,-74.49178033662574,5.093702862147717,0.7295121262095251,0.5518270184112389
2023-02-08,-74.49178033662574,5.093702862147717,0.7083174342700355,0.4982075557977394
2023-02-24,-74.49178033662574,5.093702862147717,0.7523813980450726,0.5479803199579137
2023-03-12,-74.49178033662574,5.093702862147717,0.7379719022198904,0.5690975582271016
2023-03-28,-74.49178033662574,5.093702862147717,0.6797427947182485,0.48157635094716267
2023-04-13,-74.49178033662574,5.093702862147717,0.6990865734463427,0.5313463457440062
2023-04-29,-74.49178033662574,5.093702862147717,0.6078369316412231,0.43719888967799203
2023-05-15,-74.49178033662574,5.093702862147717,0.5505465181014669,0.389098441853834
2023-05-31,-74.49178033662574,5.093702862147717,0.5210481144984478,0.37525106280170945
2023-06-16,-74.49178033662574,5.093702862147717,0.4702911126941441,0.3447057561252079
2023-07-02,-74.49178033662574,5.093702862147717,0.37915292589958427,0.27583866266441215
2023-07-18,-74.49178033662574,5.093702862147717,0.3093435797348458,0.22959231326765417
2023-08-03,-74.49178033662574,5.093702862147717,0.33331805413261795,0.26648339553042283
2023-08-19,-74.49178033662574,5.093702862147717,0.2888669716081666,0.2398875559233959
2023-09-04,-74.49178033662574,5.093702862147717,0.34862021749240174,0.28650603439327454
2023-09-20,-74.49178033662574,5.093702862147717,0.35208821348030667,0.2843440967922851
2023-10-06,-74.49178033662574,5.093702862147717,0.35839334328644246,0.28305595876892253
2023-10-22,-74.49178033662574,5.093702862147717,0.4181978158780448,0.28062032526007485
2023-11-07,-74.49178033662574,5.093702862147717,0.464615668915967,0.34857237445956063
2023-11-23,-74.49178033662574,5.093702862147717,0.5277332386000964,0.40332139958398827
2023-12-09,-74.49178033662574,5.093702862147717,0.5645126834386228,0.38084256170664993
2023-12-25,-74.49178033662574,5.093702862147717,0.679664939110768,0.5278247069211046
2024-01-10,-74.49178033662574,5.093702862147717,0.6739673918192493,0.5054155509950261
2024-01-26,-74.49178033662574,5.093702862147717,0.7460544611288186,0.567924858012426
2024-02-11,-74.49178033662574,5.093702862147717,0.7449995753179984,0.5806527631147508
2024-02-27,-74.49178033662574,5.093702862147717,0.7282173988247626,0.5467866180918645
2024-03-14,-74.49178033662574,5.093702862147717,0.7276369076892792,0.5402724398135386
2024-03-30,-74.49178033662574,5.093702862147717,0.6908441978642927,0.5195905131547893
2024-04-15,-74.49178033662574,5.093702862147717,0.657671807605952,0.4722853028537735
2024-05-01,-74.49178033662574,5.093702862147717,0.622200002601716,0.44712229779596185
2024-05-17,-74.49178033662574,5.093702862147717,0.5456477925549721,0.403330234961828
2024-06-02,-74.49178033662574,5.093702862147717,0.4999236740095029,0.33256067670278056
2024-06-18,-74.49178033662574,5.093702862147717,0.4565453770699932,0.32886922585025163
2024-07-04,-74.49178033662574,5.093702862147717,0.416381678739018,0.3027229605639404
2024-07-20,-74.49178033662574,5.093702862147717,0.35507413311264746,0.3045813206358541
2024-08-05,-74.49178033662574,5.093702862147717,0.32809476838008295,0.2708480739785314
2024-08-21,-74.49178033662574,5.093702862147717,0.32722416510800156,0.25372650043687095
2024-09-06,-74.49178033662574,5.093702862147717,0.3363979879485078,0.26925552348738335
2024-09-22,-74.49178033662574,5.093702862147717,0.34495262523650794,0.23903349846699723
2024-10-08,-74.49178033662574,5.093702862147717,0.38288119433826817,0.28915510328018296
2024-10-24,-74.49178033662574,5.093702862147717,0.43876248861307976,0.3432773639892333
2024-11-09,-74.49178033662574,5.093702862147717,0.5237537214358164,0.37329852433216215
2024-11-25,-74.49178033662574,5.093702862147717,0.5403075919199898,0.37650590557373526
2024-12-11,-74.49178033662574,5.093702862147717,0.6514473138374722,0.4946788753605407
2024-12-27,-74.49178033662574,5.093702862147717,0.6706046688770135,0.47614933395713926
2015-01-01,-75.07349371834981,4.900090922460457,0.5460798876181536,0.3891181707940813
2015-01-17,-75.07349371834981,4.900090922460457,0.5263590271317895,0.42689325354917196
2015-02-02,-75.07349371834981,4.900090922460457,0.5317375552920269,0.3960926101131472
2015-02-18,-75.07349371834981,4.900090922460457,0.46917062637464657,0.3355470972570505
2015-03-06,-75.07349371834981,4.900090922460457,0.4375616799047188,0.320573223446368
2015-03-22,-75.07349371834981,4.900090922460457,0.3633234889457975,0.28466841213993327
2015-04-07,-75.07349371834981,4.900090922460457,0.31483345631601395,0.23142577236705353
2015-04-23,-75.07349371834981,4.900090922460457,0.27394158789914064,0.221363299200217
2015-05-09,-75.07349371834981,4.900090922460457,0.2702469435438398,0.21439493230280152
2015-05-25,-75.07349371834981,4.900090922460457,0.2281655135445496,0.16712705391638968
2015-06-10,-75.07349371834981,4.900090922460457,0.1858215359244222,0.15244587658801895
2015-06-26,-75.07349371834981,4.900090922460457,0.20529044969004198,0.1255152642925365
2015-07-12,-75.07349371834981,4.900090922460457,0.21105992515649147,0.1566370033977375
2015-07-28,-75.07349371834981,4.900090922460457,0.2358476965653576,0.20652048431486075
2015-08-13,-75.07349371834981,4.900090922460457,0.2946254995878182,0.2484326230486366
2015-08-29,-75.07349371834981,4.900090922460457,0.33686764660345475,0.2542784916810926
2015-09-14,-75.07349371834981,4.900090922460457,0.3635256007393296,0.27288279121842857
2015-09-30,-75.07349371834981,4.900090922460457,0.4334463196801709,0.29774246207944355
2015-10-16,-75.07349371834981,4.900090922460457,0.4697526214085555,0.3458488140860894
2015-11-01,-75.07349371834981,4.900090922460457,0.5290310087687705,0.40600025881629204
2015-11-17,-75.07349371834981,4.900090922460457,0.5391818871069131,0.41376380738102253
2015-12-03,-75.07349371834981,4.900090922460457,0.564777122640345,0.3661904414831596
2015-12-19,-75.07349371834981,4.900090922460457,0.5625712028940495,0.4435081749733847
2016-01-04,-75.07349371834981,4.900090922460457,0.5284218090747267,0.39857018081435586
2016-01-20,-75.07349371834981,4.900090922460457,0.57027141409784,0.41249130151317037
2016-02-05,-75.07349371834981,4.900090922460457,0.5036038722451558,0.35162257903930844
2016-02-21,-75.07349371834981,4.900090922460457,0.492225413547944,0.3675024076210257
2016-03-08,-75.07349371834981,4.900090922460457,0.41116618979915,0.335460651659475
2016-03-24,-75.07349371834981,4.900090922460457,0.3721764616950145,0.2616197716213261
2016-04-09,-75.07349371834981,4.900090922460457,0.2967410453422669,0.23245441009716614
2016-04-25,-75.07349371834981,4.900090922460457,0.2536836934560368,0.14791790384961706
2016-05-11,-75.07349371834981,4.900090922460457,0.23060126480938908,0.1433466953845456
2016-05-27,-75.07349371834981,4.900090922460457,0.24111281377160804,0.18437036308396906
2016-06-12,-75.07349371834981,4.900090922460457,0.18115056102951382,0.12189027247888629
2016-06-28,-75.07349371834981,4.900090922460457,0.1659974033308018,0.10250881476249127
2016-07-14,-75.07349371834981,4.900090922460457,0.24236594430157785,0.2264101811360312
2016-07-30,-75.07349371834981,4.900090922460457,0.2671683382805327,0.19853540293797894
2016-08-15,-75.07349371834981,4.900090922460457,0.2846421964760677,0.19435173108552353
2016-08-31,-75.07349371834981,4.900090922460457,0.38209413440019446,0.28279562676285835
2016-09-16,-75.07349371834981,4.900090922460457,0.4342158119758948,0.35353224917412235
2016-10-02,-75.07349371834981,4.900090922460457,0.40763384654446405,0.2924063369931622
2016-10-18,-75.07349371834981,4.900090922460457,0.4753473003796407,0.3549135480026157
2016-11-03,-75.07349371834981,4.900090922460457,0.5260436601202071,0.4544575269981182
2016-11-19,-75.07349371834981,4.900090922460457,0.5335666046278086,0.4047543521841442
2016-12-05,-75.07349371834981,4.900090922460457,0.5825417785778909,0.4368748938440342
2016-12-21,-75.07349371834981,4.900090922460457,0.5736166409138117,0.40931630279922704
2017-01-06,-75.07349371834981,4.900090922460457,0.561950578920902,0.431690914114164
2017-01-22,-75.07349371834981,4.900090922460457,0.5413257193858733,0.4173983076176468
2017-02-07,-75.07349371834981,4.900090922460457,0.5267510378995981,0.4138026092629854
2017-02-23,-75.07349371834981,4.900090922460457,0.4551567273090365,0.3179323784441118
2017-03-11,-75.07349371834981,4.900090922460457,0.3918441654846456,0.2894905010751359
2017-03-27,-75.07349371834981,4.900090922460457,0.35764664557718756,0.25866832895290276
2017-04-12,-75.07349371834981,4.900090922460457,0.28514545309886113,0.19009511604173912
2017-04-28,-75.07349371834981,4.900090922460457,0.22827596206597517,0.16650795747399003
2017-05-14,-75.07349371834981,4.900090922460457,0.19873291714637187,0.12903917417663105
2017-05-30,-75.07349371834981,4.900090922460457,0.1989628697506299,0.12250380612514375
2017-06-15,-75.07349371834981,4.900090922460457,0.20664313127929484,0.16978680973158486
2017-07-01,-75.07349371834981,4.900090922460457,0.1943466636250018,0.13701945156655132
2017-07-17,-75.07349371834981,4.900090922460457,0.2359769177009442,0.16270278633101457
2017-08-02,-75.07349371834981,4.900090922460457,0.24157318414993653,0.2051098576761782
2017-08-18,-75.07349371834981,4.900090922460457,0.3166053946723285,0.24948504605112476
2017-09-03,-75.07349371834981,4.900090922460457,0.3656795933966016,0.23471412054010393
2017-09-19,-75.07349371834981,4.900090922460457,0.42540295480961887,0.32689345843888895
2017-10-05,-75.07349371834981,4.900090922460457,0.468759395555068,0.3593127822486283
2017-10-21,-75.07349371834981,4.900090922460457,0.495012279850766,0.3657530256408334
2017-11-06,-75.07349371834981,4.900090922460457,0.5387100565578105,0.3977975842402668
2017-11-22,-75.07349371834981,4.900090922460457,0.5750871873702341,0.3995862576366316
2017-12-08,-75.07349371834981,4.900090922460457,0.5603025015518153,0.46112334113339437
2017-12-24,-75.07349371834981,4.900090922460457,0.5580481751119771,0.41376245687271324
2018-01-09,-75.07349371834981,4.900090922460457,0.5384278765195611,0.4105378208473873
2018-01-25,-75.07349371834981,4.900090922460457,0.5140301581298418,0.3818103999012403
2018-02-10,-75.07349371834981,4.900090922460457,0.5076347338368111,0.366750782001312
2018-02-26,-75.07349371834981,4.900090922460457,0.46042946063785367,0.3617666817895974
2018-03-14,-75.07349371834981,4.900090922460457,0.4153216605383279,0.31430206530210675
2018-03-30,-75.07349371834981,4.900090922460457,0.40798034654296617,0.32707593383806627
2018-04-15,-75.07349371834981,4.900090922460457,0.3018022226681605,0.20883317871948565
2018-05-01,-75.07349371834981,4.900090922460457,0.25233693024457876,0.21777923722143475
2018-05-17,-75.07349371834981,4.900090922460457,0.25735884265799563,0.22258571400230132
2018-06-02,-75.07349371834981,4.900090922460457,0.22002375543253855,0.13990461244849245
2018-06-18,-75.07349371834981,4.900090922460457,0.20889744116289807,0.13184503331111358
2018-07-04,-75.07349371834981,4.900090922460457,0.17831101333894314,0.13851643369575212
2018-07-20,-75.07349371834981,4.900090922460457,0.24083122721272138,0.19869096237915715
2018-08-05,-75.07349371834981,4.900090922460457,0.27433580497435667,0.21638357344562245
2018-08-21,-75.07349371834981,4.900090922460457,0.28787998046146746,0.21381045165240725
2018-09-06,-75.07349371834981,4.900090922460457,0.32650977408634696,0.2048149479767563
2018-09-22,-75.07349371834981,4.900090922460457,0.4227434958489314,0.3019951340108794
2018-10-08,-75.07349371834981,4.900090922460457,0.4749931274186,0.37841179712155076
2018-10-24,-75.07349371834981,4.900090922460457,0.4893634275026889,0.3788287925181227
2018-11-09,-75.07349371834981,4.900090922460457,0.5239949806120056,0.3560786579664677
2018-11-25,-75.07349371834981,4.900090922460457,0.5637407000307865,0.41338804742877466
2018-12-11,-75.07349371834981,4.900090922460457,0.5633037684825368,0.46198468871881315
2018-12-27,-75.07349371834981,4.900090922460457,0.5383776222520035,0.41144063939643205
2019-01-12,-75.07349371834981,4.900090922460457,0.5319880418684219,0.4171562595866629
2019-01-28,-75.07349371834981,4.900090922460457,0.5283247360835948,0.40383043904630833
2019-02-13,-75.07349371834981,4.900090922460457,0.46363862459538513,0.33241721018077236
2019-03-01,-75.07349371834981,4.900090922460457,0.4539717955560599,0.3758948011015962
2019-03-17,-75.07349371834981,4.900090922460457,0.39418458403665874,0.2776900236120654
2019-04-02,-75.07349371834981,4.900090922460457,0.3406031572703583,0.3040018088395209
2019-04-18,-75.07349371834981,4.900090922460457,0.2890390522570663,0.2460161063806717
2019-05-04,-75.07349371834981,4.900090922460457,0.2328008856016308,0.17375894316849538
2019-05-20,-75.07349371834981,4.900090922460457,0.23103509405736095,0.18122288670827802
2019-06-05,-75.07349371834981,4.900090922460457,0.18695510935375145,0.12402598287270158
2019-06-21,-75.07349371834981,4.900090922460457,0.2195237553992733,0.18847383280245789
2019-07-07,-75.07349371834981,4.900090922460457,0.241502539500883,0.2172055142907196
2019-07-23,-75.07349371834981,4.900090922460457,0.23861306278111902,0.1727358122012074
2019-08-08,-75.07349371834981,4.900090922460457,0.29890191114875125,0.23843781899859517
2019-08-24,-75.07349371834981,4.900090922460457,0.29678398005567275,0.20191527173137633
2019-09-09,-75.07349371834981,4.900090922460457,0.37605392060718085,0.2784949472257056
2019-09-25,-75.07349371834981,4.900090922460457,0.4169475108794354,0.33416130045378045
2019-10-11,-75.07349371834981,4.900090922460457,0.48153207512439056,0.38774652131166154
2019-10-27,-75.07349371834981,4.900090922460457,0.4705259567714033,0.3579624259229765
2019-11-12,-75.07349371834981,4.900090922460457,0.5565591744326465,0.38688766369073113
2019-11-28,-75.07349371834981,4.900090922460457,0.5512536451323446,0.3966305306026801
2019-12-14,-75.07349371834981,4.900090922460457,0.5730143619421032,0.46231785083045873
2019-12-30,-75.07349371834981,4.900090922460457,0.6071834085805267,0.43910180537392934
2020-01-15,-75.07349371834981,4.900090922460457,0.5577772605470973,0.42950890245316925
2020-01-31,-75.07349371834981,4.900090922460457,0.5233452524168658,0.400488532007434
2020-02-16,-75.07349371834981,4.900090922460457,0.48023242496282503,0.3939257211382472
2020-03-03,-75.07349371834981,4.900090922460457,0.44811341857498904,0.3148819859792764
2020-03-19,-75.07349371834981,4.900090922460457,0.3908520744844439,0.31098652335356197
2020-04-04,-75.07349371834981,4.900090922460457,0.33093161942943083,0.27082720198212773
2020-04-20,-75.07349371834981,4.900090922460457,0.28270154373295414,0.21603551222124062
2020-05-06,-75.07349371834981,4.900090922460457,0.24373019498642692,0.1424327645238268
2020-05-22,-75.07349371834981,4.900090922460457,0.2129572404850088,0.14635291887466517
2020-06-07,-75.07349371834981,4.900090922460457,0.17700630007842844,0.1614350907536118
2020-06-23,-75.07349371834981,4.900090922460457,0.21094221535313623,0.15761003989596123
2020-07-09,-75.07349371834981,4.900090922460457,0.20362830006845123,0.15864461674391322
2020-07-25,-75.07349371834981,4.900090922460457,0.2617025440262657,0.17973759114876045
2020-08-10,-75.07349371834981,4.900090922460457,0.27957836309781325,0.22704510230038338
2020-08-26,-75.07349371834981,4.900090922460457,0.28675815236265284,0.21391721902388156
2020-09-11,-75.07349371834981,4.900090922460457,0.36724499487780204,0.2727571490032509
2020-09-27,-75.07349371834981,4.900090922460457,0.4169046259870851,0.31543096159445977
2020-10-13,-75.07349371834981,4.900090922460457,0.5134173509997866,0.3785845637712689
2020-10-29,-75.07349371834981,4.900090922460457,0.522068968720258,0.43144665490837575
2020-11-14,-75.07349371834981,4.900090922460457,0.5366941993805057,0.4388141565139586
2020-11-30,-75.07349371834981,4.900090922460457,0.5670590590160363,0.4609322187793257
2020-12-16,-75.07349371834981,4.900090922460457,0.5875613246423953,0.44681316073344496
2021-01-01,-75.07349371834981,4.900090922460457,0.563708530522301,0.41030056909414153
2021-01-17,-75.07349371834981,4.900090922460457,0.5454299794416482,0.4270197137616366
2021-02-02,-75.07349371834981,4.900090922460457,0.5106282203314998,0.3766387091473877
2021-02-18,-75.07349371834981,4.900090922460457,0.46342378240307364,0.3674173690739663
2021-03-06,-75.07349371834981,4.900090922460457,0.4442643658518522,0.3198552641135218
2021-03-22,-75.07349371834981,4.900090922460457,0.3551532625859477,0.273952125332803
2021-04-07,-75.07349371834981,4.900090922460457,0.3491439963728235,0.28477780344586884
2021-04-23,-75.07349371834981,4.900090922460457,0.2486930395449609,0.18123826025888343
2021-05-09,-75.07349371834981,4.900090922460457,0.21870501094037292,0.1586785077669745
2021-05-25,-75.07349371834981,4.900090922460457,0.24418742899277135,0.15468855876891818
2021-06-10,-75.07349371834981,4.900090922460457,0.16760018732219273,0.10912905742297249
2021-06-26,-75.07349371834981,4.900090922460457,0.2076118452495504,0.16812398034997794
2021-07-12,-75.07349371834981,4.900090922460457,0.22637028632223408,0.19329142280629588
2021-07-28,-75.07349371834981,4.900090922460457,0.21079514202124858,0.18186308728311518
2021-08-13,-75.07349371834981,4.900090922460457,0.27878681244884806,0.2237199955327334
2021-08-29,-75.07349371834981,4.900090922460457,0.30513063283514746,0.228947108566542
2021-09-14,-75.07349371834981,4.900090922460457,0.38698297250331487,0.3133522501274545
2021-09-30,-75.07349371834981,4.900090922460457,0.40148014871450677,0.30172516250657816
2021-10-16,-75.07349371834981,4.900090922460457,0.4588384649811206,0.35423876962000594
2021-11-01,-75.07349371834981,4.900090922460457,0.5363057486167786,0.4279727163127457
2021-11-17,-75.07349371834981,4.900090922460457,0.5401076676600497,0.42362528045881304
2021-12-03,-75.07349371834981,4.900090922460457,0.5956367329768564,0.41386261033553295
2021-12-19,-75.07349371834981,4.900090922460457,0.5845121419350494,0.4575543315268892
2022-01-04,-75.07349371834981,4.900090922460457,0.5568833964795316,0.3934470758091465
2022-01-20,-75.07349371834981,4.900090922460457,0.5574253049363276,0.39407880215109053
2022-02-05,-75.07349371834981,4.900090922460457,0.499993861946384,0.37419291530372145
2022-02-21,-75.07349371834981,4.900090922460457,0.47399155174875257,0.3429610326213138
2022-03-09,-75.07349371834981,4.900090922460457,0.3965419791667125,0.2993847939502966
2022-03-25,-75.07349371834981,4.900090922460457,0.37907470335449983,0.3300550275289378
2022-04-10,-75.07349371834981,4.900090922460457,0.2795369798284378,0.2159595752270599
2022-04-26,-75.07349371834981,4.900090922460457,0.24443541403260977,0.20370278538859218
2022-05-12,-75.07349371834981,4.900090922460457,0.21289518983598596,0.146178428013343
2022-05-28,-75.07349371834981,4.900090922460457,0.19700176151905358,0.1462273423648941
2022-06-13,-75.07349371834981,4.900090922460457,0.20571801410155946,0.16396253844833988
2022-06-29,-75.07349371834981,4.900090922460457,0.20367000416462452,0.12615468267465677
2022-07-15,-75.07349371834981,4.900090922460457,0.23659520325696765,0.1763872291694652
2022-07-31,-75.07349371834981,4.900090922460457,0.2758751038168475,0.1927515522730369
2022-08-16,-75.07349371834981,4.900090922460457,0.26123588944212617,0.19524639702793312
2022-09-01,-75.07349371834981,4.900090922460457,0.36681787017908496,0.27833224536663476
2022-09-17,-75.07349371834981,4.900090922460457,0.3879098193911876,0.27352542419024206
2022-10-03,-75.07349371834981,4.900090922460457,0.47760510450500593,0.33761177648105883
2022-10-19,-75.07349371834981,4.900090922460457,0.47422031771055234,0.3670659222045947
2022-11-04,-75.07349371834981,4.900090922460457,0.49012953138474635,0.3930889618461865
2022-11-20,-75.07349371834981,4.900090922460457,0.5675950244016508,0.4436808897374603
2022-12-06,-75.07349371834981,4.900090922460457,0.5813739639675279,0.43280800262651853
2022-12-22,-75.07349371834981,4.900090922460457,0.5501500551550761,0.4098110325418079
2023-01-07,-75.07349371834981,4.900090922460457,0.5391200885981334,0.41406317265012776
2023-01-23,-75.07349371834981,4.900090922460457,0.5489465759708245,0.4412461046020825
2023-02-08,-75.07349371834981,4.900090922460457,0.5033527702961439,0.3960060848540117
2023-02-24,-75.07349371834981,4.900090922460457,0.4447823392303811,0.3240212116626219
2023-03-12,-75.07349371834981,4.900090922460457,0.41011453682260474,0.2998564451626154
2023-03-28,-75.07349371834981,4.900090922460457,0.35482416285925766,0.24489427835773483
2023-04-13,-75.07349371834981,4.900090922460457,0.2833503241666618,0.22522092914536215
2023-04-29,-75.07349371834981,4.900090922460457,0.27665501369480955,0.18777813689177353
2023-05-15,-75.07349371834981,4.900090922460457,0.2398384223671143,0.16922410331463025
2023-05-31,-75.07349371834981,4.900090922460457,0.2062772920386028,0.18304685734476503
2023-06-16,-75.07349371834981,4.900090922460457,0.21517785479879845,0.17730083085954268
2023-07-02,-75.07349371834981,4.900090922460457,0.24436628103319796,0.16919712395390252
2023-07-18,-75.07349371834981,4.900090922460457,0.2071768680575328,0.1409402056385778
2023-08-03,-75.07349371834981,4.900090922460457,0.25448907242299723,0.14377579203141005
2023-08-19,-75.07349371834981,4.900090922460457,0.2976322519841572,0.21233277435021966
2023-09-04,-75.07349371834981,4.900090922460457,0.3659934888233338,0.2815435041977012
2023-09-20,-75.07349371834981,4.900090922460457,0.3895187466535362,0.30393827689741026
2023-10-06,-75.07349371834981,4.900090922460457,0.4660286002233711,0.3341505343717001
2023-10-22,-75.07349371834981,4.900090922460457,0.4867783843734139,0.3205765245381008
2023-11-07,-75.07349371834981,4.900090922460457,0.5115481944299146,0.36881175461396437
2023-11-23,-75.07349371834981,4.900090922460457,0.5604460242193013,0.40142686457727966
2023-12-09,-75.07349371834981,4.900090922460457,0.5612438763086497,0.3964262935998353
2023-12-25,-75.07349371834981,4.900090922460457,0.5734882595849589,0.4386304865804173
2024-01-10,-75.07349371834981,4.900090922460457,0.5627782769371413,0.42233093034096114
2024-01-26,-75.07349371834981,4.900090922460457,0.4958424026551859,0.35948272871353243
2024-02-11,-75.07349371834981,4.900090922460457,0.47983427635832787,0.3518098010103334
2024-02-27,-75.07349371834981,4.900090922460457,0.4430962660321059,0.3608330269714998
2024-03-14,-75.07349371834981,4.900090922460457,0.4072509764658657,0.28568787675242535
2024-03-30,-75.07349371834981,4.900090922460457,0.3535990847624707,0.2780053609251677
2024-04-15,-75.07349371834981,4.900090922460457,0.2763840349266573,0.22426534464770176
2024-05-01,-75.07349371834981,4.900090922460457,0.2488071615294942,0.15840630134683176
2024-05-17,-75.07349371834981,4.900090922460457,0.23071527426899877,0.17737569217403956
2024-06-02,-75.07349371834981,4.900090922460457,0.19903327838844995,0.14852589709167147
2024-06-18,-75.07349371834981,4.900090922460457,0.18491852994306457,0.15089150753324063
2024-07-04,-75.07349371834981,4.900090922460457,0.20820556390483502,0.15948314980759082
2024-07-20,-75.07349371834981,4.900090922460457,0.23931587312008337,0.15639519255153603
2024-08-05,-75.07349371834981,4.900090922460457,0.24896874880710582,0.14252767241300518
2024-08-21,-75.07349371834981,4.900090922460457,0.32179919959588166,0.2171051992219759
2024-09-06,-75.07349371834981,4.900090922460457,0.3624838509674789,0.2792826527244003
2024-09-22,-75.07349371834981,4.900090922460457,0.4231673296835498,0.29329515898594116
2024-10-08,-75.07349371834981,4.900090922460457,0.45919840026059433,0.37780440861120074
2024-10-24,-75.07349371834981,4.900090922460457,0.5385403715137205,0.4236517405158294
2024-11-09,-75.07349371834981,4.900090922460457,0.5458293315006729,0.3892698708485971
2024-11-25,-75.07349371834981,4.900090922460457,0.5767250353466983,0.4293833519350869
2024-12-11,-75.07349371834981,4.900090922460457,0.5835296739726101,0.42499038638241526
2024-12-27,-75.07349371834981,4.900090922460457,0.5647690297689497,0.4268597195282408
2015-01-01,-75.02610417624012,5.036512699211379,0.5264646369032762,0.4446335610579243
2015-01-17,-75.02610417624012,5.036512699211379,0.4231226360533304,0.29086213514539555
2015-02-02,-75.02610417624012,5.036512699211379,0.309593411035052,0.2423774096573084
2015-02-18,-75.02610417624012,5.036512699211379,0.28441689517610724,0.1890548586912433
2015-03-06,-75.02610417624012,5.036512699211379,0.21438483921871485,0.16470727070291552
2015-03-22,-75.02610417624012,5.036512699211379,0.22324940193627757,0.16056502956420057
2015-04-07,-75.02610417624012,5.036512699211379,0.19439999297357363,0.15822394591923827
2015-04-23,-75.02610417624012,5.036512699211379,0.297036363170931,0.22112544314329508
2015-05-09,-75.02610417624012,5.036512699211379,0.35697163562057277,0.25823890212688816
2015-05-25,-75.02610417624012,5.036512699211379,0.4261371402746102,0.34013136881690204
2015-06-10,-75.02610417624012,5.036512699211379,0.5577477513986748,0.4281181855370438
2015-06-26,-75.02610417624012,5.036512699211379,0.691683122189299,0.49766549495560275
2015-07-12,-75.02610417624012,5.036512699211379,0.7585251709822123,0.5720525452133531
2015-07-28,-75.02610417624012,5.036512699211379,0.8543506246668436,0.6564256992055817
2015-08-13,-75.02610417624012,5.036512699211379,0.9388643902470507,0.6842976365353443
2015-08-29,-75.02610417624012,5.036512699211379,0.95,0.7159067754161357
2015-09-14,-75.02610417624012,5.036512699211379,0.95,0.7203628180629484
2015-09-30,-75.02610417624012,5.036512699211379,0.95,0.7189058336801444
2015-10-16,-75.02610417624012,5.036512699211379,0.95,0.6981756176977746
2015-11-01,-75.02610417624012,5.036512699211379,0.9144901804859882,0.6792051400468183
2015-11-17,-75.02610417624012,5.036512699211379,0.8556093156077567,0.6685506326012819
2015-12-03,-75.02610417624012,5.036512699211379,0.7317769237145441,0.5564020315717678
2015-12-19,-75.02610417624012,5.036512699211379,0.6066172329106607,0.4297404500560528
2016-01-04,-75.02610417624012,5.036512699211379,0.49360630380475057,0.3722327285216681
2016-01-20,-75.02610417624012,5.036512699211379,0.40069494702073094,0.3099119376058648
2016-02-05,-75.02610417624012,5.036512699211379,0.32900690144340333,0.23291209464869514
2016-02-21,-75.02610417624012,5.036512699211379,0.23413874749253952,0.20462119421426783
2016-03-08,-75.02610417624012,5.036512699211379,0.2279178108563053,0.16312293929956254
2016-03-24,-75.02610417624012,5.036512699211379,0.20519096838248396,0.151838947353365
2016-04-09,-75.02610417624012,5.036512699211379,0.23333197565928798,0.18445264358923824
2016-04-25,-75.02610417624012,5.036512699211379,0.3373818551260652,0.25683152256780195
2016-05-11,-75.02610417624012,5.036512699211379,0.3784624501434905,0.250117303483815
2016-05-27,-75.02610417624012,5.036512699211379,0.45266833191372263,0.3640775489896241
2016-06-12,-75.02610417624012,5.036512699211379,0.5788720551041647,0.3463717496308268
2016-06-28,-75.02610417624012,5.036512699211379,0.6958933268459683,0.5602832830270515
2016-07-14,-75.02610417624012,5.036512699211379,0.7487978839581833,0.5919861664815477
2016-07-30,-75.02610417624012,5.036512699211379,0.8262828239964516,0.638472096898407
2016-08-15,-75.02610417624012,5.036512699211379,0.95,0.6655005756951076
2016-08-31,-75.02610417624012,5.036512699211379,0.95,0.7355167949830411
2016-09-16,-75.02610417624012,5.036512699211379,0.95,0.7241965527411922
2016-10-02,-75.02610417624012,5.036512699211379,0.95,0.6752722048955795
2016-10-18,-75.02610417624012,5.036512699211379,0.95,0.7474950783889258
2016-11-03,-75.02610417624012,5.036512699211379,0.9165359368548963,0.6476444360491453
2016-11-19,-75.02610417624012,5.036512699211379,0.773242577008077,0.563012577920111
2016-12-05,-75.02610417624012,5.036512699211379,0.6668623367100875,0.5010305509236864
2016-12-21,-75.02610417624012,5.036512699211379,0.5952581985557308,0.4178385832519508
2017-01-06,-75.02610417624012,5.036512699211379,0.5001066103268773,0.3871020366255583
2017-01-22,-75.02610417624012,5.036512699211379,0.3734143973260859,0.2766103582748847
2017-02-07,-75.02610417624012,5.036512699211379,0.2623776018830259,0.1901379582865279
2017-02-23,-75.02610417624012,5.036512699211379,0.24195686857795845,0.18484260333803262
2017-03-11,-75.02610417624012,5.036512699211379,0.2177518277789932,0.16819870569885637
2017-03-27,-75.02610417624012,5.036512699211379,0.20356680837072888,0.158399005129133
2017-04-12,-75.02610417624012,5.036512699211379,0.25798753710299155,0.19158069136105077
2017-04-28,-75.02610417624012,5.036512699211379,0.30161273189708127,0.22248612766952858
2017-05-14,-75.02610417624012,5.036512699211379,0.3635398842086896,0.2831125064948693
2017-05-30,-75.02610417624012,5.036512699211379,0.4643629853380316,0.3559951770233675
2017-06-15,-75.02610417624012,5.036512699211379,0.5853410336559043,0.43292708171152533
2017-07-01,-75.02610417624012,5.036512699211379,0.689597601373406,0.5070357811817406
2017-07-17,-75.02610417624012,5.036512699211379,0.76830870463051,0.5838894303761163
2017-08-02,-75.02610417624012,5.036512699211379,0.8966797343690921,0.689503205825789
2017-08-18,-75.02610417624012,5.036512699211379,0.95,0.7504076725095332
2017-09-03,-75.02610417624012,5.036512699211379,0.95,0.694997807156106
2017-09-19,-75.02610417624012,5.036512699211379,0.95,0.6778215519354067
2017-10-05,-75.02610417624012,5.036512699211379,0.95,0.7399213478153731
2017-10-21,-75.02610417624012,5.036512699211379,0.95,0.6945782238444843
2017-11-06,-75.02610417624012,5.036512699211379,0.9199039179204512,0.6828935552099052
2017-11-22,-75.02610417624012,5.036512699211379,0.7856920229878603,0.6180141988496167
2017-12-08,-75.02610417624012,5.036512699211379,0.6981698170582463,0.5676494255687766
2017-12-24,-75.02610417624012,5.036512699211379,0.5784067833167,0.4258644714959505
2018-01-09,-75.02610417624012,5.036512699211379,0.4525681835712821,0.30248621413464905
2018-01-25,-75.02610417624012,5.036512699211379,0.36172410265855354,0.2941849437704627
2018-02-10,-75.02610417624012,5.036512699211379,0.30023458497215,0.22558209886032063
2018-02-26,-75.02610417624012,5.036512699211379,0.21374928163875798,0.16484942158932323
2018-03-14,-75.02610417624012,5.036512699211379,0.22783909656616036,0.17949370755401997
2018-03-30,-75.02610417624012,5.036512699211379,0.215361999706012,0.14558234671388487
2018-04-15,-75.02610417624012,5.036512699211379,0.26398999571124326,0.13535440040854885
2018-05-01,-75.02610417624012,5.036512699211379,0.3164872771335261,0.28877189746903653
2018-05-17,-75.02610417624012,5.036512699211379,0.3637242942272976,0.2679658315764459
2018-06-02,-75.02610417624012,5.036512699211379,0.4952602514756055,0.36219353232557255
2018-06-18,-75.02610417624012,5.036512699211379,0.6264847050464629,0.4793125490719532
2018-07-04,-75.02610417624012,5.036512699211379,0.7196364776979429,0.5556728094968428
2018-07-20,-75.02610417624012,5.036512699211379,0.8198984207282668,0.6785211053226704
2018-08-05,-75.02610417624012,5.036512699211379,0.9099406778351321,0.6863611503461431
2018-08-21,-75.02610417624012,5.036512699211379,0.9378474778591219,0.692516601848273
2018-09-06,-75.02610417624012,5.036512699211379,0.95,0.6857908629928025
2018-09-22,-75.02610417624012,5.036512699211379,0.95,0.7131463094237515
2018-10-08,-75.02610417624012,5.036512699211379,0.95,0.7133476245739224
2018-10-24,-75.02610417624012,5.036512699211379,0.9374112378419119,0.6658886696266143
2018-11-09,-75.02610417624012,5.036512699211379,0.8767258882234222,0.6707699183452276
2018-11-25,-75.02610417624012,5.036512699211379,0.7363434496432167,0.5749482362063569
2018-12-11,-75.02610417624012,5.036512699211379,0.6795537685492747,0.532311645262903
2018-12-27,-75.02610417624012,5.036512699211379,0.564258090262906,0.43626722187340583
2019-01-12,-75.02610417624012,5.036512699211379,0.45585226287520675,0.359258643586429
2019-01-28,-75.02610417624012,5.036512699211379,0.31449261744177603,0.20584827440890174
2019-02-13,-75.02610417624012,5.036512699211379,0.2612860807153041,0.19336815710302702
2019-03-01,-75.02610417624012,5.036512699211379,0.23425918161911324,0.18218801927891193
2019-03-17,-75.02610417624012,5.036512699211379,0.22841264209481438,0.1942793875427178
2019-04-02,-75.02610417624012,5.036512699211379,0.19882052802426,0.15388691821920444
2019-04-18,-75.02610417624012,5.036512699211379,0.2393642034041631,0.17575821178605097
2019-05-04,-75.02610417624012,5.036512699211379,0.3296449265491094,0.1790594533823982
2019-05-20,-75.02610417624012,5.036512699211379,0.4601157445952225,0.3564149819943664
2019-06-05,-75.02610417624012,5.036512699211379,0.5037670677090793,0.416372695886414
2019-06-21,-75.02610417624012,5.036512699211379,0.6198073819921095,0.4675059242106433
2019-07-07,-75.02610417624012,5.036512699211379,0.7270001353393433,0.5782899382533743
2019-07-23,-75.02610417624012,5.036512699211379,0.8352497962820924,0.6294270292263595
2019-08-08,-75.02610417624012,5.036512699211379,0.9450688208265368,0.7205044047691241
2019-08-24,-75.02610417624012,5.036512699211379,0.95,0.7347078194471491
2019-09-09,-75.02610417624012,5.036512699211379,0.95,0.7188482089759883
2019-09-25,-75.02610417624012,5.036512699211379,0.95,0.7159125416723815
2019-10-11,-75.02610417624012,5.036512699211379,0.95,0.7005160452993414
2019-10-27,-75.02610417624012,5.036512699211379,0.9259874973369248,0.6637417640201607
2019-11-12,-75.02610417624012,5.036512699211379,0.8273247967177566,0.610137597484358
2019-11-28,-75.02610417624012,5.036512699211379,0.7513392050559023,0.5988860703073292
2019-12-14,-75.02610417624012,5.036512699211379,0.6540695218293724,0.47231057116823344
2019-12-30,-75.02610417624012,5.036512699211379,0.5173424900458905,0.41550184119903094
2020-01-15,-75.02610417624012,5.036512699211379,0.4490485771309878,0.3373494310527249
2020-01-31,-75.02610417624012,5.036512699211379,0.326286118378974,0.2672132454983233
2020-02-16,-75.02610417624012,5.036512699211379,0.24478476189637363,0.19142917938343068
2020-03-03,-75.02610417624012,5.036512699211379,0.26582683542639746,0.20347724021482722
2020-03-19,-75.02610417624012,5.036512699211379,0.1901292425020592,0.15080430592997515
2020-04-04,-75.02610417624012,5.036512699211379,0.21216500167817606,0.13124143438356375
2020-04-20,-75.02610417624012,5.036512699211379,0.28096524685823204,0.2330806231546685
2020-05-06,-75.02610417624012,5.036512699211379,0.33214057028092503,0.2415607142287683
2020-05-22,-75.02610417624012,5.036512699211379,0.4111930679825681,0.30539608897757475
2020-06-07,-75.02610417624012,5.036512699211379,0.5249540946790149,0.373494917275196
2020-06-23,-75.02610417624012,5.036512699211379,0.6855596679765482,0.5234996073174013
2020-07-09,-75.02610417624012,5.036512699211379,0.7680105714913752,0.5936759199971798
2020-07-25,-75.02610417624012,5.036512699211379,0.8699562797570294,0.6442050107618378
2020-08-10,-75.02610417624012,5.036512699211379,0.9397006251786182,0.6993948591987503
2020-08-26,-75.02610417624012,5.036512699211379,0.95,0.7193338177191632
2020-09-11,-75.02610417624012,5.036512699211379,0.95,0.6859140255415639
2020-09-27,-75.02610417624012,5.036512699211379,0.95,0.7084146102438539
2020-10-13,-75.02610417624012,5.036512699211379,0.9416988145487148,0.7164273462893105
2020-10-29,-75.02610417624012,5.036512699211379,0.9374296071333694,0.7536393348542061
2020-11-14,-75.02610417624012,5.036512699211379,0.8258631302402042,0.6086231097491718
2020-11-30,-75.02610417624012,5.036512699211379,0.7103757028437807,0.5369546152625757
2020-12-16,-75.02610417624012,5.036512699211379,0.6264230930063106,0.453591393058998
2021-01-01,-75.02610417624012,5.036512699211379,0.5147289136861392,0.34647337192681726
2021-01-17,-75.02610417624012,5.036512699211379,0.43270175678594774,0.3091127323960175
2021-02-02,-75.02610417624012,5.036512699211379,0.32436418634364994,0.21473927133178186
2021-02-18,-75.02610417624012,5.036512699211379,0.24594751095325004,0.17886881014458697
2021-03-06,-75.02610417624012,5.036512699211379,0.21664567869647625,0.17207890933280742
2021-03-22,-75.02610417624012,5.036512699211379,0.23473933458028448,0.19070871979060047
2021-04-07,-75.02610417624012,5.036512699211379,0.244919577662937,0.21261176544606553
2021-04-23,-75.02610417624012,5.036512699211379,0.2859346014979602,0.2137168072110902
2021-05-09,-75.02610417624012,5.036512699211379,0.3690490719195453,0.29824698965889207
2021-05-25,-75.02610417624012,5.036512699211379,0.4560239129284488,0.3129253827556145
2021-06-10,-75.02610417624012,5.036512699211379,0.5331686313804926,0.3943793914547598
2021-06-26,-75.02610417624012,5.036512699211379,0.6772332396441246,0.5074980013516822
2021-07-12,-75.02610417624012,5.036512699211379,0.7923030690144119,0.6205320343356946
2021-07-28,-75.02610417624012,5.036512699211379,0.8896202987956127,0.6913260353863153
2021-08-13,-75.02610417624012,5.036512699211379,0.921872496571956,0.7010570824180825
2021-08-29,-75.02610417624012,5.036512699211379,0.95,0.6795186733728159
2021-09-14,-75.02610417624012,5.036512699211379,0.95,0.7389947393125449
2021-09-30,-75.02610417624012,5.036512699211379,0.95,0.7528561874321178
2021-10-16,-75.02610417624012,5.036512699211379,0.95,0.7614560550718581
2021-11-01,-75.02610417624012,5.036512699211379,0.9122638379631417,0.684647484395431
2021-11-17,-75.02610417624012,5.036512699211379,0.7962250614405064,0.6193800508862352
2021-12-03,-75.02610417624012,5.036512699211379,0.7090776384887023,0.5188672760783521
2021-12-19,-75.02610417624012,5.036512699211379,0.6340010252055357,0.49866522228007093
2022-01-04,-75.02610417624012,5.036512699211379,0.5205707756154034,0.38318425903045295
2022-01-20,-75.02610417624012,5.036512699211379,0.39508630022573266,0.2951176372153824
2022-02-05,-75.02610417624012,5.036512699211379,0.3262306610992976,0.27574428919435784
2022-02-21,-75.02610417624012,5.036512699211379,0.2551631907406879,0.23087021476266306
2022-03-09,-75.02610417624012,5.036512699211379,0.23044206743310358,0.16813556269253932
2022-03-25,-75.02610417624012,5.036512699211379,0.2239094198841082,0.20205087048725662
2022-04-10,-75.02610417624012,5.036512699211379,0.272666272880487,0.22823753155234688
2022-04-26,-75.02610417624012,5.036512699211379,0.2871954892772286,0.21106275187680304
2022-05-12,-75.02610417624012,5.036512699211379,0.3767318772062133,0.3160283978100809
2022-05-28,-75.02610417624012,5.036512699211379,0.4710417142135883,0.36237192309756744
2022-06-13,-75.02610417624012,5.036512699211379,0.5718537043633742,0.4223324570199064
2022-06-29,-75.02610417624012,5.036512699211379,0.6791701726667659,0.5120861492049851
2022-07-15,-75.02610417624012,5.036512699211379,0.8230780356053756,0.6125142511334156
2022-07-31,-75.02610417624012,5.036512699211379,0.8827741781271977,0.6447730803872681
2022-08-16,-75.02610417624012,5.036512699211379,0.95,0.7398335835743656
2022-09-01,-75.02610417624012,5.036512699211379,0.95,0.7165672904939141
2022-09-17,-75.02610417624012,5.036512699211379,0.95,0.7094289935565992
2022-10-03,-75.02610417624012,5.036512699211379,0.95,0.7187793030499842
2022-10-19,-75.02610417624012,5.036512699211379,0.95,0.7152550738455425
2022-11-04,-75.02610417624012,5.036512699211379,0.9029827654382201,0.6713540253817538
2022-11-20,-75.02610417624012,5.036512699211379,0.7986905293107349,0.6331651372564823
2022-12-06,-75.02610417624012,5.036512699211379,0.7529327811126181,0.5406122468637827
2022-12-22,-75.02610417624012,5.036512699211379,0.5622004583645991,0.40250728721728635
2023-01-07,-75.02610417624012,5.036512699211379,0.4758712158108115,0.3748190220788537
2023-01-23,-75.02610417624012,5.036512699211379,0.3904389709825867,0.2962698509725494
2023-02-08,-75.02610417624012,5.036512699211379,0.30748653390666625,0.21677317729743228
2023-02-24,-75.02610417624012,5.036512699211379,0.23409541691136276,0.17516967171600614
2023-03-12,-75.02610417624012,5.036512699211379,0.1775066000647943,0.10990374595414382
2023-03-28,-75.02610417624012,5.036512699211379,0.18736106014115506,0.15580295957954177
2023-04-13,-75.02610417624012,5.036512699211379,0.24564399613950025,0.19645422110610405
2023-04-29,-75.02610417624012,5.036512699211379,0.2628987197536384,0.16750270609419673
2023-05-15,-75.02610417624012,5.036512699211379,0.39547732649037987,0.24103460203446386
2023-05-31,-75.02610417624012,5.036512699211379,0.506572478552098,0.3434630160436177
2023-06-16,-75.02610417624012,5.036512699211379,0.6086311893285776,0.43870169950129395
2023-07-02,-75.02610417624012,5.036512699211379,0.723976079802051,0.6071452781298682
2023-07-18,-75.02610417624012,5.036512699211379,0.7619324782249364,0.5853569016259152
2023-08-03,-75.02610417624012,5.036512699211379,0.8609253974312117,0.6542294265177588
2023-08-19,-75.02610417624012,5.036512699211379,0.95,0.7150956464492367
2023-09-04,-75.02610417624012,5.036512699211379,0.95,0.72811082218993
2023-09-20,-75.02610417624012,5.036512699211379,0.95,0.7373327452579748
2023-10-06,-75.02610417624012,5.036512699211379,0.95,0.6844461864519381
2023-10-22,-75.02610417624012,5.036512699211379,0.95,0.7111531469438168
2023-11-07,-75.02610417624012,5.036512699211379,0.9165770240396539,0.7118598906160073
2023-11-23,-75.02610417624012,5.036512699211379,0.7687952814457186,0.574896665065554
2023-12-09,-75.02610417624012,5.036512699211379,0.6805139225850743,0.5409115059385344
2023-12-25,-75.02610417624012,5.036512699211379,0.5752201705492755,0.4349409803338859
2024-01-10,-75.02610417624012,5.036512699211379,0.4543049351604793,0.3397175606532667
2024-01-26,-75.02610417624012,5.036512699211379,0.38783698721889953,0.29095184743012414
2024-02-11,-75.02610417624012,5.036512699211379,0.2761764002315699,0.19584215686140372
2024-02-27,-75.02610417624012,5.036512699211379,0.22007564172090885,0.13701481136982632
2024-03-14,-75.02610417624012,5.036512699211379,0.19195105112813682,0.1739316938591091
2024-03-30,-75.02610417624012,5.036512699211379,0.20919086474443338,0.170981381929447
2024-04-15,-75.02610417624012,5.036512699211379,0.20018894029946765,0.16150793140391834
2024-05-01,-75.02610417624012,5.036512699211379,0.3103081588584987,0.22310231868606387
2024-05-17,-75.02610417624012,5.036512699211379,0.40344828960009155,0.29266971212382814
2024-06-02,-75.02610417624012,5.036512699211379,0.45966321307057706,0.3631923686263715
2024-06-18,-75.02610417624012,5.036512699211379,0.6176179884563107,0.456934642247276
2024-07-04,-75.02610417624012,5.036512699211379,0.7040176523309913,0.4986160889261008
2024-07-20,-75.02610417624012,5.036512699211379,0.8300337281965784,0.654794115351941
2024-08-05,-75.02610417624012,5.036512699211379,0.9157593909307112,0.6591643110761769
2024-08-21,-75.02610417624012,5.036512699211379,0.95,0.7114331407550654
2024-09-06,-75.02610417624012,5.036512699211379,0.95,0.7246346635482345
2024-09-22,-75.02610417624012,5.036512699211379,0.95,0.7234048440885691
2024-10-08,-75.02610417624012,5.036512699211379,0.95,0.684065425171026
2024-10-24,-75.02610417624012,5.036512699211379,0.9362676641680472,0.7104201703066356
2024-11-09,-75.02610417624012,5.036512699211379,0.829380057891238,0.6361265717595795
2024-11-25,-75.02610417624012,5.036512699211379,0.7807829117488446,0.5865267077376234
2024-12-11,-75.02610417624012,5.036512699211379,0.6399366262768234,0.4603649096238317
2024-12-27,-75.02610417624012,5.036512699211379,0.5661906386342527,0.39441852524577137
2015-01-01,-74.47589695656318,5.056430411748059,0.21130909442106513,0.17075353113602637
2015-01-17,-74.47589695656318,5.056430411748059,0.17046410668926062,0.13782079736198238
2015-02-02,-74.47589695656318,5.056430411748059,0.1824464461521477,0.12395972233746463
2015-02-18,-74.47589695656318,5.056430411748059,0.20614012223347558,0.11055995629553557
2015-03-06,-74.47589695656318,5.056430411748059,0.22863556720224235,0.20386537856314763
2015-03-22,-74.47589695656318,5.056430411748059,0.30496932288959483,0.23652312657796656
2015-04-07,-74.47589695656318,5.056430411748059,0.34231263199827033,0.24401842286775013
2015-04-23,-74.47589695656318,5.056430411748059,0.42673005456301066,0.33092368588061616
2015-05-09,-74.47589695656318,5.056430411748059,0.5069871346535453,0.3953888273511666
2015-05-25,-74.47589695656318,5.056430411748059,0.6552295236224095,0.49018447801425924
2015-06-10,-74.47589695656318,5.056430411748059,0.667461859137375,0.47370149942670303
2015-06-26,-74.47589695656318,5.056430411748059,0.7778486608676197,0.5821915720715058
2015-07-12,-74.47589695656318,5.056430411748059,0.8288821923849845,0.6109889593055514
2015-07-28,-74.47589695656318,5.056430411748059,0.8543510620105801,0.6375973130389405
2015-08-13,-74.47589695656318,5.056430411748059,0.8248567642266008,0.610622603593903
2015-08-29,-74.47589695656318,5.056430411748059,0.7925759559054156,0.634219158100694
2015-09-14,-74.47589695656318,5.056430411748059,0.7685745615481296,0.5893212029347411
2015-09-30,-74.47589695656318,5.056430411748059,0.6941936110242978,0.4996066518286269
2015-10-16,-74.47589695656318,5.056430411748059,0.6200686987355406,0.48707537471923945
2015-11-01,-74.47589695656318,5.056430411748059,0.5255779772907699,0.37677284351348916
2015-11-17,-74.47589695656318,5.056430411748059,0.4484696084143665,0.34633265832512977
2015-12-03,-74.47589695656318,5.056430411748059,0.392538432770021,0.3014788341449656
2015-12-19,-74.47589695656318,5.056430411748059,0.2982945343972455,0.23810640553634058
2016-01-04,-74.47589695656318,5.056430411748059,0.20509801774048783,0.13455687189597498
2016-01-20,-74.47589695656318,5.056430411748059,0.17055056697526058,0.10127001011761252
2016-02-05,-74.47589695656318,5.056430411748059,0.19624283756483948,0.15298313000690472
2016-02-21,-74.47589695656318,5.056430411748059,0.1949603444847584,0.09436592805552343
2016-03-08,-74.47589695656318,5.056430411748059,0.27146564263791817,0.18571379189536752
2016-03-24,-74.47589695656318,5.056430411748059,0.329538892944636,0.2181693400954507
2016-04-09,-74.47589695656318,5.056430411748059,0.34717880423772673,0.21632711552810246
2016-04-25,-74.47589695656318,5.056430411748059,0.4567232500806351,0.32051730114425164
2016-05-11,-74.47589695656318,5.056430411748059,0.5187175006980131,0.3615878411800219
2016-05-27,-74.47589695656318,5.056430411748059,0.6442272997167979,0.4973997478189494
2016-06-12,-74.47589695656318,5.056430411748059,0.7445580160088167,0.544704379585153
2016-06-28,-74.47589695656318,5.056430411748059,0.7774621158462056,0.5573098829366152
2016-07-14,-74.47589695656318,5.056430411748059,0.8114022279616581,0.5981747647056199
2016-07-30,-74.47589695656318,5.056430411748059,0.8492646916836957,0.6572889548911355
2016-08-15,-74.47589695656318,5.056430411748059,0.8568763113082887,0.6258009880368642
2016-08-31,-74.47589695656318,5.056430411748059,0.8295303902713014,0.62126608996132
2016-09-16,-74.47589695656318,5.056430411748059,0.7530744630039258,0.550635617516566
2016-10-02,-74.47589695656318,5.056430411748059,0.6796410553823311,0.544577068460673
2016-10-18,-74.47589695656318,5.056430411748059,0.6147100987019364,0.46452481097647635
2016-11-03,-74.47589695656318,5.056430411748059,0.5136900590585691,0.43418711652268743
2016-11-19,-74.47589695656318,5.056430411748059,0.45481555974089394,0.32669042750969457
2016-12-05,-74.47589695656318,5.056430411748059,0.3392315668809378,0.2501387842932851
2016-12-21,-74.47589695656318,5.056430411748059,0.27615093034936894,0.193088677909398
2017-01-06,-74.47589695656318,5.056430411748059,0.2312050447974249,0.20244554623885497
2017-01-22,-74.47589695656318,5.056430411748059,0.16311830319203197,0.09977579265218263
2017-02-07,-74.47589695656318,5.056430411748059,0.17093873080865526,0.11946813690433485
2017-02-23,-74.47589695656318,5.056430411748059,0.23669366973443906,0.19755443670112607
2017-03-11,-74.47589695656318,5.056430411748059,0.2554293233363458,0.18628467863199136
2017-03-27,-74.47589695656318,5.056430411748059,0.29132961213019204,0.18946310082233606
2017-04-12,-74.47589695656318,5.056430411748059,0.38933658682487293,0.30182353221483044
2017-04-28,-74.47589695656318,5.056430411748059,0.48642282007018517,0.3606005207855155
2017-05-14,-74.47589695656318,5.056430411748059,0.548665266152191,0.41489986018535596
2017-05-30,-74.47589695656318,5.056430411748059,0.6570891436887418,0.4634125453246068
2017-06-15,-74.47589695656318,5.056430411748059,0.7320602419881014,0.5486352702476195
2017-07-01,-74.47589695656318,5.056430411748059,0.7587054730945239,0.5273369897678115
2017-07-17,-74.47589695656318,5.056430411748059,0.8194247026782586,0.6435227866741754
2017-08-02,-74.47589695656318,5.056430411748059,0.8744738482829425,0.6629629104256087
2017-08-18,-74.47589695656318,5.056430411748059,0.8741771288675799,0.65477402499155
2017-09-03,-74.47589695656318,5.056430411748059,0.8235463728714478,0.6086351618754573
2017-09-19,-74.47589695656318,5.056430411748059,0.7416139201840692,0.5426602578004391
2017-10-05,-74.47589695656318,5.056430411748059,0.6399663776853413,0.5057166284629442
2017-10-21,-74.47589695656318,5.056430411748059,0.5847925100544118,0.42256560694570494
2017-11-06,-74.47589695656318,5.056430411748059,0.4839493586437215,0.35887483025206546
2017-11-22,-74.47589695656318,5.056430411748059,0.45300782586597127,0.3816314464159328
2017-12-08,-74.47589695656318,5.056430411748059,0.30174548822210406,0.2192201562470524
2017-12-24,-74.47589695656318,5.056430411748059,0.24477591895419634,0.20334869403987765
2018-01-09,-74.47589695656318,5.056430411748059,0.22020961594702274,0.15242582541267036
2018-01-25,-74.47589695656318,5.056430411748059,0.1873016674845708,0.13092787818527393
2018-02-10,-74.47589695656318,5.056430411748059,0.21402337557832013,0.17145672198406087
2018-02-26,-74.47589695656318,5.056430411748059,0.21584890833972176,0.10854833169413339
2018-03-14,-74.47589695656318,5.056430411748059,0.24509493248662229,0.2254854185461474
2018-03-30,-74.47589695656318,5.056430411748059,0.3368806706712689,0.2157187112850456
2018-04-15,-74.47589695656318,5.056430411748059,0.38314710879167774,0.26332994227538387
2018-05-01,-74.47589695656318,5.056430411748059,0.5118658428496381,0.38878494778274675
2018-05-17,-74.47589695656318,5.056430411748059,0.5530359332023728,0.41546010877259537
2018-06-02,-74.47589695656318,5.056430411748059,0.6026716589803567,0.43030451816613596
2018-06-18,-74.47589695656318,5.056430411748059,0.7311390254921935,0.5652677764882116
2018-07-04,-74.47589695656318,5.056430411748059,0.7506409034992324,0.5553575714703757
2018-07-20,-74.47589695656318,5.056430411748059,0.847731960879555,0.6067699041722009
2018-08-05,-74.47589695656318,5.056430411748059,0.8463371215030262,0.6360723311893897
2018-08-21,-74.47589695656318,5.056430411748059,0.8653288789989537,0.6443939353869826
2018-09-06,-74.47589695656318,5.056430411748059,0.7927771623092974,0.6116820667952667
2018-09-22,-74.47589695656318,5.056430411748059,0.7133559043406894,0.5305992641244999
2018-10-08,-74.47589695656318,5.056430411748059,0.6571938628126583,0.49011716085539175
2018-10-24,-74.47589695656318,5.056430411748059,0.5979999419071506,0.4595831861320063
2018-11-09,-74.47589695656318,5.056430411748059,0.4755078849160899,0.3593648977536117
2018-11-25,-74.47589695656318,5.056430411748059,0.43129219710655375,0.30684183385396924
2018-12-11,-74.47589695656318,5.056430411748059,0.32364949573209084,0.2388739082602956
2018-12-27,-74.47589695656318,5.056430411748059,0.25309593612661047,0.1572087996499698
2019-01-12,-74.47589695656318,5.056430411748059,0.23553286088730066,0.16116260764771184
2019-01-28,-74.47589695656318,5.056430411748059,0.20369814544314951,0.14034607692141193
2019-02-13,-74.47589695656318,5.056430411748059,0.17124303553789064,0.1526947416627273
2019-03-01,-74.47589695656318,5.056430411748059,0.22888111168350034,0.17583415174190492
2019-03-17,-74.47589695656318,5.056430411748059,0.2722471766230563,0.19841432686216423
2019-04-02,-74.47589695656318,5.056430411748059,0.32402812162325284,0.22978860336816326
2019-04-18,-74.47589695656318,5.056430411748059,0.4235351470762737,0.30378309368385825
2019-05-04,-74.47589695656318,5.056430411748059,0.5243770081089143,0.3869660727152892
2019-05-20,-74.47589695656318,5.056430411748059,0.5855401741019032,0.4543296909895141
2019-06-05,-74.47589695656318,5.056430411748059,0.6704807520014103,0.4969023977153515
2019-06-21,-74.47589695656318,5.056430411748059,0.742295876451005,0.5745982744094055
2019-07-07,-74.47589695656318,5.056430411748059,0.7850568039411467,0.5862678628103948
2019-07-23,-74.47589695656318,5.056430411748059,0.8322842334297283,0.6415048789828494
2019-08-08,-74.47589695656318,5.056430411748059,0.8396481477735408,0.66590209272003
2019-08-24,-74.47589695656318,5.056430411748059,0.8231616012633586,0.6126175281794134
2019-09-09,-74.47589695656318,5.056430411748059,0.7837571226796267,0.5614850134365598
2019-09-25,-74.47589695656318,5.056430411748059,0.7065152264976505,0.519273082078456
2019-10-11,-74.47589695656318,5.056430411748059,0.6737424480964253,0.5046443148850788
2019-10-27,-74.47589695656318,5.056430411748059,0.5545590435297555,0.4404499775594485
2019-11-12,-74.47589695656318,5.056430411748059,0.5044927131802999,0.4034771841033801
2019-11-28,-74.47589695656318,5.056430411748059,0.36845915248594335,0.2664393919605844
2019-12-14,-74.47589695656318,5.056430411748059,0.34331169340522516,0.2623065638939193
2019-12-30,-74.47589695656318,5.056430411748059,0.2385809551844718,0.1933026756149706
2020-01-15,-74.47589695656318,5.056430411748059,0.22111336364433085,0.15440603131468283
2020-01-31,-74.47589695656318,5.056430411748059,0.1857662935793585,0.15785592156886005
2020-02-16,-74.47589695656318,5.056430411748059,0.16343481178687383,0.12282301798867817
2020-03-03,-74.47589695656318,5.056430411748059,0.1940720309373113,0.12588241326444724
2020-03-19,-74.47589695656318,5.056430411748059,0.25703300738009044,0.20231714629265726
2020-04-04,-74.47589695656318,5.056430411748059,0.3320906868621158,0.23609965264721872
2020-04-20,-74.47589695656318,5.056430411748059,0.42280477767078833,0.29416432868776266
2020-05-06,-74.47589695656318,5.056430411748059,0.5203237374139197,0.412870538299606
2020-05-22,-74.47589695656318,5.056430411748059,0.6000866134498192,0.44601198022136024
2020-06-07,-74.47589695656318,5.056430411748059,0.6922329938504084,0.4786053570111754
2020-06-23,-74.47589695656318,5.056430411748059,0.7655007589577428,0.6361632852932044
2020-07-09,-74.47589695656318,5.056430411748059,0.8039410929967882,0.6005733190732645
2020-07-25,-74.47589695656318,5.056430411748059,0.8506349692571314,0.6708828803068079
2020-08-10,-74.47589695656318,5.056430411748059,0.8601545722273877,0.6020037915988697
2020-08-26,-74.47589695656318,5.056430411748059,0.8319709553331592,0.6754168194047029
2020-09-11,-74.47589695656318,5.056430411748059,0.7898589763345093,0.5693021939854469
2020-09-27,-74.47589695656318,5.056430411748059,0.7196768311759069,0.5141438783551088
2020-10-13,-74.47589695656318,5.056430411748059,0.660026243474966,0.47590203084566596
2020-10-29,-74.47589695656318,5.056430411748059,0.5488151160538802,0.39445573700057324
2020-11-14,-74.47589695656318,5.056430411748059,0.4456281106363872,0.3639440958945003
2020-11-30,-74.47589695656318,5.056430411748059,0.3719624474273581,0.2677877860960042
2020-12-16,-74.47589695656318,5.056430411748059,0.27096725567736735,0.16579141203003678
2021-01-01,-74.47589695656318,5.056430411748059,0.21235360147083143,0.16150438593201114
2021-01-17,-74.47589695656318,5.056430411748059,0.21679698382075352,0.15139070801712112
2021-02-02,-74.47589695656318,5.056430411748059,0.21207707309294754,0.1447077963751461
2021-02-18,-74.47589695656318,5.056430411748059,0.18428642604605192,0.1166232851277939
2021-03-06,-74.47589695656318,5.056430411748059,0.24151718691872529,0.22308810246993532
2021-03-22,-74.47589695656318,5.056430411748059,0.24093412088885766,0.17377734929394928
2021-04-07,-74.47589695656318,5.056430411748059,0.373641844461888,0.2512924729179039
2021-04-23,-74.47589695656318,5.056430411748059,0.4441222485805452,0.35752113043956035
2021-05-09,-74.47589695656318,5.056430411748059,0.5246965870498704,0.40452770170620544
2021-05-25,-74.47589695656318,5.056430411748059,0.6477843609848951,0.5248068018206943
2021-06-10,-74.47589695656318,5.056430411748059,0.6931104109423515,0.509185251220779
2021-06-26,-74.47589695656318,5.056430411748059,0.7439177476119142,0.5774775937175098
2021-07-12,-74.47589695656318,5.056430411748059,0.7839100633078842,0.5828810667210891
2021-07-28,-74.47589695656318,5.056430411748059,0.8397923864788728,0.6197842396047795
2021-08-13,-74.47589695656318,5.056430411748059,0.8451032506334624,0.685117704340952
2021-08-29,-74.47589695656318,5.056430411748059,0.8140850712069495,0.6018556908566643
2021-09-14,-74.47589695656318,5.056430411748059,0.7908088343069365,0.5978982986131128
2021-09-30,-74.47589695656318,5.056430411748059,0.7337177091059413,0.5535820342258503
2021-10-16,-74.47589695656318,5.056430411748059,0.6197778447944786,0.4291588858339679
2021-11-01,-74.47589695656318,5.056430411748059,0.5035979192425007,0.34098446562333345
2021-11-17,-74.47589695656318,5.056430411748059,0.4529471068526684,0.31246534054215214
2021-12-03,-74.47589695656318,5.056430411748059,0.38479301671134497,0.2891996938306278
2021-12-19,-74.47589695656318,5.056430411748059,0.28053094244458743,0.1935211053293538
2022-01-04,-74.47589695656318,5.056430411748059,0.24060350034454456,0.16436266886756018
2022-01-20,-74.47589695656318,5.056430411748059,0.17252093268597596,0.15315769792658893
2022-02-05,-74.47589695656318,5.056430411748059,0.18742606328293188,0.13587095889723347
2022-02-21,-74.47589695656318,5.056430411748059,0.20619908291760375,0.1548279496504168
2022-03-09,-74.47589695656318,5.056430411748059,0.23801636847457946,0.1621753183084255
2022-03-25,-74.47589695656318,5.056430411748059,0.3299106100040693,0.23584055814952748
2022-04-10,-74.47589695656318,5.056430411748059,0.394547153947857,0.29213298847480323
2022-04-26,-74.47589695656318,5.056430411748059,0.46562269287488034,0.363901489636683
2022-05-12,-74.47589695656318,5.056430411748059,0.5631145388829811,0.40552343001895297
2022-05-28,-74.47589695656318,5.056430411748059,0.650192906487618,0.5245734768839423
2022-06-13,-74.47589695656318,5.056430411748059,0.7031434786024038,0.5280517302946452
2022-06-29,-74.47589695656318,5.056430411748059,0.7626167955756665,0.5650338716380479
2022-07-15,-74.47589695656318,5.056430411748059,0.8523314643950142,0.6191639077736565
2022-07-31,-74.47589695656318,5.056430411748059,0.8211333160967718,0.6480680058008664
2022-08-16,-74.47589695656318,5.056430411748059,0.8495459460094259,0.6795668644879199
2022-09-01,-74.47589695656318,5.056430411748059,0.8005522594223243,0.6029398173114947
2022-09-17,-74.47589695656318,5.056430411748059,0.74635286204643,0.5626306699077764
2022-10-03,-74.47589695656318,5.056430411748059,0.6553578373238761,0.5052174691260073
2022-10-19,-74.47589695656318,5.056430411748059,0.6150313650419026,0.46012243053210855
2022-11-04,-74.47589695656318,5.056430411748059,0.5111277097373148,0.3654507025556241
2022-11-20,-74.47589695656318,5.056430411748059,0.44326960820462064,0.3090304064393974
2022-12-06,-74.47589695656318,5.056430411748059,0.35494178621601513,0.3076953675582005
2022-12-22,-74.47589695656318,5.056430411748059,0.3029439205566029,0.19710538156403912
2023-01-07,-74.47589695656318,5.056430411748059,0.20895702608524058,0.1651467843750372
2023-01-23,-74.47589695656318,5.056430411748059,0.18670919145846254,0.11204377922819848
2023-02-08,-74.47589695656318,5.056430411748059,0.18858926694380906,0.1412416123055308
2023-02-24,-74.47589695656318,5.056430411748059,0.23682780211842147,0.17255627753646716
2023-03-12,-74.47589695656318,5.056430411748059,0.2631188169961409,0.17199734468450617
2023-03-28,-74.47589695656318,5.056430411748059,0.2808680801524387,0.22508429931051882
2023-04-13,-74.47589695656318,5.056430411748059,0.40057569805690985,0.28128391902119454
2023-04-29,-74.47589695656318,5.056430411748059,0.4668187025827306,0.32248244346646643
2023-05-15,-74.47589695656318,5.056430411748059,0.553520993173574,0.431879200592663
2023-05-31,-74.47589695656318,5.056430411748059,0.6357813258795201,0.471855300290764
2023-06-16,-74.47589695656318,5.056430411748059,0.6991630835309962,0.5114051443757486
2023-07-02,-74.47589695656318,5.056430411748059,0.8183176993411403,0.615196772340198
2023-07-18,-74.47589695656318,5.056430411748059,0.8039956284268734,0.5967012823217952
2023-08-03,-74.47589695656318,5.056430411748059,0.8093872623629345,0.5867572529293966
2023-08-19,-74.47589695656318,5.056430411748059,0.8609407129090815,0.6428558861940791
2023-09-04,-74.47589695656318,5.056430411748059,0.8396237423038547,0.6278108499579699
2023-09-20,-74.47589695656318,5.056430411748059,0.7472484515947414,0.5732542218668985
2023-10-06,-74.47589695656318,5.056430411748059,0.6228174691535631,0.4712118883382438
2023-10-22,-74.47589695656318,5.056430411748059,0.5911377830494593,0.47307411515739745
2023-11-07,-74.47589695656318,5.056430411748059,0.5211500004557266,0.3681886666308589
2023-11-23,-74.47589695656318,5.056430411748059,0.4371327407317928,0.3226032650372247
2023-12-09,-74.47589695656318,5.056430411748059,0.3120807994682142,0.23800266461858471
2023-12-25,-74.47589695656318,5.056430411748059,0.2576310773500249,0.22399261429308914
2024-01-10,-74.47589695656318,5.056430411748059,0.21881461535134925,0.16822413993123203
2024-01-26,-74.47589695656318,5.056430411748059,0.2028752300341992,0.17401385488750365
2024-02-11,-74.47589695656318,5.056430411748059,0.19798476184868846,0.1768778408428154
2024-02-27,-74.47589695656318,5.056430411748059,0.2167191334909288,0.16589237941273063
2024-03-14,-74.47589695656318,5.056430411748059,0.2746682540381355,0.20418326772695883
2024-03-30,-74.47589695656318,5.056430411748059,0.3155778108138306,0.27111489645631126
2024-04-15,-74.47589695656318,5.056430411748059,0.42716623513818264,0.32021116021517054
2024-05-01,-74.47589695656318,5.056430411748059,0.4742418052026202,0.3849448239061351
2024-05-17,-74.47589695656318,5.056430411748059,0.5899987930618935,0.4488107198803674
2024-06-02,-74.47589695656318,5.056430411748059,0.6534876218608885,0.49674964796995824
2024-06-18,-74.47589695656318,5.056430411748059,0.7342047055478192,0.5373667655694045
2024-07-04,-74.47589695656318,5.056430411748059,0.7950806045196164,0.6016189343025045
2024-07-20,-74.47589695656318,5.056430411748059,0.8216381641987532,0.6343051369212552
2024-08-05,-74.47589695656318,5.056430411748059,0.8675919790777735,0.6700919381814384
2024-08-21,-74.47589695656318,5.056430411748059,0.8240275547027782,0.6331370961108511
2024-09-06,-74.47589695656318,5.056430411748059,0.7948412601680696,0.5714160255547331
2024-09-22,-74.47589695656318,5.056430411748059,0.749192584709707,0.5648170713514191
2024-10-08,-74.47589695656318,5.056430411748059,0.7131291527493785,0.5639922818276051
2024-10-24,-74.47589695656318,5.056430411748059,0.5896800471424171,0.4472434453825764
2024-11-09,-74.47589695656318,5.056430411748059,0.4880768450284288,0.3459838456986595
2024-11-25,-74.47589695656318,5.056430411748059,0.36134823027123525,0.2535599905217951
2024-12-11,-74.47589695656318,5.056430411748059,0.3151638700816048,0.1942621169970239
2024-12-27,-74.47589695656318,5.056430411748059,0.2399179546347314,0.17498620531356002
2015-01-01,-74.88203207901195,5.333311888191565,0.19085538858811565,0.14177458567384746
2015-01-17,-74.88203207901195,5.333311888191565,0.15300315716426144,0.09939325919839306
2015-02-02,-74.88203207901195,5.333311888191565,0.12216469114009382,0.11183399876160463
2015-02-18,-74.88203207901195,5.333311888191565,0.14680710902849164,0.08821140403075131
2015-03-06,-74.88203207901195,5.333311888191565,0.20434221599976898,0.15561685706240921
2015-03-22,-74.88203207901195,5.333311888191565,0.2443306298407218,0.1824330452241975
2015-04-07,-74.88203207901195,5.333311888191565,0.40237798746837133,0.3108080783117152
2015-04-23,-74.88203207901195,5.333311888191565,0.5458707673895139,0.434425265188379
2015-05-09,-74.88203207901195,5.333311888191565,0.6527691960445693,0.5455786157517135
2015-05-25,-74.88203207901195,5.333311888191565,0.758493009624129,0.5721311613767508
2015-06-10,-74.88203207901195,5.333311888191565,0.8703566792873089,0.6415827807975818
2015-06-26,-74.88203207901195,5.333311888191565,0.9404927416532188,0.6924150033783478
2015-07-12,-74.88203207901195,5.333311888191565,0.95,0.6994618182396035
2015-07-28,-74.88203207901195,5.333311888191565,0.95,0.72076946586211
2015-08-13,-74.88203207901195,5.333311888191565,0.95,0.673949577285665
2015-08-29,-74.88203207901195,5.333311888191565,0.95,0.6895546701707707
2015-09-14,-74.88203207901195,5.333311888191565,0.9022054720440101,0.6849425706225803
2015-09-30,-74.88203207901195,5.333311888191565,0.8313776274807394,0.6448388080445386
2015-10-16,-74.88203207901195,5.333311888191565,0.7308943265167657,0.5696088040112274
2015-11-01,-74.88203207901195,5.333311888191565,0.6069306407018572,0.45939156670822273
2015-11-17,-74.88203207901195,5.333311888191565,0.49488606593153356,0.38955280528345215
2015-12-03,-74.88203207901195,5.333311888191565,0.3669554495326187,0.3006380245666669
2015-12-19,-74.88203207901195,5.333311888191565,0.2160037232177165,0.15619352893047836
2016-01-04,-74.88203207901195,5.333311888191565,0.18451646690785645,0.16144100773052372
2016-01-20,-74.88203207901195,5.333311888191565,0.1794489499854287,0.10558312508486628
2016-02-05,-74.88203207901195,5.333311888191565,0.16652126587798852,0.101462045687966
2016-02-21,-74.88203207901195,5.333311888191565,0.13937153565786908,0.09984293769685451
2016-03-08,-74.88203207901195,5.333311888191565,0.2115492059601965,0.12749355887580985
2016-03-24,-74.88203207901195,5.333311888191565,0.3142478788016854,0.24927395759579613
2016-04-09,-74.88203207901195,5.333311888191565,0.42700552866637276,0.31158503990422226
2016-04-25,-74.88203207901195,5.333311888191565,0.5232542656341083,0.39183215592752835
2016-05-11,-74.88203207901195,5.333311888191565,0.6804697019839914,0.45366738083532915
2016-05-27,-74.88203207901195,5.333311888191565,0.745530800337013,0.5592589171085957
2016-06-12,-74.88203207901195,5.333311888191565,0.8473221632530004,0.6303252152943278
2016-06-28,-74.88203207901195,5.333311888191565,0.9494127824476092,0.6989058646598575
2016-07-14,-74.88203207901195,5.333311888191565,0.95,0.7250629855551561
2016-07-30,-74.88203207901195,5.333311888191565,0.95,0.7034361053206252
2016-08-15,-74.88203207901195,5.333311888191565,0.95,0.7123512730670881
2016-08-31,-74.88203207901195,5.333311888191565,0.942150702360389,0.7158441051295172
2016-09-16,-74.88203207901195,5.333311888191565,0.8951714430985358,0.6966092838201228
2016-10-02,-74.88203207901195,5.333311888191565,0.8191334884582362,0.6377514444280702
2016-10-18,-74.88203207901195,5.333311888191565,0.6734027930114318,0.4976243619348253
2016-11-03,-74.88203207901195,5.333311888191565,0.5468437758104967,0.396029007679286
2016-11-19,-74.88203207901195,5.333311888191565,0.475756060049511,0.38656685659558315
2016-12-05,-74.88203207901195,5.333311888191565,0.31684284077380764,0.22846657721401006
2016-12-21,-74.88203207901195,5.333311888191565,0.24580418066285392,0.19606524833333608
2017-01-06,-74.88203207901195,5.333311888191565,0.14839804307453708,0.07923853067533404
2017-01-22,-74.88203207901195,5.333311888191565,0.15476014927104378,0.07708934057492436
2017-02-07,-74.88203207901195,5.333311888191565,0.1305233275510105,0.10113433183443471
2017-02-23,-74.88203207901195,5.333311888191565,0.17579774522517724,0.1290139470080063
2017-03-11,-74.88203207901195,5.333311888191565,0.21961535494334133,0.18160293340183561
2017-03-27,-74.88203207901195,5.333311888191565,0.31902043074453357,0.22632499061937097
2017-04-12,-74.88203207901195,5.333311888191565,0.42088442971950507,0.32332670274275266
2017-04-28,-74.88203207901195,5.333311888191565,0.5736844021199636,0.44598977495580433
2017-05-14,-74.88203207901195,5.333311888191565,0.6861917674422524,0.5024316776556967
2017-05-30,-74.88203207901195,5.333311888191565,0.7681488528371666,0.5714040397716151
2017-06-15,-74.88203207901195,5.333311888191565,0.877844381731853,0.638222787142832
2017-07-01,-74.88203207901195,5.333311888191565,0.95,0.7301670327551758
2017-07-17,-74.88203207901195,5.333311888191565,0.95,0.725334212980277
2017-08-02,-74.88203207901195,5.333311888191565,0.95,0.7268965596186274
2017-08-18,-74.88203207901195,5.333311888191565,0.95,0.7095867785360512
2017-09-03,-74.88203207901195,5.333311888191565,0.95,0.7249728419922329
2017-09-19,-74.88203207901195,5.333311888191565,0.8806972308735223,0.6105243086734938
2017-10-05,-74.88203207901195,5.333311888191565,0.7722204896785517,0.5779444075446957
2017-10-21,-74.88203207901195,5.333311888191565,0.6799246523246304,0.5436184516959724
2017-11-06,-74.88203207901195,5.333311888191565,0.567982918198304,0.42761779423335783
2017-11-22,-74.88203207901195,5.333311888191565,0.43547035349206104,0.34868643276243966
2017-12-08,-74.88203207901195,5.333311888191565,0.3152769650019247,0.23365204799663156
2017-12-24,-74.88203207901195,5.333311888191565,0.21564537341708054,0.19011215103671647
2018-01-09,-74.88203207901195,5.333311888191565,0.18178012285141779,0.12218462621848443
2018-01-25,-74.88203207901195,5.333311888191565,0.1390756754043536,0.1144997718173908
2018-02-10,-74.88203207901195,5.333311888191565,0.13717488962707525,0.09219175478605442
2018-02-26,-74.88203207901195,5.333311888191565,0.1632559954554649,0.12922123457642098
2018-03-14,-74.88203207901195,5.333311888191565,0.23408583795994153,0.16648922377470124
2018-03-30,-74.88203207901195,5.333311888191565,0.3052917029805728,0.23052158876597298
2018-04-15,-74.88203207901195,5.333311888191565,0.4381729343644311,0.322196733800484
2018-05-01,-74.88203207901195,5.333311888191565,0.5662999767311734,0.439685027803098
2018-05-17,-74.88203207901195,5.333311888191565,0.6985401679363153,0.5349596959702317
2018-06-02,-74.88203207901195,5.333311888191565,0.794326405893719,0.5844048377014643
2018-06-18,-74.88203207901195,5.333311888191565,0.8766980165223142,0.6456603822449739
2018-07-04,-74.88203207901195,5.333311888191565,0.95,0.6967742775669502
2018-07-20,-74.88203207901195,5.333311888191565,0.95,0.6931908664417626
2018-08-05,-74.88203207901195,5.333311888191565,0.95,0.7288881224172958
2018-08-21,-74.88203207901195,5.333311888191565,0.95,0.6957593269355221
2018-09-06,-74.88203207901195,5.333311888191565,0.9353037312607936,0.7099385179402032
2018-09-22,-74.88203207901195,5.333311888191565,0.9036934940480832,0.6697086433159396
2018-10-08,-74.88203207901195,5.333311888191565,0.768895715069145,0.5981044230996402
2018-10-24,-74.88203207901195,5.333311888191565,0.6197701406235375,0.5041649783259065
2018-11-09,-74.88203207901195,5.333311888191565,0.5822304198079131,0.3825460642675332
2018-11-25,-74.88203207901195,5.333311888191565,0.4126091191156431,0.29507789869934103
2018-12-11,-74.88203207901195,5.333311888191565,0.3032704804298911,0.21908515893009983
2018-12-27,-74.88203207901195,5.333311888191565,0.23959376029052565,0.17744392207853443
2019-01-12,-74.88203207901195,5.333311888191565,0.1471421131469776,0.10691288163433071
2019-01-28,-74.88203207901195,5.333311888191565,0.1492386583582544,0.08825456721338516
2019-02-13,-74.88203207901195,5.333311888191565,0.11317343670168489,0.12473493354297008
2019-03-01,-74.88203207901195,5.333311888191565,0.1734377670044959,0.12733126551498147
2019-03-17,-74.88203207901195,5.333311888191565,0.24852217593327577,0.1973533860315997
2019-04-02,-74.88203207901195,5.333311888191565,0.38683807314945035,0.3017272316966735
2019-04-18,-74.88203207901195,5.333311888191565,0.43347751656417577,0.29742566888296124
2019-05-04,-74.88203207901195,5.333311888191565,0.5774087888924939,0.4276919276787051
2019-05-20,-74.88203207901195,5.333311888191565,0.6724108883834382,0.5206949846910675
2019-06-05,-74.88203207901195,5.333311888191565,0.797347879676833,0.6278769410001398
2019-06-21,-74.88203207901195,5.333311888191565,0.95,0.7075349293473564
2019-07-07,-74.88203207901195,5.333311888191565,0.95,0.6878610555583159
2019-07-23,-74.88203207901195,5.333311888191565,0.95,0.7025361515313125
2019-08-08,-74.88203207901195,5.333311888191565,0.95,0.7067133002349403
2019-08-24,-74.88203207901195,5.333311888191565,0.95,0.7059968119399248
2019-09-09,-74.88203207901195,5.333311888191565,0.95,0.6967938481472853
2019-09-25,-74.88203207901195,5.333311888191565,0.8930468772490593,0.6432839652802874
2019-10-11,-74.88203207901195,5.333311888191565,0.7843644118701932,0.5679430964645111
2019-10-27,-74.88203207901195,5.333311888191565,0.6330997749980477,0.4650209089789754
2019-11-12,-74.88203207901195,5.333311888191565,0.5036301410949012,0.39374975054828687
2019-11-28,-74.88203207901195,5.333311888191565,0.42344933642613314,0.3413974964187127
2019-12-14,-74.88203207901195,5.333311888191565,0.2826907601217985,0.21570317453943993
2019-12-30,-74.88203207901195,5.333311888191565,0.19460748653538726,0.12612460865004654
2020-01-15,-74.88203207901195,5.333311888191565,0.13498142065613114,0.09248459935241576
2020-01-31,-74.88203207901195,5.333311888191565,0.1427007904526897,0.06878928964448719
2020-02-16,-74.88203207901195,5.333311888191565,0.15024830701029482,0.14300673274871162
2020-03-03,-74.88203207901195,5.333311888191565,0.21973062490400125,0.15309428714746764
2020-03-19,-74.88203207901195,5.333311888191565,0.24464590078534473,0.19268103171830508
2020-04-04,-74.88203207901195,5.333311888191565,0.32502411126278125,0.2659711657647395
2020-04-20,-74.88203207901195,5.333311888191565,0.48194168523953007,0.3980822703411956
2020-05-06,-74.88203207901195,5.333311888191565,0.573909415410672,0.4487949860621606
2020-05-22,-74.88203207901195,5.333311888191565,0.7268540499554955,0.53851952683718
2020-06-07,-74.88203207901195,5.333311888191565,0.8109859271157288,0.620154403471031
2020-06-23,-74.88203207901195,5.333311888191565,0.9422714701443995,0.7424061586476174
2020-07-09,-74.88203207901195,5.333311888191565,0.95,0.7006220934208852
2020-07-25,-74.88203207901195,5.333311888191565,0.95,0.6851301713295522
2020-08-10,-74.88203207901195,5.333311888191565,0.95,0.6969365143144426
2020-08-26,-74.88203207901195,5.333311888191565,0.95,0.7230014408172413
2020-09-11,-74.88203207901195,5.333311888191565,0.9364173462652324,0.6961756434477183
2020-09-27,-74.88203207901195,5.333311888191565,0.8529802652474456,0.6394257836788482
2020-10-13,-74.88203207901195,5.333311888191565,0.7230730865425717,0.5562249106398929
2020-10-29,-74.88203207901195,5.333311888191565,0.6072514309774512,0.4394718776583118
2020-11-14,-74.88203207901195,5.333311888191565,0.4998543368826377,0.37361103954940694
2020-11-30,-74.88203207901195,5.333311888191565,0.382633506998198,0.2778979330815648
2020-12-16,-74.88203207901195,5.333311888191565,0.2496100634709865,0.22190902685352537
2021-01-01,-74.88203207901195,5.333311888191565,0.23299363234135012,0.1924209234812518
2021-01-17,-74.88203207901195,5.333311888191565,0.1458132101698213,0.10335354816414452
2021-02-02,-74.88203207901195,5.333311888191565,0.1651938444129002,0.11681878255832688
2021-02-18,-74.88203207901195,5.333311888191565,0.142551675851882,0.14435845040164055
2021-03-06,-74.88203207901195,5.333311888191565,0.20425146924888038,0.1885571085069372
2021-03-22,-74.88203207901195,5.333311888191565,0.25581687611079845,0.2022263547387889
2021-04-07,-74.88203207901195,5.333311888191565,0.42644004076573844,0.3204250454674811
2021-04-23,-74.88203207901195,5.333311888191565,0.49599477524025853,0.3486410430782255
2021-05-09,-74.88203207901195,5.333311888191565,0.6454373766382572,0.4686754708258791
2021-05-25,-74.88203207901195,5.333311888191565,0.7414337132008374,0.5313852393047759
2021-06-10,-74.88203207901195,5.333311888191565,0.8820197654206309,0.6846125302799868
2021-06-26,-74.88203207901195,5.333311888191565,0.9377073202790568,0.680197511497554
2021-07-12,-74.88203207901195,5.333311888191565,0.95,0.705181365459057
2021-07-28,-74.88203207901195,5.333311888191565,0.95,0.677257639750549
2021-08-13,-74.88203207901195,5.333311888191565,0.95,0.6834072375494011
2021-08-29,-74.88203207901195,5.333311888191565,0.95,0.7273881746739542
2021-09-14,-74.88203207901195,5.333311888191565,0.912356906886785,0.6913815478073628
2021-09-30,-74.88203207901195,5.333311888191565,0.812532157348662,0.6107024993387811
2021-10-16,-74.88203207901195,5.333311888191565,0.7542563064996506,0.5587225083142001
2021-11-01,-74.88203207901195,5.333311888191565,0.602451305625068,0.4205279346694322
2021-11-17,-74.88203207901195,5.333311888191565,0.5033011535341179,0.3679317325716911
2021-12-03,-74.88203207901195,5.333311888191565,0.3804442151796689,0.2828695554695736
2021-12-19,-74.88203207901195,5.333311888191565,0.27515107536820055,0.21978355507037045
2022-01-04,-74.88203207901195,5.333311888191565,0.18158346943063675,0.1580257307882146
2022-01-20,-74.88203207901195,5.333311888191565,0.13284135276655132,0.11518969897546436
2022-02-05,-74.88203207901195,5.333311888191565,0.13049381651167238,0.1048615213563955
2022-02-21,-74.88203207901195,5.333311888191565,0.15295598052200032,0.11571650488563215
2022-03-09,-74.88203207901195,5.333311888191565,0.19641946136901284,0.1522657357205355
2022-03-25,-74.88203207901195,5.333311888191565,0.3021340760310258,0.2157974859418199
2022-04-10,-74.88203207901195,5.333311888191565,0.4048241374152934,0.3062981925848282
2022-04-26,-74.88203207901195,5.333311888191565,0.511718778868255,0.3812139126365979
2022-05-12,-74.88203207901195,5.333311888191565,0.6265987543367236,0.5168637265317628
2022-05-28,-74.88203207901195,5.333311888191565,0.7858520605209588,0.5948509275033501
2022-06-13,-74.88203207901195,5.333311888191565,0.8924758265008442,0.6297718203419576
2022-06-29,-74.88203207901195,5.333311888191565,0.9007806984183272,0.6675997025787472
2022-07-15,-74.88203207901195,5.333311888191565,0.95,0.7077678895110333
2022-07-31,-74.88203207901195,5.333311888191565,0.95,0.7309082899668121
2022-08-16,-74.88203207901195,5.333311888191565,0.95,0.7204926137232014
2022-09-01,-74.88203207901195,5.333311888191565,0.95,0.7194501861986616
2022-09-17,-74.88203207901195,5.333311888191565,0.8937960286723997,0.6980097243015422
2022-10-03,-74.88203207901195,5.333311888191565,0.8052422459767922,0.6394153289526695
2022-10-19,-74.88203207901195,5.333311888191565,0.6778150958120855,0.5232178686581752
2022-11-04,-74.88203207901195,5.333311888191565,0.5704995759484344,0.4213198336279905
2022-11-20,-74.88203207901195,5.333311888191565,0.46336025836869005,0.34153672419272574
2022-12-06,-74.88203207901195,5.333311888191565,0.28656619992675025,0.15366728748157654
2022-12-22,-74.88203207901195,5.333311888191565,0.27277653730901386,0.2291875721393543
2023-01-07,-74.88203207901195,5.333311888191565,0.2179996507733427,0.1631491731143635
2023-01-23,-74.88203207901195,5.333311888191565,0.11778328089341028,0.07994578381703768
2023-02-08,-74.88203207901195,5.333311888191565,0.14046626575092944,0.08520893482749489
2023-02-24,-74.88203207901195,5.333311888191565,0.2032858845369907,0.19725447099561777
2023-03-12,-74.88203207901195,5.333311888191565,0.24116420414419354,0.18065587817418124
2023-03-28,-74.88203207901195,5.333311888191565,0.2935713199555495,0.25110716788978316
2023-04-13,-74.88203207901195,5.333311888191565,0.4288327757577844,0.31584129385012605
2023-04-29,-74.88203207901195,5.333311888191565,0.5566011368095158,0.40573662202735317
2023-05-15,-74.88203207901195,5.333311888191565,0.6724001875211116,0.4754508036239205
2023-05-31,-74.88203207901195,5.333311888191565,0.8072703229099653,0.6033645213597605
2023-06-16,-74.88203207901195,5.333311888191565,0.9096020961251152,0.6781788485370039
2023-07-02,-74.88203207901195,5.333311888191565,0.95,0.6882536514341607
2023-07-18,-74.88203207901195,5.333311888191565,0.95,0.694983200919538
2023-08-03,-74.88203207901195,5.333311888191565,0.95,0.7125209437216506
2023-08-19,-74.88203207901195,5.333311888191565,0.95,0.6783780611956447
2023-09-04,-74.88203207901195,5.333311888191565,0.95,0.7284046043728741
2023-09-20,-74.88203207901195,5.333311888191565,0.8800983370681522,0.6555791177168477
2023-10-06,-74.88203207901195,5.333311888191565,0.7902794960578406,0.5901904133924405
2023-10-22,-74.88203207901195,5.333311888191565,0.6505056634679172,0.48715232512759976
2023-11-07,-74.88203207901195,5.333311888191565,0.568538273424322,0.4053801861228996
2023-11-23,-74.88203207901195,5.333311888191565,0.4213954444692484,0.2884139568732348
2023-12-09,-74.88203207901195,5.333311888191565,0.3396570430585208,0.252895618157133
2023-12-25,-74.88203207901195,5.333311888191565,0.21563121911746086,0.1635687263409592
2024-01-10,-74.88203207901195,5.333311888191565,0.14687874212251256,0.08948914596267629
2024-01-26,-74.88203207901195,5.333311888191565,0.1112232261572318,0.06208183486677586
2024-02-11,-74.88203207901195,5.333311888191565,0.17050843396009302,0.11321895884441784
2024-02-27,-74.88203207901195,5.333311888191565,0.18886130052120914,0.1249199469917884
2024-03-14,-74.88203207901195,5.333311888191565,0.2614149720592679,0.17553958902582462
2024-03-30,-74.88203207901195,5.333311888191565,0.33918171133791747,0.2554433097008171
2024-04-15,-74.88203207901195,5.333311888191565,0.49566331178733297,0.38435598960010303
2024-05-01,-74.88203207901195,5.333311888191565,0.5581508456750017,0.4323141135292616
2024-05-17,-74.88203207901195,5.333311888191565,0.7347520101043301,0.5184712857685617
2024-06-02,-74.88203207901195,5.333311888191565,0.7890013014920285,0.5870130249367556
2024-06-18,-74.88203207901195,5.333311888191565,0.894671266934586,0.664348316234342
2024-07-04,-74.88203207901195,5.333311888191565,0.95,0.7405791210710002
2024-07-20,-74.88203207901195,5.333311888191565,0.95,0.70849574380755
2024-08-05,-74.88203207901195,5.333311888191565,0.95,0.7118963028570828
2024-08-21,-74.88203207901195,5.333311888191565,0.95,0.6855264868725207
2024-09-06,-74.88203207901195,5.333311888191565,0.9482890793159157,0.6960762181699275
2024-09-22,-74.88203207901195,5.333311888191565,0.8744344875882265,0.6277968427366862
2024-10-08,-74.88203207901195,5.333311888191565,0.7824705102786292,0.5891638731722613
2024-10-24,-74.88203207901195,5.333311888191565,0.6521743434874058,0.5179522931803547
2024-11-09,-74.88203207901195,5.333311888191565,0.5169598231002629,0.37320353343053264
2024-11-25,-74.88203207901195,5.333311888191565,0.3965153544037023,0.29353598441231155
2024-12-11,-74.88203207901195,5.333311888191565,0.3007365336840116,0.20893844553097324
2024-12-27,-74.88203207901195,5.333311888191565,0.17841831268860944,0.12259515449887633
2015-01-01,-75.0952528804191,4.919324503981242,0.37302580201198815,0.2951048373542535
2015-01-17,-75.0952528804191,4.919324503981242,0.4914157504131894,0.4055788854957174
2015-02-02,-75.0952528804191,4.919324503981242,0.587674500391336,0.45488347822199365
2015-02-18,-75.0952528804191,4.919324503981242,0.6671709830833996,0.4995514916932715
2015-03-06,-75.0952528804191,4.919324503981242,0.7505982884561159,0.575373748559988
2015-03-22,-75.0952528804191,4.919324503981242,0.8059936372697635,0.6006731037567243
2015-04-07,-75.0952528804191,4.919324503981242,0.8085564267612719,0.6408791179664042
2015-04-23,-75.0952528804191,4.919324503981242,0.8560653172289094,0.6511605966684136
2015-05-09,-75.0952528804191,4.919324503981242,0.8636383227492215,0.6537346108107397
2015-05-25,-75.0952528804191,4.919324503981242,0.8085293799333417,0.581562278706979
2015-06-10,-75.0952528804191,4.919324503981242,0.7480360384208011,0.5827692327853762
2015-06-26,-75.0952528804191,4.919324503981242,0.6060015681656888,0.48300276277677556
2015-07-12,-75.0952528804191,4.919324503981242,0.46886469165102335,0.34587622116287764
2015-07-28,-75.0952528804191,4.919324503981242,0.4084934800267316,0.2690289064021494
2015-08-13,-75.0952528804191,4.919324503981242,0.28363009759340324,0.2233660963919555
2015-08-29,-75.0952528804191,4.919324503981242,0.2181393094764444,0.13194537371288856
2015-09-14,-75.0952528804191,4.919324503981242,0.1378633735074405,0.09220811526760231
2015-09-30,-75.0952528804191,4.919324503981242,0.05,0.013059912260804142
2015-10-16,-75.0952528804191,4.919324503981242,0.05,0.045570446949078455
2015-11-01,-75.0952528804191,4.919324503981242,0.05,0.052305686673058314
2015-11-17,-75.0952528804191,4.919324503981242,0.08514456779739756,0.039597749731075216
2015-12-03,-75.0952528804191,4.919324503981242,0.15798841559524246,0.12522545553155795
2015-12-19,-75.0952528804191,4.919324503981242,0.25449001455951814,0.19155171328629458
2016-01-04,-75.0952528804191,4.919324503981242,0.37990860975002844,0.30657988634486033
2016-01-20,-75.0952528804191,4.919324503981242,0.4721983254552144,0.3332643037798876
2016-02-05,-75.0952528804191,4.919324503981242,0.5903321744737204,0.45216212257737176
2016-02-21,-75.0952528804191,4.919324503981242,0.6596772006666336,0.4769457345598235
2016-03-08,-75.0952528804191,4.919324503981242,0.7567164371386224,0.5633808840795593
2016-03-24,-75.0952528804191,4.919324503981242,0.8140179856176684,0.6246543037151893
2016-04-09,-75.0952528804191,4.919324503981242,0.8268219221099251,0.5885220676385553
2016-04-25,-75.0952528804191,4.919324503981242,0.8512423865668741,0.6349187338423584
2016-05-11,-75.0952528804191,4.919324503981242,0.7972082314918437,0.5857711967659315
2016-05-27,-75.0952528804191,4.919324503981242,0.7584300508655426,0.560956579208714
2016-06-12,-75.0952528804191,4.919324503981242,0.6859188643859089,0.5012075706009604
2016-06-28,-75.0952528804191,4.919324503981242,0.6114483950816967,0.46835038910594395
2016-07-14,-75.0952528804191,4.919324503981242,0.4549527396781694,0.3431047846259785
2016-07-30,-75.0952528804191,4.919324503981242,0.36132362070533064,0.2952871450189536
2016-08-15,-75.0952528804191,4.919324503981242,0.24159067317076666,0.19653977883248647
2016-08-31,-75.0952528804191,4.919324503981242,0.1641306835819247,0.15292934301541883
2016-09-16,-75.0952528804191,4.919324503981242,0.1205542973307858,0.09435530908994136
2016-10-02,-75.0952528804191,4.919324503981242,0.05,0.04763211819358912
2016-10-18,-75.0952528804191,4.919324503981242,0.05,0.0711061421195667
2016-11-03,-75.0952528804191,4.919324503981242,0.06241838067745348,0.03870093285783337
2016-11-19,-75.0952528804191,4.919324503981242,0.10046779448222902,0.051090134157697614
2016-12-05,-75.0952528804191,4.919324503981242,0.19539298977751157,0.13014451828034365
2016-12-21,-75.0952528804191,4.919324503981242,0.300993462570403,0.1998863958477708
2017-01-06,-75.0952528804191,4.919324503981242,0.38239919836597774,0.3098038739444324
2017-01-22,-75.0952528804191,4.919324503981242,0.44944100085134253,0.3774460615143506
2017-02-07,-75.0952528804191,4.919324503981242,0.5935442862635418,0.4479801223408992
2017-02-23,-75.0952528804191,4.919324503981242,0.7117163579891488,0.5483098496141727
2017-03-11,-75.0952528804191,4.919324503981242,0.7852704555149895,0.6089005333103695
2017-03-27,-75.0952528804191,4.919324503981242,0.8449543502855367,0.6689333855147986
2017-04-12,-75.0952528804191,4.919324503981242,0.8709449726870867,0.6925014399129767
2017-04-28,-75.0952528804191,4.919324503981242,0.8736365000085113,0.6191123724910182
2017-05-14,-75.0952528804191,4.919324503981242,0.8725126208530957,0.6428975834702774
2017-05-30,-75.0952528804191,4.919324503981242,0.7870990495045787,0.5908601559908228
2017-06-15,-75.0952528804191,4.919324503981242,0.6922863092987667,0.5054451537567591
2017-07-01,-75.0952528804191,4.919324503981242,0.5809266237634633,0.4306311569147093
2017-07-17,-75.0952528804191,4.919324503981242,0.48854807299743724,0.3751844180964181
2017-08-02,-75.0952528804191,4.919324503981242,0.3638530239631521,0.2296082305429027
2017-08-18,-75.0952528804191,4.919324503981242,0.23962900159523023,0.18793278389758858
2017-09-03,-75.0952528804191,4.919324503981242,0.15788332287302195,0.13763563642912346
2017-09-19,-75.0952528804191,4.919324503981242,0.0806560775989877,0.06146780029993339
2017-10-05,-75.0952528804191,4.919324503981242,0.07358715516467929,0.009616586304602326
2017-10-21,-75.0952528804191,4.919324503981242,0.054028787118804426,0.03384389381923225
2017-11-06,-75.0952528804191,4.919324503981242,0.05,0.04423088448551961
2017-11-22,-75.0952528804191,4.919324503981242,0.1422220205133599,0.12744939201470354
2017-12-08,-75.0952528804191,4.919324503981242,0.1924366498885484,0.16184230669163027
2017-12-24,-75.0952528804191,4.919324503981242,0.3093132275888273,0.23023749528175713
2018-01-09,-75.0952528804191,4.919324503981242,0.3869523213903656,0.2775095604203276
2018-01-25,-75.0952528804191,4.919324503981242,0.5302759427595806,0.3968640207954316
2018-02-10,-75.0952528804191,4.919324503981242,0.6006471487007258,0.4167881048153618
2018-02-26,-75.0952528804191,4.919324503981242,0.7334611605186575,0.5391603019437087
2018-03-14,-75.0952528804191,4.919324503981242,0.798707443488443,0.6238247207577147
2018-03-30,-75.0952528804191,4.919324503981242,0.8155433940374649,0.6107547979178418
2018-04-15,-75.0952528804191,4.919324503981242,0.8585366215183688,0.6514973236513358
2018-05-01,-75.0952528804191,4.919324503981242,0.8760438801836608,0.6304438738444974
2018-05-17,-75.0952528804191,4.919324503981242,0.8218541885401417,0.6370211169049803
2018-06-02,-75.0952528804191,4.919324503981242,0.7388913752301355,0.5514195915647391
2018-06-18,-75.0952528804191,4.919324503981242,0.6612255810126572,0.5028155273172886
2018-07-04,-75.0952528804191,4.919324503981242,0.5595847626025641,0.4309141824799474
2018-07-20,-75.0952528804191,4.919324503981242,0.41613179986264603,0.33190417985108345
2018-08-05,-75.0952528804191,4.919324503981242,0.34814817848591095,0.26483279173823915
2018-08-21,-75.0952528804191,4.919324503981242,0.19354268597734545,0.14286210036300726
2018-09-06,-75.0952528804191,4.919324503981242,0.14314191237009377,0.08446442952183399
2018-09-22,-75.0952528804191,4.919324503981242,0.07143880259919369,0.025391714198224433
2018-10-08,-75.0952528804191,4.919324503981242,0.058304005531354446,0.04704711044655686
2018-10-24,-75.0952528804191,4.919324503981242,0.05,0.04452929723163962
2018-11-09,-75.0952528804191,4.919324503981242,0.07193730874791059,0.06428126721602104
2018-11-25,-75.0952528804191,4.919324503981242,0.12260109382969238,0.0759212323574088
2018-12-11,-75.0952528804191,4.919324503981242,0.19660389368310482,0.13668951593136053
2018-12-27,-75.0952528804191,4.919324503981242,0.31206078809577936,0.2370047603803304
2019-01-12,-75.0952528804191,4.919324503981242,0.4180950262896624,0.3051048787373164
2019-01-28,-75.0952528804191,4.919324503981242,0.5273591596432176,0.44567386544255183
2019-02-13,-75.0952528804191,4.919324503981242,0.6252244024235922,0.4577588616467703
2019-03-01,-75.0952528804191,4.919324503981242,0.7985320996474427,0.6073193407847931
2019-03-17,-75.0952528804191,4.919324503981242,0.7758996034620994,0.5987784466761199
2019-04-02,-75.0952528804191,4.919324503981242,0.8296303591125287,0.6404039994904984
2019-04-18,-75.0952528804191,4.919324503981242,0.8580897103069708,0.63477136574044
2019-05-04,-75.0952528804191,4.919324503981242,0.8780246084412624,0.6698464833841317
2019-05-20,-75.0952528804191,4.919324503981242,0.8191293467588546,0.6230454036595399
2019-06-05,-75.0952528804191,4.919324503981242,0.7183853240396305,0.5510160814348871
2019-06-21,-75.0952528804191,4.919324503981242,0.6582968810039187,0.4964174216232901
2019-07-07,-75.0952528804191,4.919324503981242,0.5632401824188974,0.43943988087821123
2019-07-23,-75.0952528804191,4.919324503981242,0.4188568515097551,0.31917236925267267
2019-08-08,-75.0952528804191,4.919324503981242,0.307574178001417,0.20565585778916293
2019-08-24,-75.0952528804191,4.919324503981242,0.2043185954401698,0.1576626762869507
2019-09-09,-75.0952528804191,4.919324503981242,0.11760820629514442,0.09495969509545221
2019-09-25,-75.0952528804191,4.919324503981242,0.07073007332704441,0.06852139281725868
2019-10-11,-75.0952528804191,4.919324503981242,0.056697520775516715,0.04586620633333436
2019-10-27,-75.0952528804191,4.919324503981242,0.05,0.07331445477362342
2019-11-12,-75.0952528804191,4.919324503981242,0.07891333072943656,0.05756726897317478
2019-11-28,-75.0952528804191,4.919324503981242,0.13719694009349492,0.09312947194881047
2019-12-14,-75.0952528804191,4.919324503981242,0.26042314314469767,0.22303824376624484
2019-12-30,-75.0952528804191,4.919324503981242,0.3406781515372694,0.2533586105643375
2020-01-15,-75.0952528804191,4.919324503981242,0.45546695500278755,0.34307615588747814
2020-01-31,-75.0952528804191,4.919324503981242,0.5512308887541455,0.4201852849957357
2020-02-16,-75.0952528804191,4.919324503981242,0.6503803297496402,0.4928305325922988
2020-03-03,-75.0952528804191,4.919324503981242,0.7518210401091334,0.5759245005070086
2020-03-19,-75.0952528804191,4.919324503981242,0.8015782274836565,0.6153863976702731
2020-04-04,-75.0952528804191,4.919324503981242,0.8347581766201049,0.6146172994326539
2020-04-20,-75.0952528804191,4.919324503981242,0.850994319238721,0.6168047039815673
2020-05-06,-75.0952528804191,4.919324503981242,0.8596845054545375,0.6253823295671072
2020-05-22,-75.0952528804191,4.919324503981242,0.7739749924311136,0.605589398533068
2020-06-07,-75.0952528804191,4.919324503981242,0.699783323795646,0.5210746391439726
2020-06-23,-75.0952528804191,4.919324503981242,0.5946418411257894,0.46264040499679576
2020-07-09,-75.0952528804191,4.919324503981242,0.5232105922259578,0.4071868622519373
2020-07-25,-75.0952528804191,4.919324503981242,0.4043128754052916,0.3047064387743582
2020-08-10,-75.0952528804191,4.919324503981242,0.2747506805712806,0.18976362429514004
2020-08-26,-75.0952528804191,4.919324503981242,0.21526745096561295,0.1767466736587415
2020-09-11,-75.0952528804191,4.919324503981242,0.09960880824367314,0.07550324154721755
2020-09-27,-75.0952528804191,4.919324503981242,0.05698117080227664,0.020171663987592476
2020-10-13,-75.0952528804191,4.919324503981242,0.05,0.029190146715216088
2020-10-29,-75.0952528804191,4.919324503981242,0.05,0.007917348917164765
2020-11-14,-75.0952528804191,4.919324503981242,0.06014541068107704,0.037680535456914986
2020-11-30,-75.0952528804191,4.919324503981242,0.15678163462561703,0.10008020976596646
2020-12-16,-75.0952528804191,4.919324503981242,0.26067056903095287,0.1941919959375554
2021-01-01,-75.0952528804191,4.919324503981242,0.35691309537579663,0.26402660572809333
2021-01-17,-75.0952528804191,4.919324503981242,0.44147541259049966,0.33338891086564704
2021-02-02,-75.0952528804191,4.919324503981242,0.5433977067353909,0.41833705046427616
2021-02-18,-75.0952528804191,4.919324503981242,0.6525326423918844,0.5077641323245822
2021-03-06,-75.0952528804191,4.919324503981242,0.7505859201582827,0.5841901104449103
2021-03-22,-75.0952528804191,4.919324503981242,0.7979481342451841,0.5849057066693116
2021-04-07,-75.0952528804191,4.919324503981242,0.8632785234018093,0.6708688344198921
2021-04-23,-75.0952528804191,4.919324503981242,0.8938069870469342,0.6711825635588181
2021-05-09,-75.0952528804191,4.919324503981242,0.8712375014707285,0.6476348351065377
2021-05-25,-75.0952528804191,4.919324503981242,0.8016178583387326,0.5823697738148632
2021-06-10,-75.0952528804191,4.919324503981242,0.7084925167661121,0.48453552675745515
2021-06-26,-75.0952528804191,4.919324503981242,0.5793856980828935,0.44387280952378544
2021-07-12,-75.0952528804191,4.919324503981242,0.46598861232680033,0.35803045146088397
2021-07-28,-75.0952528804191,4.919324503981242,0.39773763451493127,0.2882768220318329
2021-08-13,-75.0952528804191,4.919324503981242,0.25304188298074315,0.18029767991846257
2021-08-29,-75.0952528804191,4.919324503981242,0.15943854675631744,0.11755463890691974
2021-09-14,-75.0952528804191,4.919324503981242,0.10771256486456948,0.07466422118649094
2021-09-30,-75.0952528804191,4.919324503981242,0.09216521441862499,0.05473583442022923
2021-10-16,-75.0952528804191,4.919324503981242,0.06914768661627199,0.03103598023596172
2021-11-01,-75.0952528804191,4.919324503981242,0.0563578379597104,0.06593048664074419
2021-11-17,-75.0952528804191,4.919324503981242,0.12103103178185898,0.08236811588238953
2021-12-03,-75.0952528804191,4.919324503981242,0.17964599292386726,0.14315807636618497
2021-12-19,-75.0952528804191,4.919324503981242,0.2492382962262837,0.1992477209126743
2022-01-04,-75.0952528804191,4.919324503981242,0.4032343039543542,0.31185974126701826
2022-01-20,-75.0952528804191,4.919324503981242,0.4897273592084164,0.38073861897032646
2022-02-05,-75.0952528804191,4.919324503981242,0.5595907527481673,0.4288975580252512
2022-02-21,-75.0952528804191,4.919324503981242,0.668556515289302,0.4896196476530205
2022-03-09,-75.0952528804191,4.919324503981242,0.8143390106816513,0.6056890258180622
2022-03-25,-75.0952528804191,4.919324503981242,0.8144351816043195,0.6338780377812674
2022-04-10,-75.0952528804191,4.919324503981242,0.8399710460822459,0.621029901677891
2022-04-26,-75.0952528804191,4.919324503981242,0.8829012061568267,0.6630312559237792
2022-05-12,-75.0952528804191,4.919324503981242,0.7950691680464752,0.6071816683213088
2022-05-28,-75.0952528804191,4.919324503981242,0.7585216095729942,0.5996882369103506
2022-06-13,-75.0952528804191,4.919324503981242,0.6707574957674404,0.5240926413000988
2022-06-29,-75.0952528804191,4.919324503981242,0.6174056297288455,0.4460353578204027
2022-07-15,-75.0952528804191,4.919324503981242,0.467230749675832,0.358195567739763
2022-07-31,-75.0952528804191,4.919324503981242,0.341696399282135,0.26167819839575784
2022-08-16,-75.0952528804191,4.919324503981242,0.24909991599897385,0.1819235855673631
2022-09-01,-75.0952528804191,4.919324503981242,0.16427236192043737,0.12462956575189932
2022-09-17,-75.0952528804191,4.919324503981242,0.09801408365951844,0.06153403583550314
2022-10-03,-75.0952528804191,4.919324503981242,0.05,0.0351282482235034
2022-10-19,-75.0952528804191,4.919324503981242,0.05,0.028723013201067668
2022-11-04,-75.0952528804191,4.919324503981242,0.06732777195563361,0.014200593993221267
2022-11-20,-75.0952528804191,4.919324503981242,0.0950507710255285,0.06568952174508928
2022-12-06,-75.0952528804191,4.919324503981242,0.167139503475033,0.15793858790245258
2022-12-22,-75.0952528804191,4.919324503981242,0.2794077344611471,0.21309119441037838
2023-01-07,-75.0952528804191,4.919324503981242,0.37715771424483935,0.2825527072761703
2023-01-23,-75.0952528804191,4.919324503981242,0.47520668346473355,0.3530086718766487
2023-02-08,-75.0952528804191,4.919324503981242,0.5898638652650801,0.4368498272536868
2023-02-24,-75.0952528804191,4.919324503981242,0.6546772629031788,0.46844788300851364
2023-03-12,-75.0952528804191,4.919324503981242,0.81327245232046,0.6265622942224959
2023-03-28,-75.0952528804191,4.919324503981242,0.8634511067071797,0.6753427554238033
2023-04-13,-75.0952528804191,4.919324503981242,0.8745635333455152,0.6468652763015537
2023-04-29,-75.0952528804191,4.919324503981242,0.8335376129988129,0.6480881018581036
2023-05-15,-75.0952528804191,4.919324503981242,0.8184124117564486,0.6636897651449746
2023-05-31,-75.0952528804191,4.919324503981242,0.7451183948166851,0.5982967132081235
2023-06-16,-75.0952528804191,4.919324503981242,0.6619219603036284,0.5231624421728953
2023-07-02,-75.0952528804191,4.919324503981242,0.5955527631857862,0.4262055738257254
2023-07-18,-75.0952528804191,4.919324503981242,0.4402012024415078,0.30949131731716023
2023-08-03,-75.0952528804191,4.919324503981242,0.3137271042634848,0.24863666520811262
2023-08-19,-75.0952528804191,4.919324503981242,0.23137159327954054,0.17457602142345813
2023-09-04,-75.0952528804191,4.919324503981242,0.1597264225566169,0.08264708024316439
2023-09-20,-75.0952528804191,4.919324503981242,0.11048954761975033,0.07588527744801439
2023-10-06,-75.0952528804191,4.919324503981242,0.059222885604403495,0.05683142098787356
2023-10-22,-75.0952528804191,4.919324503981242,0.07020673440822668,0.05055790305050934
2023-11-07,-75.0952528804191,4.919324503981242,0.05,0.03864255226907122
2023-11-23,-75.0952528804191,4.919324503981242,0.1258426923099415,0.07369680204965377
2023-12-09,-75.0952528804191,4.919324503981242,0.20364216490164982,0.14551125498171155
2023-12-25,-75.0952528804191,4.919324503981242,0.27162948402507825,0.21715181091899435
2024-01-10,-75.0952528804191,4.919324503981242,0.3965589284062828,0.2892916120099708
2024-01-26,-75.0952528804191,4.919324503981242,0.5112444606480802,0.40814291743534303
2024-02-11,-75.0952528804191,4.919324503981242,0.6271613431581067,0.47195300377949645
2024-02-27,-75.0952528804191,4.919324503981242,0.7133692804796923,0.5442842968048673
2024-03-14,-75.0952528804191,4.919324503981242,0.8229882640962566,0.6301984144219226
2024-03-30,-75.0952528804191,4.919324503981242,0.8576120240664372,0.6553336221675148
2024-04-15,-75.0952528804191,4.919324503981242,0.8345867572235272,0.6084176912836625
2024-05-01,-75.0952528804191,4.919324503981242,0.8454721673835394,0.61958684468779
2024-05-17,-75.0952528804191,4.919324503981242,0.7856761557230327,0.5518136019748631
2024-06-02,-75.0952528804191,4.919324503981242,0.7106576136601639,0.5278626990982709
2024-06-18,-75.0952528804191,4.919324503981242,0.6452771873207869,0.4680968149679786
2024-07-04,-75.0952528804191,4.919324503981242,0.5426318552236579,0.3982972185995759
2024-07-20,-75.0952528804191,4.919324503981242,0.4505238334480452,0.33466035980553716
2024-08-05,-75.0952528804191,4.919324503981242,0.33203783552747884,0.253092651891503
2024-08-21,-75.0952528804191,4.919324503981242,0.1895458170707232,0.14034619928829892
2024-09-06,-75.0952528804191,4.919324503981242,0.11000562267414049,0.08034180024126694
2024-09-22,-75.0952528804191,4.919324503981242,0.06084803013153998,0.05327528326835115
2024-10-08,-75.0952528804191,4.919324503981242,0.05,0.03779403650558875
2024-10-24,-75.0952528804191,4.919324503981242,0.056612539604258674,0.060611316089373916
2024-11-09,-75.0952528804191,4.919324503981242,0.06056757311973389,0.045780699283943925
2024-11-25,-75.0952528804191,4.919324503981242,0.13855975944151552,0.134862345171992
2024-12-11,-75.0952528804191,4.919324503981242,0.18816582123061798,0.1229023150215425
2024-12-27,-75.0952528804191,4.919324503981242,0.3744366544186481,0.27536554513486655
2015-01-01,-74.53216994814225,5.256953446552609,0.1535090308521294,0.10571729469406692
2015-01-17,-74.53216994814225,5.256953446552609,0.11781848015426241,0.05335955081877539
2015-02-02,-74.53216994814225,5.256953446552609,0.05,0.03293769636568721
2015-02-18,-74.53216994814225,5.256953446552609,0.05,0.03162266205052825
2015-03-06,-74.53216994814225,5.256953446552609,0.05,0.04178626971843016
2015-03-22,-74.53216994814225,5.256953446552609,0.09757961338529632,0.0841685199236329
2015-04-07,-74.53216994814225,5.256953446552609,0.17746283417107198,0.13723092707822446
2015-04-23,-74.53216994814225,5.256953446552609,0.2386236202928559,0.18881954625253936
2015-05-09,-74.53216994814225,5.256953446552609,0.36913866779254695,0.27352203469141784
2015-05-25,-74.53216994814225,5.256953446552609,0.5108820318742039,0.36877281277531504
2015-06-10,-74.53216994814225,5.256953446552609,0.6284500516455762,0.500227044721644
2015-06-26,-74.53216994814225,5.256953446552609,0.7169347458098443,0.5180886431420347
2015-07-12,-74.53216994814225,5.256953446552609,0.7399766461259858,0.5765591828796881
2015-07-28,-74.53216994814225,5.256953446552609,0.8429564252984361,0.6173133695573978
2015-08-13,-74.53216994814225,5.256953446552609,0.8921302018804969,0.6518664737928164
2015-08-29,-74.53216994814225,5.256953446552609,0.8569046663330071,0.6531763070360952
2015-09-14,-74.53216994814225,5.256953446552609,0.8088897047646886,0.6044776603813751
2015-09-30,-74.53216994814225,5.256953446552609,0.7903436881732463,0.5969799810023573
2015-10-16,-74.53216994814225,5.256953446552609,0.7072528126103991,0.5531116566179193
2015-11-01,-74.53216994814225,5.256953446552609,0.579048738300558,0.3875517261982708
2015-11-17,-74.53216994814225,5.256953446552609,0.44400981609584084,0.34827404431957043
2015-12-03,-74.53216994814225,5.256953446552609,0.3214938420314459,0.23458652975184538
2015-12-19,-74.53216994814225,5.256953446552609,0.2533497762440496,0.2194037460982674
2016-01-04,-74.53216994814225,5.256953446552609,0.1448530961936114,0.09577006796354595
2016-01-20,-74.53216994814225,5.256953446552609,0.08757138671565108,0.07269679943294036
2016-02-05,-74.53216994814225,5.256953446552609,0.05,0.05848536697771622
2016-02-21,-74.53216994814225,5.256953446552609,0.05,0.03990321866758088
2016-03-08,-74.53216994814225,5.256953446552609,0.06971393077805636,0.044280791885425136
2016-03-24,-74.53216994814225,5.256953446552609,0.1291320016895073,0.09982817209197746
2016-04-09,-74.53216994814225,5.256953446552609,0.20545431308840703,0.1579728169772819
2016-04-25,-74.53216994814225,5.256953446552609,0.29452655416891615,0.2082470804897
2016-05-11,-74.53216994814225,5.256953446552609,0.3843493192318028,0.31274991902242766
2016-05-27,-74.53216994814225,5.256953446552609,0.5239970176220843,0.3725384598921152
2016-06-12,-74.53216994814225,5.256953446552609,0.6249640899499895,0.42124754639178363
2016-06-28,-74.53216994814225,5.256953446552609,0.7073694614072414,0.5497476495878293
2016-07-14,-74.53216994814225,5.256953446552609,0.7939383879411106,0.5978120443491536
2016-07-30,-74.53216994814225,5.256953446552609,0.7879491954816646,0.5831168242485254
2016-08-15,-74.53216994814225,5.256953446552609,0.8772128140565706,0.6672154080503947
2016-08-31,-74.53216994814225,5.256953446552609,0.8805288045429163,0.6561914483717186
2016-09-16,-74.53216994814225,5.256953446552609,0.818157592182618,0.5869758455487663
2016-10-02,-74.53216994814225,5.256953446552609,0.7499250184222896,0.5372122625687613
2016-10-18,-74.53216994814225,5.256953446552609,0.627043412133926,0.4485789716982329
2016-11-03,-74.53216994814225,5.256953446552609,0.5883859718111347,0.4358782548280855
2016-11-19,-74.53216994814225,5.256953446552609,0.4490219092419973,0.32649650690753684
2016-12-05,-74.53216994814225,5.256953446552609,0.2959885254824849,0.24071365661045782
2016-12-21,-74.53216994814225,5.256953446552609,0.18479880533842635,0.12750325046798658
2017-01-06,-74.53216994814225,5.256953446552609,0.14544156911567344,0.11369096970535218
2017-01-22,-74.53216994814225,5.256953446552609,0.0674815373922298,0.01385192338307286
2017-02-07,-74.53216994814225,5.256953446552609,0.05,0.02252484024760676
2017-02-23,-74.53216994814225,5.256953446552609,0.05,0.05690117180415208
2017-03-11,-74.53216994814225,5.256953446552609,0.05,0.04351958548876318
2017-03-27,-74.53216994814225,5.256953446552609,0.12386201783389549,0.11210561492485502
2017-04-12,-74.53216994814225,5.256953446552609,0.1982251990411322,0.16449151862480033
2017-04-28,-74.53216994814225,5.256953446552609,0.2967715976726978,0.23126654878621936
2017-05-14,-74.53216994814225,5.256953446552609,0.3811342069519411,0.23308509368813363
2017-05-30,-74.53216994814225,5.256953446552609,0.5330042051808993,0.40837681640645906
2017-06-15,-74.53216994814225,5.256953446552609,0.6438936176681578,0.4724215629560248
2017-07-01,-74.53216994814225,5.256953446552609,0.7595670152090429,0.5604777050920418
2017-07-17,-74.53216994814225,5.256953446552609,0.8128472472240661,0.6215281599181312
2017-08-02,-74.53216994814225,5.256953446552609,0.8871018745015951,0.6589858134803996
2017-08-18,-74.53216994814225,5.256953446552609,0.8579601780056947,0.6135072258159645
2017-09-03,-74.53216994814225,5.256953446552609,0.8889886424668768,0.6751696999911284
2017-09-19,-74.53216994814225,5.256953446552609,0.8235262926469826,0.6799788043117154
2017-10-05,-74.53216994814225,5.256953446552609,0.750373554111472,0.5367337374816034
2017-10-21,-74.53216994814225,5.256953446552609,0.6475673833185608,0.4661798893119475
2017-11-06,-74.53216994814225,5.256953446552609,0.5363504071652264,0.39421101331882763
2017-11-22,-74.53216994814225,5.256953446552609,0.4185613987086657,0.28605539892439136
2017-12-08,-74.53216994814225,5.256953446552609,0.3500287808659121,0.26849854653820193
2017-12-24,-74.53216994814225,5.256953446552609,0.21184096839561142,0.17403348288702344
2018-01-09,-74.53216994814225,5.256953446552609,0.14191422280264127,0.1119494817568219
2018-01-25,-74.53216994814225,5.256953446552609,0.08662744976662529,0.0676492822001421
2018-02-10,-74.53216994814225,5.256953446552609,0.05554882017235443,0.05672386114682132
2018-02-26,-74.53216994814225,5.256953446552609,0.05,0.03309211013007769
2018-03-14,-74.53216994814225,5.256953446552609,0.10447038951068355,0.06879476133754399
2018-03-30,-74.53216994814225,5.256953446552609,0.1417988806554923,0.11462732870640055
2018-04-15,-74.53216994814225,5.256953446552609,0.20607222467786446,0.13839772080216847
2018-05-01,-74.53216994814225,5.256953446552609,0.31330371829409387,0.22513345165705825
2018-05-17,-74.53216994814225,5.256953446552609,0.40346433208592286,0.2895683474140566
2018-06-02,-74.53216994814225,5.256953446552609,0.5518650707372605,0.4392176747359174
2018-06-18,-74.53216994814225,5.256953446552609,0.6646225661382317,0.446476234636269
2018-07-04,-74.53216994814225,5.256953446552609,0.7583699879723848,0.5576144552613742
2018-07-20,-74.53216994814225,5.256953446552609,0.8246939139460001,0.6182377302752875
2018-08-05,-74.53216994814225,5.256953446552609,0.85466279041886,0.6389523782549021
2018-08-21,-74.53216994814225,5.256953446552609,0.8705154265573471,0.6797746693598153
2018-09-06,-74.53216994814225,5.256953446552609,0.8516429123562651,0.6604429069308229
2018-09-22,-74.53216994814225,5.256953446552609,0.8219580826162779,0.6298094729138816
2018-10-08,-74.53216994814225,5.256953446552609,0.6922874583525226,0.5415482468876242
2018-10-24,-74.53216994814225,5.256953446552609,0.623121900263365,0.4816559708190192
2018-11-09,-74.53216994814225,5.256953446552609,0.5037066337672993,0.35407849445940937
2018-11-25,-74.53216994814225,5.256953446552609,0.4484055679712213,0.3171645146416536
2018-12-11,-74.53216994814225,5.256953446552609,0.3209781666894812,0.24310203144584133
2018-12-27,-74.53216994814225,5.256953446552609,0.19064355998076504,0.14208609229896965
2019-01-12,-74.53216994814225,5.256953446552609,0.09328924698988637,0.06969184765023016
2019-01-28,-74.53216994814225,5.256953446552609,0.05,0.029591124113720293
2019-02-13,-74.53216994814225,5.256953446552609,0.058309367253590275,0.04881583897134586
2019-03-01,-74.53216994814225,5.256953446552609,0.05,0.054529762538277404
2019-03-17,-74.53216994814225,5.256953446552609,0.0829127260130484,0.05134083914159953
2019-04-02,-74.53216994814225,5.256953446552609,0.1630379698169693,0.11893434062318693
2019-04-18,-74.53216994814225,5.256953446552609,0.21295625353533243,0.19667338438049142
2019-05-04,-74.53216994814225,5.256953446552609,0.34055803904629667,0.2537908251950782
2019-05-20,-74.53216994814225,5.256953446552609,0.44601773585161886,0.3581126166778659
2019-06-05,-74.53216994814225,5.256953446552609,0.5568856294697675,0.38676462492609354
2019-06-21,-74.53216994814225,5.256953446552609,0.658582314621133,0.5204722279749456
2019-07-07,-74.53216994814225,5.256953446552609,0.7771825301486165,0.5777865845582651
2019-07-23,-74.53216994814225,5.256953446552609,0.8533378092132868,0.6549622014864028
2019-08-08,-74.53216994814225,5.256953446552609,0.8578976304933573,0.6401050257679963
2019-08-24,-74.53216994814225,5.256953446552609,0.8763803578842959,0.6406475294199456
2019-09-09,-74.53216994814225,5.256953446552609,0.8451617135629833,0.6400415524645032
2019-09-25,-74.53216994814225,5.256953446552609,0.757186539464206,0.5641034981467965
2019-10-11,-74.53216994814225,5.256953446552609,0.7053772418781625,0.5495942918078284
2019-10-27,-74.53216994814225,5.256953446552609,0.5757110907339035,0.42415319765635334
2019-11-12,-74.53216994814225,5.256953446552609,0.49222930703741735,0.388373399556495
2019-11-28,-74.53216994814225,5.256953446552609,0.3867050738577155,0.325950698306334
2019-12-14,-74.53216994814225,5.256953446552609,0.2915953840972118,0.21049207818911847
2019-12-30,-74.53216994814225,5.256953446552609,0.1872164812047203,0.13333098471615104
2020-01-15,-74.53216994814225,5.256953446552609,0.12421171475020268,0.06651483179683178
2020-01-31,-74.53216994814225,5.256953446552609,0.05,0.04661379837109843
2020-02-16,-74.53216994814225,5.256953446552609,0.06308388319903643,0.00327354047649335
2020-03-03,-74.53216994814225,5.256953446552609,0.07816292128591211,0.05581948839587396
2020-03-19,-74.53216994814225,5.256953446552609,0.05556057911275346,0.0
2020-04-04,-74.53216994814225,5.256953446552609,0.1324661803841905,0.09895553817123484
2020-04-20,-74.53216994814225,5.256953446552609,0.25354016067587065,0.20281912920108916
2020-05-06,-74.53216994814225,5.256953446552609,0.35074062252477545,0.2408946559646582
2020-05-22,-74.53216994814225,5.256953446552609,0.4673526808886247,0.3511867164047001
2020-06-07,-74.53216994814225,5.256953446552609,0.5925409157735814,0.4286223928447379
2020-06-23,-74.53216994814225,5.256953446552609,0.7082262395144978,0.5187417442013927
2020-07-09,-74.53216994814225,5.256953446552609,0.757326157870515,0.5571467882135206
2020-07-25,-74.53216994814225,5.256953446552609,0.8566203474765985,0.6398093315486357
2020-08-10,-74.53216994814225,5.256953446552609,0.8529628594656729,0.6582442996082256
2020-08-26,-74.53216994814225,5.256953446552609,0.9103723979057047,0.6869729511154575
2020-09-11,-74.53216994814225,5.256953446552609,0.8617432099415947,0.6670289664676918
2020-09-27,-74.53216994814225,5.256953446552609,0.7656825929154897,0.5747946282961419
2020-10-13,-74.53216994814225,5.256953446552609,0.6685215714739671,0.4972923332782426
2020-10-29,-74.53216994814225,5.256953446552609,0.5799774319940265,0.42692535485200717
2020-11-14,-74.53216994814225,5.256953446552609,0.46544797775651114,0.34334404715347205
2020-11-30,-74.53216994814225,5.256953446552609,0.37709797468010137,0.28043364280127614
2020-12-16,-74.53216994814225,5.256953446552609,0.22182907243923258,0.15144939303145472
2021-01-01,-74.53216994814225,5.256953446552609,0.14135429132433944,0.11089692301288993
2021-01-17,-74.53216994814225,5.256953446552609,0.10941174432796791,0.08718977268305923
2021-02-02,-74.53216994814225,5.256953446552609,0.05,0.04243707858262433
2021-02-18,-74.53216994814225,5.256953446552609,0.05,0.014735491004994956
2021-03-06,-74.53216994814225,5.256953446552609,0.06921128414640108,0.06826901818427625
2021-03-22,-74.53216994814225,5.256953446552609,0.11954218471056621,0.07748966653227554
2021-04-07,-74.53216994814225,5.256953446552609,0.1970420904153277,0.1379099227849344
2021-04-23,-74.53216994814225,5.256953446552609,0.2806197938142284,0.2002465921253378
2021-05-09,-74.53216994814225,5.256953446552609,0.3712763525537204,0.2300337072675065
2021-05-25,-74.53216994814225,5.256953446552609,0.48387848005804934,0.36473065937923754
2021-06-10,-74.53216994814225,5.256953446552609,0.5932253727291195,0.4800427909085424
2021-06-26,-74.53216994814225,5.256953446552609,0.6786297353560513,0.49770067677495994
2021-07-12,-74.53216994814225,5.256953446552609,0.7656050588388074,0.562928254549196
2021-07-28,-74.53216994814225,5.256953446552609,0.8613569853306285,0.6755783748845107
2021-08-13,-74.53216994814225,5.256953446552609,0.854643102787006,0.6265221762357904
2021-08-29,-74.53216994814225,5.256953446552609,0.8422451985257476,0.6578096066246968
2021-09-14,-74.53216994814225,5.256953446552609,0.8535818495353122,0.6380667511517084
2021-09-30,-74.53216994814225,5.256953446552609,0.7406389605688414,0.529345969117506
2021-10-16,-74.53216994814225,5.256953446552609,0.6857168748816173,0.5252744145301429
2021-11-01,-74.53216994814225,5.256953446552609,0.5375710755117027,0.3967521084230194
2021-11-17,-74.53216994814225,5.256953446552609,0.49849117979129465,0.3695182007108653
2021-12-03,-74.53216994814225,5.256953446552609,0.3822916322529641,0.2996996467688367
2021-12-19,-74.53216994814225,5.256953446552609,0.22489457195356177,0.1628175030981342
2022-01-04,-74.53216994814225,5.256953446552609,0.1537796053518056,0.09628447265198407
2022-01-20,-74.53216994814225,5.256953446552609,0.06922294158934227,0.0820525780343779
2022-02-05,-74.53216994814225,5.256953446552609,0.05,0.05906872152817361
2022-02-21,-74.53216994814225,5.256953446552609,0.05,0.03698721340233656
2022-03-09,-74.53216994814225,5.256953446552609,0.07204656493788743,0.042063750245322
2022-03-25,-74.53216994814225,5.256953446552609,0.12369588922819864,0.05184332293018134
2022-04-10,-74.53216994814225,5.256953446552609,0.1984715465936543,0.099483057453808
2022-04-26,-74.53216994814225,5.256953446552609,0.2824615282052025,0.22893100586027168
2022-05-12,-74.53216994814225,5.256953446552609,0.40941065945679483,0.2810897850133573
2022-05-28,-74.53216994814225,5.256953446552609,0.4878935208098073,0.35214669980090274
2022-06-13,-74.53216994814225,5.256953446552609,0.6250711387040556,0.4281646902271677
2022-06-29,-74.53216994814225,5.256953446552609,0.7185837931642586,0.5451664323491953
2022-07-15,-74.53216994814225,5.256953446552609,0.7907805560979142,0.6035918364344967
2022-07-31,-74.53216994814225,5.256953446552609,0.852751303578593,0.6287303924959668
2022-08-16,-74.53216994814225,5.256953446552609,0.8317235823748366,0.6264609484125438
2022-09-01,-74.53216994814225,5.256953446552609,0.8422201830116295,0.6200982847614912
2022-09-17,-74.53216994814225,5.256953446552609,0.8310531927943626,0.651636562264459
2022-10-03,-74.53216994814225,5.256953446552609,0.7532542467369134,0.5760219817816025
2022-10-19,-74.53216994814225,5.256953446552609,0.6351112277069765,0.48124389240013304
2022-11-04,-74.53216994814225,5.256953446552609,0.5570141549015121,0.4423451677886577
2022-11-20,-74.53216994814225,5.256953446552609,0.43381519246095485,0.3205286420024687
2022-12-06,-74.53216994814225,5.256953446552609,0.35297583521417875,0.26289120056274107
2022-12-22,-74.53216994814225,5.256953446552609,0.20606594050979274,0.205582120848147
2023-01-07,-74.53216994814225,5.256953446552609,0.12018847448433129,0.088847354232258
2023-01-23,-74.53216994814225,5.256953446552609,0.08580519961206952,0.06970624988967443
2023-02-08,-74.53216994814225,5.256953446552609,0.05,0.033804792589473845
2023-02-24,-74.53216994814225,5.256953446552609,0.05,0.015181322828172562
2023-03-12,-74.53216994814225,5.256953446552609,0.11130143447555749,0.07907625750240056
2023-03-28,-74.53216994814225,5.256953446552609,0.136962940559711,0.09602914826615114
2023-04-13,-74.53216994814225,5.256953446552609,0.19951145413874496,0.1405247173506657
2023-04-29,-74.53216994814225,5.256953446552609,0.2758975227173013,0.20371071923556058
2023-05-15,-74.53216994814225,5.256953446552609,0.4101874276035514,0.3310710608863591
2023-05-31,-74.53216994814225,5.256953446552609,0.508572116008355,0.3698861434551691
2023-06-16,-74.53216994814225,5.256953446552609,0.622854253312875,0.4959912978648925
2023-07-02,-74.53216994814225,5.256953446552609,0.7177251135414627,0.5495398320506198
2023-07-18,-74.53216994814225,5.256953446552609,0.8276722364580457,0.617831719115226
2023-08-03,-74.53216994814225,5.256953446552609,0.8272394027875547,0.5931464749153922
2023-08-19,-74.53216994814225,5.256953446552609,0.8883226566745775,0.641030112129936
2023-09-04,-74.53216994814225,5.256953446552609,0.8639321716486177,0.6502361109328751
2023-09-20,-74.53216994814225,5.256953446552609,0.8183444861571907,0.6231900607748108
2023-10-06,-74.53216994814225,5.256953446552609,0.7199985797316469,0.5204883712184404
2023-10-22,-74.53216994814225,5.256953446552609,0.6594379394611252,0.4819915623845559
2023-11-07,-74.53216994814225,5.256953446552609,0.48225173056997517,0.3746639038851587
2023-11-23,-74.53216994814225,5.256953446552609,0.40242522802096986,0.31116163857383244
2023-12-09,-74.53216994814225,5.256953446552609,0.33928448252585347,0.2547986110396291
2023-12-25,-74.53216994814225,5.256953446552609,0.23042463358628912,0.17589442880044087
2024-01-10,-74.53216994814225,5.256953446552609,0.1597502945508402,0.09857057873798802
2024-01-26,-74.53216994814225,5.256953446552609,0.06996049483406742,0.06593360322637992
2024-02-11,-74.53216994814225,5.256953446552609,0.05,0.0605443799330534
2024-02-27,-74.53216994814225,5.256953446552609,0.05,0.07888742303257777
2024-03-14,-74.53216994814225,5.256953446552609,0.11925879259053959,0.09508553436745068
2024-03-30,-74.53216994814225,5.256953446552609,0.14964202501318474,0.13606494747238132
2024-04-15,-74.53216994814225,5.256953446552609,0.20045374265289656,0.12410030669811661
2024-05-01,-74.53216994814225,5.256953446552609,0.35231302289279803,0.2697145366270585
2024-05-17,-74.53216994814225,5.256953446552609,0.4352574118250572,0.32666552492641615
2024-06-02,-74.53216994814225,5.256953446552609,0.5057972653082765,0.37553670269206735
2024-06-18,-74.53216994814225,5.256953446552609,0.6447422230506874,0.5019180999603172
2024-07-04,-74.53216994814225,5.256953446552609,0.7705313573887324,0.5894321227241475
2024-07-20,-74.53216994814225,5.256953446552609,0.8270632688249178,0.590350516644283
2024-08-05,-74.53216994814225,5.256953446552609,0.872020664659644,0.6666034574052008
2024-08-21,-74.53216994814225,5.256953446552609,0.8956010123313389,0.7140649554971082
2024-09-06,-74.53216994814225,5.256953446552609,0.8159802439423782,0.6042156464444195
2024-09-22,-74.53216994814225,5.256953446552609,0.7843382598940866,0.5917038386882664
2024-10-08,-74.53216994814225,5.256953446552609,0.7228395315874253,0.5374480072289661
2024-10-24,-74.53216994814225,5.256953446552609,0.6463224113190412,0.46271352426566525
2024-11-09,-74.53216994814225,5.256953446552609,0.49525470311991143,0.3509565219179727
2024-11-25,-74.53216994814225,5.256953446552609,0.39455424298334146,0.27134387791926917
2024-12-11,-74.53216994814225,5.256953446552609,0.2904672575699838,0.21454063928487052
2024-12-27,-74.53216994814225,5.256953446552609,0.17769679203925967,0.15074791911056867
2015-01-01,-74.44244567958908,5.204749933561132,0.6529109459529163,0.5039278355873281
2015-01-17,-74.44244567958908,5.204749933561132,0.6664626550378513,0.5102152305290818
2015-02-02,-74.44244567958908,5.204749933561132,0.6664911377047166,0.5150493645889815
2015-02-18,-74.44244567958908,5.204749933561132,0.6650166402257603,0.5157960776339012
2015-03-06,-74.44244567958908,5.204749933561132,0.657977100297062,0.5239018998906178
2015-03-22,-74.44244567958908,5.204749933561132,0.6015900318485018,0.42166898842013895
2015-04-07,-74.44244567958908,5.204749933561132,0.5704505783102083,0.40014571477197
2015-04-23,-74.44244567958908,5.204749933561132,0.5065717148228251,0.3923598013263164
2015-05-09,-74.44244567958908,5.204749933561132,0.48260195524967175,0.3523578469031687
2015-05-25,-74.44244567958908,5.204749933561132,0.42429827325538205,0.30627895165500973
2015-06-10,-74.44244567958908,5.204749933561132,0.41910771845466505,0.2996206746881381
2015-06-26,-74.44244567958908,5.204749933561132,0.3218941129949476,0.25734159709593724
2015-07-12,-74.44244567958908,5.204749933561132,0.3172784659441233,0.2787343232344502
2015-07-28,-74.44244567958908,5.204749933561132,0.29736253739116203,0.23994158663850737
2015-08-13,-74.44244567958908,5.204749933561132,0.3298932063780697,0.23699318813951217
2015-08-29,-74.44244567958908,5.204749933561132,0.3077956576693918,0.24567407387066195
2015-09-14,-74.44244567958908,5.204749933561132,0.361513066907938,0.24292259816673495
2015-09-30,-74.44244567958908,5.204749933561132,0.36570147921915364,0.2235475093154051
2015-10-16,-74.44244567958908,5.204749933561132,0.44644297056923943,0.3295956840642147
2015-11-01,-74.44244567958908,5.204749933561132,0.4820798005685377,0.3277309684723662
2015-11-17,-74.44244567958908,5.204749933561132,0.5148424102297993,0.3765726294209981
2015-12-03,-74.44244567958908,5.204749933561132,0.571652884759851,0.43109638508024084
2015-12-19,-74.44244567958908,5.204749933561132,0.638236428288412,0.5240695726020129
2016-01-04,-74.44244567958908,5.204749933561132,0.6576812142695299,0.5155689639640864
2016-01-20,-74.44244567958908,5.204749933561132,0.6606677882297665,0.4620019148728177
2016-02-05,-74.44244567958908,5.204749933561132,0.6756318468906358,0.474769450810492
2016-02-21,-74.44244567958908,5.204749933561132,0.6741990626509777,0.49004021449806007
2016-03-08,-74.44244567958908,5.204749933561132,0.6125262451735942,0.4941151867973992
2016-03-24,-74.44244567958908,5.204749933561132,0.60672542367229,0.4222916816953335
2016-04-09,-74.44244567958908,5.204749933561132,0.5920371506058713,0.42945557570361775
2016-04-25,-74.44244567958908,5.204749933561132,0.5464779581026857,0.3951905818834533
2016-05-11,-74.44244567958908,5.204749933561132,0.4621852656263245,0.3535355834092843
2016-05-27,-74.44244567958908,5.204749933561132,0.43481893524507165,0.3414838761806157
2016-06-12,-74.44244567958908,5.204749933561132,0.37650656047723047,0.29295225478901454
2016-06-28,-74.44244567958908,5.204749933561132,0.35732233635261706,0.2720031350357998
2016-07-14,-74.44244567958908,5.204749933561132,0.315132104719086,0.20744317957469188
2016-07-30,-74.44244567958908,5.204749933561132,0.3188525383647045,0.2399828777563514
2016-08-15,-74.44244567958908,5.204749933561132,0.30162677245387504,0.25177540661223946
2016-08-31,-74.44244567958908,5.204749933561132,0.29829028756736076,0.2565984419828183
2016-09-16,-74.44244567958908,5.204749933561132,0.35598964006502265,0.27334259361882496
2016-10-02,-74.44244567958908,5.204749933561132,0.38853223445253393,0.25805771758893387
2016-10-18,-74.44244567958908,5.204749933561132,0.4410336716954682,0.337470151909457
2016-11-03,-74.44244567958908,5.204749933561132,0.508565320171488,0.377463326159838
2016-11-19,-74.44244567958908,5.204749933561132,0.5023664678625461,0.3459416240052571
2016-12-05,-74.44244567958908,5.204749933561132,0.6345378469838463,0.4540526655624424
2016-12-21,-74.44244567958908,5.204749933561132,0.661858301928994,0.4777119916983936
2017-01-06,-74.44244567958908,5.204749933561132,0.6575440647111278,0.5056622137253439
2017-01-22,-74.44244567958908,5.204749933561132,0.6623116374604586,0.5285780308105251
2017-02-07,-74.44244567958908,5.204749933561132,0.6838682099797834,0.522118174410831
2017-02-23,-74.44244567958908,5.204749933561132,0.6664811440954439,0.5130352638119248
2017-03-11,-74.44244567958908,5.204749933561132,0.6795233495407816,0.5070167934031219
2017-03-27,-74.44244567958908,5.204749933561132,0.6470910849821636,0.47308639756904036
2017-04-12,-74.44244567958908,5.204749933561132,0.5834355448939371,0.4473589453953138
2017-04-28,-74.44244567958908,5.204749933561132,0.4968889107240328,0.37694287713577124
2017-05-14,-74.44244567958908,5.204749933561132,0.4667259639558359,0.33298062944134
2017-05-30,-74.44244567958908,5.204749933561132,0.42416382936015373,0.3210486629422856
2017-06-15,-74.44244567958908,5.204749933561132,0.37182126442174573,0.2774943989351356
2017-07-01,-74.44244567958908,5.204749933561132,0.33688261477601295,0.24530796865708318
2017-07-17,-74.44244567958908,5.204749933561132,0.3186373841841192,0.22609975389081377
2017-08-02,-74.44244567958908,5.204749933561132,0.35960472116110953,0.24151687596152582
2017-08-18,-74.44244567958908,5.204749933561132,0.2995780770923509,0.21456871572772437
2017-09-03,-74.44244567958908,5.204749933561132,0.3707012179525125,0.2516232204648344
2017-09-19,-74.44244567958908,5.204749933561132,0.36943912964887804,0.2820472285375893
2017-10-05,-74.44244567958908,5.204749933561132,0.40869379834930253,0.33124721201419566
2017-10-21,-74.44244567958908,5.204749933561132,0.4744128681771359,0.34679051460244953
2017-11-06,-74.44244567958908,5.204749933561132,0.5054006721808744,0.3417684634926129
2017-11-22,-74.44244567958908,5.204749933561132,0.5543992998688785,0.3999196863450205
2017-12-08,-74.44244567958908,5.204749933561132,0.5952232634331414,0.4127100102785221
2017-12-24,-74.44244567958908,5.204749933561132,0.6457104066900878,0.4503514311060537
2018-01-09,-74.44244567958908,5.204749933561132,0.6684548622554369,0.4768110348311267
2018-01-25,-74.44244567958908,5.204749933561132,0.6634853586603937,0.5207086610461985
2018-02-10,-74.44244567958908,5.204749933561132,0.6932084484316252,0.5428903990771297
2018-02-26,-74.44244567958908,5.204749933561132,0.6995261788399666,0.5091878599871796
2018-03-14,-74.44244567958908,5.204749933561132,0.672091145857961,0.4747582462698927
2018-03-30,-74.44244567958908,5.204749933561132,0.6196888316795434,0.45489986946765804
2018-04-15,-74.44244567958908,5.204749933561132,0.5405060970092348,0.41766897010301496
2018-05-01,-74.44244567958908,5.204749933561132,0.5274881051498549,0.41392144659532204
2018-05-17,-74.44244567958908,5.204749933561132,0.4613034659802525,0.34861674551177413
2018-06-02,-74.44244567958908,5.204749933561132,0.41878941936844283,0.3201673460366759
2018-06-18,-74.44244567958908,5.204749933561132,0.37682882988008987,0.2867016116322817
2018-07-04,-74.44244567958908,5.204749933561132,0.35029573218486704,0.23017764300764174
2018-07-20,-74.44244567958908,5.204749933561132,0.310396203785401,0.20512022296213903
2018-08-05,-74.44244567958908,5.204749933561132,0.3118197815573087,0.2667034396850555
2018-08-21,-74.44244567958908,5.204749933561132,0.30425833079879455,0.23073878870504022
2018-09-06,-74.44244567958908,5.204749933561132,0.3499523455084627,0.22110980049601653
2018-09-22,-74.44244567958908,5.204749933561132,0.35750204173977757,0.2754168444902902
2018-10-08,-74.44244567958908,5.204749933561132,0.352668282093806,0.24496504170885508
2018-10-24,-74.44244567958908,5.204749933561132,0.4816154609482651,0.38127153372021333
2018-11-09,-74.44244567958908,5.204749933561132,0.518708024546875,0.40667497120901985
2018-11-25,-74.44244567958908,5.204749933561132,0.5658888728369016,0.43552455277652247
2018-12-11,-74.44244567958908,5.204749933561132,0.6005839954626737,0.45275425025544713
2018-12-27,-74.44244567958908,5.204749933561132,0.6310895241237803,0.4985868099764815
2019-01-12,-74.44244567958908,5.204749933561132,0.6997605061898379,0.5524186356563199
2019-01-28,-74.44244567958908,5.204749933561132,0.6735828515609074,0.4861116578833788
2019-02-13,-74.44244567958908,5.204749933561132,0.7055876124140489,0.540068853362365
2019-03-01,-74.44244567958908,5.204749933561132,0.6709382565618653,0.49053105072249603
2019-03-17,-74.44244567958908,5.204749933561132,0.6443957002846463,0.46159121402024605
2019-04-02,-74.44244567958908,5.204749933561132,0.6094241366808691,0.4846458365027761
2019-04-18,-74.44244567958908,5.204749933561132,0.582519287516261,0.4510599467193921
2019-05-04,-74.44244567958908,5.204749933561132,0.47123968009235007,0.35737636268818296
2019-05-20,-74.44244567958908,5.204749933561132,0.49032757877124267,0.3503734522695863
2019-06-05,-74.44244567958908,5.204749933561132,0.39854681241736756,0.32718059634904517
2019-06-21,-74.44244567958908,5.204749933561132,0.3714158055156304,0.3281649806264249
2019-07-07,-74.44244567958908,5.204749933561132,0.3139694293782455,0.2156819563188677
2019-07-23,-74.44244567958908,5.204749933561132,0.33516912152464745,0.22745926857805485
2019-08-08,-74.44244567958908,5.204749933561132,0.3026695202897348,0.22568920932010958
2019-08-24,-74.44244567958908,5.204749933561132,0.3374090968302131,0.2653421819831648
2019-09-09,-74.44244567958908,5.204749933561132,0.349321010244412,0.25394214012527566
2019-09-25,-74.44244567958908,5.204749933561132,0.39960542420228795,0.38022054900626123
2019-10-11,-74.44244567958908,5.204749933561132,0.4332440099806747,0.32692645163644274
2019-10-27,-74.44244567958908,5.204749933561132,0.4432362039303517,0.3196775239614207
2019-11-12,-74.44244567958908,5.204749933561132,0.5166042866586927,0.37676121018867686
2019-11-28,-74.44244567958908,5.204749933561132,0.5702557825007012,0.46325215841167167
2019-12-14,-74.44244567958908,5.204749933561132,0.6394869544082417,0.4764385614768162
2019-12-30,-74.44244567958908,5.204749933561132,0.6252974639809331,0.4957204508437481
2020-01-15,-74.44244567958908,5.204749933561132,0.6717223018318162,0.46926171786181503
2020-01-31,-74.44244567958908,5.204749933561132,0.6967612931752756,0.543084703566126
2020-02-16,-74.44244567958908,5.204749933561132,0.629633361891447,0.4557339285759272
2020-03-03,-74.44244567958908,5.204749933561132,0.6577395769780628,0.5079949009597194
2020-03-19,-74.44244567958908,5.204749933561132,0.6189613068917341,0.44757814212932184
2020-04-04,-74.44244567958908,5.204749933561132,0.6029898026327479,0.4428759045082778
2020-04-20,-74.44244567958908,5.204749933561132,0.5513781146175688,0.39130327286368477
2020-05-06,-74.44244567958908,5.204749933561132,0.4621128887720101,0.3616900497304155
2020-05-22,-74.44244567958908,5.204749933561132,0.4432373271653343,0.3508771100387249
2020-06-07,-74.44244567958908,5.204749933561132,0.3808097111545868,0.2697051773163452
2020-06-23,-74.44244567958908,5.204749933561132,0.3797200972321097,0.25433089764419287
2020-07-09,-74.44244567958908,5.204749933561132,0.34928515204507116,0.288373958183451
2020-07-25,-74.44244567958908,5.204749933561132,0.3260435372607793,0.2307765026053755
2020-08-10,-74.44244567958908,5.204749933561132,0.2910946202383641,0.21411984971880907
2020-08-26,-74.44244567958908,5.204749933561132,0.2942119840081152,0.2014251080310145
2020-09-11,-74.44244567958908,5.204749933561132,0.35884305374981285,0.2821192725968428
2020-09-27,-74.44244567958908,5.204749933561132,0.3619928370953454,0.2850170665275106
2020-10-13,-74.44244567958908,5.204749933561132,0.4375149013490751,0.3583339011033484
2020-10-29,-74.44244567958908,5.204749933561132,0.49023891120118407,0.38885080447557563
2020-11-14,-74.44244567958908,5.204749933561132,0.5400066203636069,0.42460354746664897
2020-11-30,-74.44244567958908,5.204749933561132,0.5536227775829665,0.4127821940450066
2020-12-16,-74.44244567958908,5.204749933561132,0.6210905073496374,0.4609428815735224
2021-01-01,-74.44244567958908,5.204749933561132,0.6619296093699605,0.5091348001173854
2021-01-17,-74.44244567958908,5.204749933561132,0.6825344812246803,0.5083619832940836
2021-02-02,-74.44244567958908,5.204749933561132,0.6680314753287289,0.5229673279796714
2021-02-18,-74.44244567958908,5.204749933561132,0.6836094131042756,0.49233478266021846
2021-03-06,-74.44244567958908,5.204749933561132,0.6528838186153962,0.45479687040739997
2021-03-22,-74.44244567958908,5.204749933561132,0.6253787986605348,0.4650665001434292
2021-04-07,-74.44244567958908,5.204749933561132,0.5712855842226128,0.46015619196303015
2021-04-23,-74.44244567958908,5.204749933561132,0.5111033303205484,0.397455356774058
2021-05-09,-74.44244567958908,5.204749933561132,0.5264196943365624,0.4163601288267556
2021-05-25,-74.44244567958908,5.204749933561132,0.43140674955953534,0.30087368938118497
2021-06-10,-74.44244567958908,5.204749933561132,0.35885909156659507,0.2609132847757959
2021-06-26,-74.44244567958908,5.204749933561132,0.3345967762783354,0.23655664402958893
2021-07-12,-74.44244567958908,5.204749933561132,0.31506730930165483,0.2342555401185274
2021-07-28,-74.44244567958908,5.204749933561132,0.3175908891199507,0.21343724245071444
2021-08-13,-74.44244567958908,5.204749933561132,0.2946043838434226,0.2177598462261173
2021-08-29,-74.44244567958908,5.204749933561132,0.31874436915910714,0.2757867510175988
2021-09-14,-74.44244567958908,5.204749933561132,0.35466016040413656,0.2337233240639139
2021-09-30,-74.44244567958908,5.204749933561132,0.3966338191769833,0.308388638837617
2021-10-16,-74.44244567958908,5.204749933561132,0.4320326729247686,0.29975657120539245
2021-11-01,-74.44244567958908,5.204749933561132,0.5204839028943127,0.36896524889910937
2021-11-17,-74.44244567958908,5.204749933561132,0.5500199014199044,0.41651593664620706
2021-12-03,-74.44244567958908,5.204749933561132,0.5971156077434028,0.48197386429089867
2021-12-19,-74.44244567958908,5.204749933561132,0.6377998431985964,0.4671765978580766
2022-01-04,-74.44244567958908,5.204749933561132,0.6802014003727076,0.49752906127864827
2022-01-20,-74.44244567958908,5.204749933561132,0.6805384039972674,0.4845421308376347
2022-02-05,-74.44244567958908,5.204749933561132,0.6620122552781033,0.49753692486730117
2022-02-21,-74.44244567958908,5.204749933561132,0.6812673334792131,0.4769026876555892
2022-03-09,-74.44244567958908,5.204749933561132,0.6615574202686992,0.4797794856695585
2022-03-25,-74.44244567958908,5.204749933561132,0.6430704182478209,0.4752635251093755
2022-04-10,-74.44244567958908,5.204749933561132,0.5516012694047258,0.41521704321272934
2022-04-26,-74.44244567958908,5.204749933561132,0.5063499374072981,0.405141355884136
2022-05-12,-74.44244567958908,5.204749933561132,0.4730138235822425,0.3517268352248161
2022-05-28,-74.44244567958908,5.204749933561132,0.4347905680096096,0.3059939772232013
2022-06-13,-74.44244567958908,5.204749933561132,0.35251831014524676,0.27255576419776784
2022-06-29,-74.44244567958908,5.204749933561132,0.32041635005397245,0.2183120594654902
2022-07-15,-74.44244567958908,5.204749933561132,0.33472038760878964,0.261541572906271
2022-07-31,-74.44244567958908,5.204749933561132,0.2817924643800465,0.19896162742620818
2022-08-16,-74.44244567958908,5.204749933561132,0.2918244583819628,0.2543947297472837
2022-09-01,-74.44244567958908,5.204749933561132,0.34496716877703926,0.25030847966267394
2022-09-17,-74.44244567958908,5.204749933561132,0.3679589994245818,0.24884552584981978
2022-10-03,-74.44244567958908,5.204749933561132,0.3829801937193495,0.28933241060834985
2022-10-19,-74.44244567958908,5.204749933561132,0.452870484647702,0.3377036809755076
2022-11-04,-74.44244567958908,5.204749933561132,0.5000010814577207,0.37656754029235306
2022-11-20,-74.44244567958908,5.204749933561132,0.5429457166461881,0.40128637564082315
2022-12-06,-74.44244567958908,5.204749933561132,0.5849721570550247,0.4433678679638403
2022-12-22,-74.44244567958908,5.204749933561132,0.6415336245481988,0.4851174017575258
2023-01-07,-74.44244567958908,5.204749933561132,0.6391032040669019,0.45934884602731263
2023-01-23,-74.44244567958908,5.204749933561132,0.6873355399688106,0.5449351209900255
2023-02-08,-74.44244567958908,5.204749933561132,0.6851563212058864,0.5056338726548749
2023-02-24,-74.44244567958908,5.204749933561132,0.6752049703257113,0.48366729929401486
2023-03-12,-74.44244567958908,5.204749933561132,0.6722258026724578,0.5079012348945039
2023-03-28,-74.44244567958908,5.204749933561132,0.5965649648956562,0.4440878143498847
2023-04-13,-74.44244567958908,5.204749933561132,0.5546196895787662,0.4421981667204113
2023-04-29,-74.44244567958908,5.204749933561132,0.5109976843063403,0.3863555781520671
2023-05-15,-74.44244567958908,5.204749933561132,0.47485283581283944,0.34132429478433873
2023-05-31,-74.44244567958908,5.204749933561132,0.4179366064658248,0.3189411662372528
2023-06-16,-74.44244567958908,5.204749933561132,0.3397307638104078,0.25985200263335806
2023-07-02,-74.44244567958908,5.204749933561132,0.33597310524205365,0.2545791547738602
2023-07-18,-74.44244567958908,5.204749933561132,0.3155602835804459,0.2418536101443361
2023-08-03,-74.44244567958908,5.204749933561132,0.33309869846255025,0.2262338756052105
2023-08-19,-74.44244567958908,5.204749933561132,0.30519816699887586,0.24223099782841362
2023-09-04,-74.44244567958908,5.204749933561132,0.34110547000103875,0.26501721356762076
2023-09-20,-74.44244567958908,5.204749933561132,0.4182947393949952,0.3260037650285805
2023-10-06,-74.44244567958908,5.204749933561132,0.42747636042809684,0.31446582914402244
2023-10-22,-74.44244567958908,5.204749933561132,0.4333934548314452,0.31875874253891123
2023-11-07,-74.44244567958908,5.204749933561132,0.5189966555433856,0.3973840487541227
2023-11-23,-74.44244567958908,5.204749933561132,0.5635572828830607,0.418381074426353
2023-12-09,-74.44244567958908,5.204749933561132,0.594155576909597,0.4420195377963322
2023-12-25,-74.44244567958908,5.204749933561132,0.654187011434608,0.5074548071393644
2024-01-10,-74.44244567958908,5.204749933561132,0.64669556616127,0.5002685258095815
2024-01-26,-74.44244567958908,5.204749933561132,0.6679413208416635,0.5103344236680687
2024-02-11,-74.44244567958908,5.204749933561132,0.6771986780030723,0.539214779487084
2024-02-27,-74.44244567958908,5.204749933561132,0.6586994488012444,0.49759682341882894
2024-03-14,-74.44244567958908,5.204749933561132,0.6522100701224725,0.4716783755893967
2024-03-30,-74.44244567958908,5.204749933561132,0.6006666568204466,0.44516829492287224
2024-04-15,-74.44244567958908,5.204749933561132,0.5457825179688264,0.400542428446955
2024-05-01,-74.44244567958908,5.204749933561132,0.5275959335278828,0.38372593545070544
2024-05-17,-74.44244567958908,5.204749933561132,0.4651646140698674,0.35516536059302345
2024-06-02,-74.44244567958908,5.204749933561132,0.3774452411094384,0.2934673196006076
2024-06-18,-74.44244567958908,5.204749933561132,0.33538291038048057,0.26409901934866364
2024-07-04,-74.44244567958908,5.204749933561132,0.3216434272025129,0.24139991546701373
2024-07-20,-74.44244567958908,5.204749933561132,0.2863036123322375,0.21717535572127444
2024-08-05,-74.44244567958908,5.204749933561132,0.32487537378819603,0.2275172217806946
2024-08-21,-74.44244567958908,5.204749933561132,0.3025265789769842,0.23598735470408794
2024-09-06,-74.44244567958908,5.204749933561132,0.34615404483843754,0.21093194766065804
2024-09-22,-74.44244567958908,5.204749933561132,0.4106695246162063,0.3185732131331213
2024-10-08,-74.44244567958908,5.204749933561132,0.4274595656941593,0.3177238653373792
2024-10-24,-74.44244567958908,5.204749933561132,0.42568052851934085,0.33275483761451047
2024-11-09,-74.44244567958908,5.204749933561132,0.5031430629079833,0.3882359310646542
2024-11-25,-74.44244567958908,5.204749933561132,0.5602286777064005,0.42493229586212794
2024-12-11,-74.44244567958908,5.204749933561132,0.5939803047678114,0.46277300742943717
2024-12-27,-74.44244567958908,5.204749933561132,0.6219230420380232,0.5113536700353012
2015-01-01,-74.43575638859205,4.689106471615431,0.5621184511620617,0.39051848752664015
2015-01-17,-74.43575638859205,4.689106471615431,0.6347988950963308,0.49867566058069823
2015-02-02,-74.43575638859205,4.689106471615431,0.6304171366600506,0.44830916734841497
2015-02-18,-74.43575638859205,4.689106471615431,0.6292618987061511,0.43552351233186315
2015-03-06,-74.43575638859205,4.689106471615431,0.6527130183335563,0.4574685844128836
2015-03-22,-74.43575638859205,4.689106471615431,0.6157978312200257,0.4449745064594255
2015-04-07,-74.43575638859205,4.689106471615431,0.5429916138977453,0.4120108122888804
2015-04-23,-74.43575638859205,4.689106471615431,0.5144336999467118,0.40258905706854126
2015-05-09,-74.43575638859205,4.689106471615431,0.4372615737443189,0.31279988739876274
2015-05-25,-74.43575638859205,4.689106471615431,0.3526943500795362,0.22083382891309372
2015-06-10,-74.43575638859205,4.689106471615431,0.37526030557623674,0.32311719406417094
2015-06-26,-74.43575638859205,4.689106471615431,0.2856256479794902,0.1977426606664874
2015-07-12,-74.43575638859205,4.689106471615431,0.23208781732327247,0.19153734704218164
2015-07-28,-74.43575638859205,4.689106471615431,0.19531172324934468,0.1512364697778423
2015-08-13,-74.43575638859205,4.689106471615431,0.18859081687527746,0.13006685925480094
2015-08-29,-74.43575638859205,4.689106471615431,0.17853515832950828,0.13976778618084137
2015-09-14,-74.43575638859205,4.689106471615431,0.1866849049972512,0.14904826566040874
2015-09-30,-74.43575638859205,4.689106471615431,0.22961149417599058,0.17475596672495755
2015-10-16,-74.43575638859205,4.689106471615431,0.3127254187705383,0.23118022317336465
2015-11-01,-74.43575638859205,4.689106471615431,0.3591602386518775,0.23352952187123155
2015-11-17,-74.43575638859205,4.689106471615431,0.3925896418298455,0.29499600379390556
2015-12-03,-74.43575638859205,4.689106471615431,0.5025951941009227,0.33774735391049415
2015-12-19,-74.43575638859205,4.689106471615431,0.5205513892950889,0.419547318989642
2016-01-04,-74.43575638859205,4.689106471615431,0.5569392070766982,0.4134476290990102
2016-01-20,-74.43575638859205,4.689106471615431,0.6174739891283767,0.46679566292073815
2016-02-05,-74.43575638859205,4.689106471615431,0.6655102228817635,0.5081021433627873
2016-02-21,-74.43575638859205,4.689106471615431,0.6675012964099121,0.4934258051612358
2016-03-08,-74.43575638859205,4.689106471615431,0.6157728718527872,0.4573151900291977
2016-03-24,-74.43575638859205,4.689106471615431,0.5807065174753434,0.44520012203070947
2016-04-09,-74.43575638859205,4.689106471615431,0.5551561773729968,0.40293135503019806
2016-04-25,-74.43575638859205,4.689106471615431,0.5206038034202584,0.36757853700570803
2016-05-11,-74.43575638859205,4.689106471615431,0.4665074920220317,0.34031387124669654
2016-05-27,-74.43575638859205,4.689106471615431,0.4119438275778707,0.30110311911881166
2016-06-12,-74.43575638859205,4.689106471615431,0.3409611501143229,0.2593121100612003
2016-06-28,-74.43575638859205,4.689106471615431,0.28921465843751665,0.21910993167109005
2016-07-14,-74.43575638859205,4.689106471615431,0.1976045325931569,0.16837927022971033
2016-07-30,-74.43575638859205,4.689106471615431,0.19945328504220233,0.165380285328748
2016-08-15,-74.43575638859205,4.689106471615431,0.20138118139559893,0.13556995642647238
2016-08-31,-74.43575638859205,4.689106471615431,0.17271200452228191,0.14264110542069153
2016-09-16,-74.43575638859205,4.689106471615431,0.20517826028546038,0.17261228080342522
2016-10-02,-74.43575638859205,4.689106471615431,0.24319284136524824,0.20286282657290194
2016-10-18,-74.43575638859205,4.689106471615431,0.30333777820408414,0.2332628335273461
2016-11-03,-74.43575638859205,4.689106471615431,0.34448051725771717,0.2630089402245182
2016-11-19,-74.43575638859205,4.689106471615431,0.4375775945314101,0.3270988867252912
2016-12-05,-74.43575638859205,4.689106471615431,0.48611900679197867,0.36551645661897814
2016-12-21,-74.43575638859205,4.689106471615431,0.5351210433468028,0.43580899764886805
2017-01-06,-74.43575638859205,4.689106471615431,0.6021722301700166,0.45321724893142684
2017-01-22,-74.43575638859205,4.689106471615431,0.6189071038690463,0.4501429178307654
2017-02-07,-74.43575638859205,4.689106471615431,0.6325101395740006,0.4805705604314727
2017-02-23,-74.43575638859205,4.689106471615431,0.6575950273944048,0.508180688484022
2017-03-11,-74.43575638859205,4.689106471615431,0.6059246458985349,0.4739831390374738
2017-03-27,-74.43575638859205,4.689106471615431,0.597715543523097,0.42854683052877196
2017-04-12,-74.43575638859205,4.689106471615431,0.5836113593287705,0.4669740994313369
2017-04-28,-74.43575638859205,4.689106471615431,0.5087745299201136,0.39575676947818994
2017-05-14,-74.43575638859205,4.689106471615431,0.458711968384803,0.37194941934484727
2017-05-30,-74.43575638859205,4.689106471615431,0.3955684252212195,0.27012255336714325
2017-06-15,-74.43575638859205,4.689106471615431,0.3613284617786515,0.2923094841235895
2017-07-01,-74.43575638859205,4.689106471615431,0.2580617253365005,0.1729537925552272
2017-07-17,-74.43575638859205,4.689106471615431,0.23644923055626724,0.17177172214984884
2017-08-02,-74.43575638859205,4.689106471615431,0.20519291398193162,0.16876282231201398
2017-08-18,-74.43575638859205,4.689106471615431,0.1757361031743685,0.10947991752708963
2017-09-03,-74.43575638859205,4.689106471615431,0.20035414028566106,0.13959784810870635
2017-09-19,-74.43575638859205,4.689106471615431,0.2178133223910279,0.13649346305402563
2017-10-05,-74.43575638859205,4.689106471615431,0.24710467356659202,0.19962754299574395
2017-10-21,-74.43575638859205,4.689106471615431,0.31371868974423345,0.21952185789070972
2017-11-06,-74.43575638859205,4.689106471615431,0.33615349263719,0.2524303932729283
2017-11-22,-74.43575638859205,4.689106471615431,0.43275918377406275,0.3326728906343981
2017-12-08,-74.43575638859205,4.689106471615431,0.472740923112393,0.3605121811840268
2017-12-24,-74.43575638859205,4.689106471615431,0.5692707838366835,0.4310559816236932
2018-01-09,-74.43575638859205,4.689106471615431,0.553354790973258,0.41908009999195633
2018-01-25,-74.43575638859205,4.689106471615431,0.6607180615254206,0.4697907298817535
2018-02-10,-74.43575638859205,4.689106471615431,0.6387321825028123,0.4745224282164665
2018-02-26,-74.43575638859205,4.689106471615431,0.6414523155385156,0.4849742797169621
2018-03-14,-74.43575638859205,4.689106471615431,0.6467239571262405,0.4867386335726966
2018-03-30,-74.43575638859205,4.689106471615431,0.6180291846424163,0.4611687753060825
2018-04-15,-74.43575638859205,4.689106471615431,0.5405803938558466,0.39205163573111285
2018-05-01,-74.43575638859205,4.689106471615431,0.4562648943208771,0.3477142989791746
2018-05-17,-74.43575638859205,4.689106471615431,0.47277874555839744,0.36374876871451534
2018-06-02,-74.43575638859205,4.689106471615431,0.3831857405899833,0.2791286789421984
2018-06-18,-74.43575638859205,4.689106471615431,0.30566849327509626,0.24894419972298745
2018-07-04,-74.43575638859205,4.689106471615431,0.29962537681483764,0.2544779913270646
2018-07-20,-74.43575638859205,4.689106471615431,0.23609700278921777,0.17777576367972353
2018-08-05,-74.43575638859205,4.689106471615431,0.19934587985469288,0.13443926350245458
2018-08-21,-74.43575638859205,4.689106471615431,0.15783885861843214,0.09584317680862528
2018-09-06,-74.43575638859205,4.689106471615431,0.19656961838624706,0.14158736856115176
2018-09-22,-74.43575638859205,4.689106471615431,0.1914156884607318,0.14281529876455412
2018-10-08,-74.43575638859205,4.689106471615431,0.25422436497148915,0.16721129662293527
2018-10-24,-74.43575638859205,4.689106471615431,0.30453605750860774,0.2219829831171289
2018-11-09,-74.43575638859205,4.689106471615431,0.35864117209523727,0.28751428236694676
2018-11-25,-74.43575638859205,4.689106471615431,0.3951876590001597,0.2566747644359003
2018-12-11,-74.43575638859205,4.689106471615431,0.4941265181319985,0.372517432386845
2018-12-27,-74.43575638859205,4.689106471615431,0.5569191988499085,0.40690992897184947
2019-01-12,-74.43575638859205,4.689106471615431,0.575080522954401,0.43116406956190184
2019-01-28,-74.43575638859205,4.689106471615431,0.6156792089389367,0.4927808347973164
2019-02-13,-74.43575638859205,4.689106471615431,0.6332234213518945,0.4738538629795793
2019-03-01,-74.43575638859205,4.689106471615431,0.6873933533846683,0.5116498105038875
2019-03-17,-74.43575638859205,4.689106471615431,0.6303024009529841,0.4856529893824651
2019-04-02,-74.43575638859205,4.689106471615431,0.599628890604439,0.4555114132615543
2019-04-18,-74.43575638859205,4.689106471615431,0.5418030200245992,0.4083589508151918
2019-05-04,-74.43575638859205,4.689106471615431,0.4699839990682142,0.35899837535794604
2019-05-20,-74.43575638859205,4.689106471615431,0.46056001252346757,0.3696336475718718
2019-06-05,-74.43575638859205,4.689106471615431,0.3640914690484945,0.29018519774849066
2019-06-21,-74.43575638859205,4.689106471615431,0.28287011092599246,0.20694234011049997
2019-07-07,-74.43575638859205,4.689106471615431,0.2700196702849703,0.23225809658289157
2019-07-23,-74.43575638859205,4.689106471615431,0.19873102306658405,0.1393765011114749
2019-08-08,-74.43575638859205,4.689106471615431,0.2359208343712808,0.17886585077384004
2019-08-24,-74.43575638859205,4.689106471615431,0.22361230114723718,0.17184637220594373
2019-09-09,-74.43575638859205,4.689106471615431,0.20401526685018512,0.1469016323844409
2019-09-25,-74.43575638859205,4.689106471615431,0.24608366314158583,0.21171829836226938
2019-10-11,-74.43575638859205,4.689106471615431,0.24874640151624874,0.17951079009277782
2019-10-27,-74.43575638859205,4.689106471615431,0.34085272851354137,0.2530485736294695
2019-11-12,-74.43575638859205,4.689106471615431,0.3726758554950776,0.29969773469869626
2019-11-28,-74.43575638859205,4.689106471615431,0.4669703924133033,0.3412349524965347
2019-12-14,-74.43575638859205,4.689106471615431,0.5091711356808469,0.3577088558425506
2019-12-30,-74.43575638859205,4.689106471615431,0.5401767720139614,0.40761588365313867
2020-01-15,-74.43575638859205,4.689106471615431,0.601009725623125,0.4314197723827311
2020-01-31,-74.43575638859205,4.689106471615431,0.614301635382567,0.43942533913781406
2020-02-16,-74.43575638859205,4.689106471615431,0.649777411954401,0.4479802750319627
2020-03-03,-74.43575638859205,4.689106471615431,0.6154066123459461,0.42429612830281316
2020-03-19,-74.43575638859205,4.689106471615431,0.6222671304158744,0.4306456768108118
2020-04-04,-74.43575638859205,4.689106471615431,0.5776961465664914,0.466062590239817
2020-04-20,-74.43575638859205,4.689106471615431,0.5614073175194565,0.38493733675601594
2020-05-06,-74.43575638859205,4.689106471615431,0.47618911296642613,0.33736240879721047
2020-05-22,-74.43575638859205,4.689106471615431,0.3843965589998237,0.2860280201620663
2020-06-07,-74.43575638859205,4.689106471615431,0.3712903202134236,0.29046091764447485
2020-06-23,-74.43575638859205,4.689106471615431,0.2759523598990109,0.22106494987245823
2020-07-09,-74.43575638859205,4.689106471615431,0.19823391868571613,0.13361652304562227
2020-07-25,-74.43575638859205,4.689106471615431,0.19235942161678404,0.14583598004736664
2020-08-10,-74.43575638859205,4.689106471615431,0.1859695193680853,0.1366477176536663
2020-08-26,-74.43575638859205,4.689106471615431,0.18459819410728107,0.13889679040024255
2020-09-11,-74.43575638859205,4.689106471615431,0.21398514039438804,0.1634754758178387
2020-09-27,-74.43575638859205,4.689106471615431,0.22847134410258899,0.1793884736730374
2020-10-13,-74.43575638859205,4.689106471615431,0.29520761628750447,0.21028519440117577
2020-10-29,-74.43575638859205,4.689106471615431,0.33221825168093755,0.2724018200216349
2020-11-14,-74.43575638859205,4.689106471615431,0.37214166745646843,0.3152002945174702
2020-11-30,-74.43575638859205,4.689106471615431,0.4296912643563009,0.3153611560431309
2020-12-16,-74.43575638859205,4.689106471615431,0.49654036333985596,0.4161638124422795
2021-01-01,-74.43575638859205,4.689106471615431,0.5539749805506413,0.4054644122824103
2021-01-17,-74.43575638859205,4.689106471615431,0.5973198920169187,0.449901975170568
2021-02-02,-74.43575638859205,4.689106471615431,0.6244750832350692,0.46569857633385386
2021-02-18,-74.43575638859205,4.689106471615431,0.5704017131772559,0.42894448160297843
2021-03-06,-74.43575638859205,4.689106471615431,0.6341675337109297,0.4963970262314451
2021-03-22,-74.43575638859205,4.689106471615431,0.6362424327826802,0.47342766335917424
2021-04-07,-74.43575638859205,4.689106471615431,0.587850264431214,0.4188563227145144
2021-04-23,-74.43575638859205,4.689106471615431,0.5364565345068746,0.3908928848974644
2021-05-09,-74.43575638859205,4.689106471615431,0.43891972975629195,0.32547802375313795
2021-05-25,-74.43575638859205,4.689106471615431,0.4284566431933096,0.32496259312959913
2021-06-10,-74.43575638859205,4.689106471615431,0.36922622033023406,0.26194501097135947
2021-06-26,-74.43575638859205,4.689106471615431,0.3047281459659709,0.21550290872973926
2021-07-12,-74.43575638859205,4.689106471615431,0.24256336926285865,0.1862561835203323
2021-07-28,-74.43575638859205,4.689106471615431,0.21882933832426907,0.16913681614142834
2021-08-13,-74.43575638859205,4.689106471615431,0.1740622471284661,0.14815282438820088
2021-08-29,-74.43575638859205,4.689106471615431,0.2236921451358536,0.15609304040676783
2021-09-14,-74.43575638859205,4.689106471615431,0.16951802619609938,0.1371249110141503
2021-09-30,-74.43575638859205,4.689106471615431,0.23241946548793121,0.17169254199684247
2021-10-16,-74.43575638859205,4.689106471615431,0.29616972256178736,0.21299944332482854
2021-11-01,-74.43575638859205,4.689106471615431,0.3353871124211642,0.2495379439771414
2021-11-17,-74.43575638859205,4.689106471615431,0.43139198086235775,0.32414537772903995
2021-12-03,-74.43575638859205,4.689106471615431,0.4394151089004943,0.3056437620525484
2021-12-19,-74.43575638859205,4.689106471615431,0.5252601849661365,0.37135657871078276
2022-01-04,-74.43575638859205,4.689106471615431,0.5413935454435524,0.4187558789013446
2022-01-20,-74.43575638859205,4.689106471615431,0.6245291774846388,0.461034152435602
2022-02-05,-74.43575638859205,4.689106471615431,0.6400679991957094,0.4838134322806921
2022-02-21,-74.43575638859205,4.689106471615431,0.6529942262190094,0.501840667743053
2022-03-09,-74.43575638859205,4.689106471615431,0.5784676083272486,0.4290407270757886
2022-03-25,-74.43575638859205,4.689106471615431,0.6142466631062581,0.4524758655089133
2022-04-10,-74.43575638859205,4.689106471615431,0.5635977924132982,0.4377123439435352
2022-04-26,-74.43575638859205,4.689106471615431,0.5122491398928816,0.4143452432643585
2022-05-12,-74.43575638859205,4.689106471615431,0.4736371727905382,0.35285659653347495
2022-05-28,-74.43575638859205,4.689106471615431,0.38480097528149143,0.2315942493570913
2022-06-13,-74.43575638859205,4.689106471615431,0.32179291284535383,0.21427930677980483
2022-06-29,-74.43575638859205,4.689106471615431,0.2787612118032394,0.21212832307482954
2022-07-15,-74.43575638859205,4.689106471615431,0.24478959596055735,0.21152560640938184
2022-07-31,-74.43575638859205,4.689106471615431,0.2006815548979211,0.19611949241190477
2022-08-16,-74.43575638859205,4.689106471615431,0.19222528076261988,0.11796463269763224
2022-09-01,-74.43575638859205,4.689106471615431,0.17976647512358546,0.12736992233653266
2022-09-17,-74.43575638859205,4.689106471615431,0.22308578389673822,0.14836933991796766
2022-10-03,-74.43575638859205,4.689106471615431,0.2407973425663208,0.17737720130881887
2022-10-19,-74.43575638859205,4.689106471615431,0.2859092723667912,0.23066026190868777
2022-11-04,-74.43575638859205,4.689106471615431,0.3647871690018297,0.29692171945345147
2022-11-20,-74.43575638859205,4.689106471615431,0.4071000366101319,0.32937557881055696
2022-12-06,-74.43575638859205,4.689106471615431,0.4482155761987607,0.3083939961292734
2022-12-22,-74.43575638859205,4.689106471615431,0.50835292877007,0.38144893043019423
2023-01-07,-74.43575638859205,4.689106471615431,0.6048616118162872,0.4416033672494228
2023-01-23,-74.43575638859205,4.689106471615431,0.6068846300341019,0.45084311341938965
2023-02-08,-74.43575638859205,4.689106471615431,0.6482149418730143,0.4766087003376693
2023-02-24,-74.43575638859205,4.689106471615431,0.6296320963627943,0.4453161670049419
2023-03-12,-74.43575638859205,4.689106471615431,0.615343237532005,0.48505666320771046
2023-03-28,-74.43575638859205,4.689106471615431,0.5990279440660711,0.434473867844595
2023-04-13,-74.43575638859205,4.689106471615431,0.5785475155737266,0.4222063666390912
2023-04-29,-74.43575638859205,4.689106471615431,0.5282928333647048,0.4242917645815306
2023-05-15,-74.43575638859205,4.689106471615431,0.44060232522245785,0.30048075336940966
2023-05-31,-74.43575638859205,4.689106471615431,0.42293370125084273,0.32494579706342297
2023-06-16,-74.43575638859205,4.689106471615431,0.31109995392235806,0.2524475237372697
2023-07-02,-74.43575638859205,4.689106471615431,0.27932035942609734,0.23570903656730183
2023-07-18,-74.43575638859205,4.689106471615431,0.210929287074894,0.16456643356165834
2023-08-03,-74.43575638859205,4.689106471615431,0.17366415495593313,0.14357480413177454
2023-08-19,-74.43575638859205,4.689106471615431,0.18645117909501818,0.14545856943099988
2023-09-04,-74.43575638859205,4.689106471615431,0.19062418811296386,0.13794836467295565
2023-09-20,-74.43575638859205,4.689106471615431,0.19943960630955562,0.1653883090258514
2023-10-06,-74.43575638859205,4.689106471615431,0.28471045122067423,0.20239947123730398
2023-10-22,-74.43575638859205,4.689106471615431,0.31608545129112336,0.2457077609615474
2023-11-07,-74.43575638859205,4.689106471615431,0.36348449805268396,0.24208145887221866
2023-11-23,-74.43575638859205,4.689106471615431,0.3994127682324344,0.28393993715129434
2023-12-09,-74.43575638859205,4.689106471615431,0.44391818295290125,0.36109925181278824
2023-12-25,-74.43575638859205,4.689106471615431,0.5498198863835909,0.4117656938197108
2024-01-10,-74.43575638859205,4.689106471615431,0.5447387716049901,0.3720766616033345
2024-01-26,-74.43575638859205,4.689106471615431,0.6214110287367018,0.5054680708622059
2024-02-11,-74.43575638859205,4.689106471615431,0.6247548975844994,0.4858421334766233
2024-02-27,-74.43575638859205,4.689106471615431,0.6294533760301976,0.47319481720842554
2024-03-14,-74.43575638859205,4.689106471615431,0.6466980647410071,0.4781045159524245
2024-03-30,-74.43575638859205,4.689106471615431,0.576239458399963,0.4605410048824676
2024-04-15,-74.43575638859205,4.689106471615431,0.5453136569279495,0.43080934450768543
2024-05-01,-74.43575638859205,4.689106471615431,0.4752225979831645,0.3845504326665929
2024-05-17,-74.43575638859205,4.689106471615431,0.43327113026404346,0.33364910022232575
2024-06-02,-74.43575638859205,4.689106471615431,0.3682561296377567,0.26608259758838754
2024-06-18,-74.43575638859205,4.689106471615431,0.30705566488510944,0.22143994390404473
2024-07-04,-74.43575638859205,4.689106471615431,0.27579925676280354,0.20278829923072939
2024-07-20,-74.43575638859205,4.689106471615431,0.18805579193344468,0.10745336925029783
2024-08-05,-74.43575638859205,4.689106471615431,0.1595991886868845,0.1320588066662422
2024-08-21,-74.43575638859205,4.689106471615431,0.16381913178709678,0.1288660643570939
2024-09-06,-74.43575638859205,4.689106471615431,0.19941353219895014,0.14826597725101706
2024-09-22,-74.43575638859205,4.689106471615431,0.23165891090149873,0.17691025391793458
2024-10-08,-74.43575638859205,4.689106471615431,0.20930525305101116,0.15050643497128857
2024-10-24,-74.43575638859205,4.689106471615431,0.3239500433052561,0.27576818869404207
2024-11-09,-74.43575638859205,4.689106471615431,0.4085484112242705,0.2791482981464977
2024-11-25,-74.43575638859205,4.689106471615431,0.43014366022493117,0.29128544889453845
2024-12-11,-74.43575638859205,4.689106471615431,0.528104689864115,0.41633564156105723
2024-12-27,-74.43575638859205,4.689106471615431,0.5589716935133114,0.4225506673601878
2015-01-01,-75.01719446427408,5.1643625767515715,0.26457439230080887,0.21475163233070896
2015-01-17,-75.01719446427408,5.1643625767515715,0.1569434579127139,0.11068261505785061
2015-02-02,-75.01719446427408,5.1643625767515715,0.1100627965103623,0.11582941955816385
2015-02-18,-75.01719446427408,5.1643625767515715,0.05,0.032232466491040515
2015-03-06,-75.01719446427408,5.1643625767515715,0.05,0.04723197995497222
2015-03-22,-75.01719446427408,5.1643625767515715,0.05,0.07517041260688088
2015-04-07,-75.01719446427408,5.1643625767515715,0.05,0.04812766816941107
2015-04-23,-75.01719446427408,5.1643625767515715,0.11629487063963592,0.07823992047483513
2015-05-09,-75.01719446427408,5.1643625767515715,0.15086973833066325,0.08808585916756487
2015-05-25,-75.01719446427408,5.1643625767515715,0.23644050254756607,0.1475518264319673
2015-06-10,-75.01719446427408,5.1643625767515715,0.35124458362827815,0.2718333727226085
2015-06-26,-75.01719446427408,5.1643625767515715,0.42903042713356,0.319764346193813
2015-07-12,-75.01719446427408,5.1643625767515715,0.5425606448856719,0.38420456192645597
2015-07-28,-75.01719446427408,5.1643625767515715,0.6116570813070351,0.47273300710945126
2015-08-13,-75.01719446427408,5.1643625767515715,0.6336047331318538,0.4889023099629307
2015-08-29,-75.01719446427408,5.1643625767515715,0.674230251813296,0.5033207991829413
2015-09-14,-75.01719446427408,5.1643625767515715,0.696790478338345,0.551217790339559
2015-09-30,-75.01719446427408,5.1643625767515715,0.6822174671067615,0.4786593024907635
2015-10-16,-75.01719446427408,5.1643625767515715,0.6673913006529802,0.4922694158893188
2015-11-01,-75.01719446427408,5.1643625767515715,0.5711224935343684,0.4388581741338733
2015-11-17,-75.01719446427408,5.1643625767515715,0.47978840313093596,0.3391164828965395
2015-12-03,-75.01719446427408,5.1643625767515715,0.41458212437277997,0.32698104112268783
2015-12-19,-75.01719446427408,5.1643625767515715,0.3535788884414819,0.28723981127766285
2016-01-04,-75.01719446427408,5.1643625767515715,0.22872085521818414,0.12299447651773499
2016-01-20,-75.01719446427408,5.1643625767515715,0.1534818317652374,0.1445228486084203
2016-02-05,-75.01719446427408,5.1643625767515715,0.10047265226915066,0.08461346939673739
2016-02-21,-75.01719446427408,5.1643625767515715,0.05,0.026993859927431706
2016-03-08,-75.01719446427408,5.1643625767515715,0.05,0.009165409306717331
2016-03-24,-75.01719446427408,5.1643625767515715,0.05,0.05635103102330569
2016-04-09,-75.01719446427408,5.1643625767515715,0.05,0.013864897555907568
2016-04-25,-75.01719446427408,5.1643625767515715,0.12362106931168845,0.10193692154666913
2016-05-11,-75.01719446427408,5.1643625767515715,0.16034840305347203,0.09734580557211371
2016-05-27,-75.01719446427408,5.1643625767515715,0.2984264739048562,0.22333081905371002
2016-06-12,-75.01719446427408,5.1643625767515715,0.38274373931237404,0.30493047537646933
2016-06-28,-75.01719446427408,5.1643625767515715,0.44218682803644016,0.32138129872753446
2016-07-14,-75.01719446427408,5.1643625767515715,0.5724547607329941,0.45859141720214514
2016-07-30,-75.01719446427408,5.1643625767515715,0.5831756800598382,0.4483773652645225
2016-08-15,-75.01719446427408,5.1643625767515715,0.6759187854200687,0.48627262580628133
2016-08-31,-75.01719446427408,5.1643625767515715,0.7173064439385267,0.5109878971341671
2016-09-16,-75.01719446427408,5.1643625767515715,0.7100277019990662,0.5165513018439003
2016-10-02,-75.01719446427408,5.1643625767515715,0.6896539389951508,0.5158108843731233
2016-10-18,-75.01719446427408,5.1643625767515715,0.6341246077642841,0.507057036400679
2016-11-03,-75.01719446427408,5.1643625767515715,0.5969893053544254,0.4836332395834601
2016-11-19,-75.01719446427408,5.1643625767515715,0.49958538934433305,0.36371324276230765
2016-12-05,-75.01719446427408,5.1643625767515715,0.44295174984395674,0.32065261758548785
2016-12-21,-75.01719446427408,5.1643625767515715,0.30570868970896276,0.2436824654916684
2017-01-06,-75.01719446427408,5.1643625767515715,0.19559042766851825,0.16091871444726166
2017-01-22,-75.01719446427408,5.1643625767515715,0.14758773062145697,0.1360773043268494
2017-02-07,-75.01719446427408,5.1643625767515715,0.08628567662556372,0.0907138245267242
2017-02-23,-75.01719446427408,5.1643625767515715,0.05,0.020246593625858792
2017-03-11,-75.01719446427408,5.1643625767515715,0.05,0.006966087689560668
2017-03-27,-75.01719446427408,5.1643625767515715,0.05,0.04880256081017663
2017-04-12,-75.01719446427408,5.1643625767515715,0.0764322234067484,0.0611151844733446
2017-04-28,-75.01719446427408,5.1643625767515715,0.121410055321647,0.05114148694179608
2017-05-14,-75.01719446427408,5.1643625767515715,0.1685131458064718,0.08890590321198867
2017-05-30,-75.01719446427408,5.1643625767515715,0.28497047535206177,0.18278322998226604
2017-06-15,-75.01719446427408,5.1643625767515715,0.34159317822186425,0.26647538776562624
2017-07-01,-75.01719446427408,5.1643625767515715,0.4857310419337705,0.3611189192857435
2017-07-17,-75.01719446427408,5.1643625767515715,0.5654626598306813,0.43485275821047287
2017-08-02,-75.01719446427408,5.1643625767515715,0.6247834335809747,0.44669346552800604
2017-08-18,-75.01719446427408,5.1643625767515715,0.6952345581269364,0.5336878324107039
2017-09-03,-75.01719446427408,5.1643625767515715,0.7323396763250042,0.5554960857253312
2017-09-19,-75.01719446427408,5.1643625767515715,0.694988508100679,0.5350481843028928
2017-10-05,-75.01719446427408,5.1643625767515715,0.6953131249123662,0.5118300947978077
2017-10-21,-75.01719446427408,5.1643625767515715,0.641248313166949,0.46713109130740416
2017-11-06,-75.01719446427408,5.1643625767515715,0.5951696156996906,0.41801491710316757
2017-11-22,-75.01719446427408,5.1643625767515715,0.4714839132323683,0.3470374772308424
2017-12-08,-75.01719446427408,5.1643625767515715,0.4277845090190019,0.34192399274610835
2017-12-24,-75.01719446427408,5.1643625767515715,0.2642684125397857,0.225228251179889
2018-01-09,-75.01719446427408,5.1643625767515715,0.23048864850030765,0.14938631985477785
2018-01-25,-75.01719446427408,5.1643625767515715,0.07137998211027982,0.052090554135765015
2018-02-10,-75.01719446427408,5.1643625767515715,0.08061845246761952,0.09228907874671868
2018-02-26,-75.01719446427408,5.1643625767515715,0.05,0.07253958209325931
2018-03-14,-75.01719446427408,5.1643625767515715,0.05,0.03013898772341425
2018-03-30,-75.01719446427408,5.1643625767515715,0.05,0.06054674049848607
2018-04-15,-75.01719446427408,5.1643625767515715,0.07896362047584621,0.07830718846555257
2018-05-01,-75.01719446427408,5.1643625767515715,0.0875307553962741,0.08290044718318401
2018-05-17,-75.01719446427408,5.1643625767515715,0.20486652370900968,0.12022520507616544
2018-06-02,-75.01719446427408,5.1643625767515715,0.24604768131589044,0.20529554678733333
2018-06-18,-75.01719446427408,5.1643625767515715,0.3820585225912053,0.2608402500943065
2018-07-04,-75.01719446427408,5.1643625767515715,0.4779319317245058,0.3657297704156434
2018-07-20,-75.01719446427408,5.1643625767515715,0.5677660826170505,0.39478483890026617
2018-08-05,-75.01719446427408,5.1643625767515715,0.6787719254564312,0.5291633034720812
2018-08-21,-75.01719446427408,5.1643625767515715,0.6849006873045059,0.5077736223603336
2018-09-06,-75.01719446427408,5.1643625767515715,0.7244448399364012,0.5207412020374942
2018-09-22,-75.01719446427408,5.1643625767515715,0.7225215759245954,0.5152765332062312
2018-10-08,-75.01719446427408,5.1643625767515715,0.6867258990870969,0.49167299431818556
2018-10-24,-75.01719446427408,5.1643625767515715,0.6132045463611198,0.492817862043204
2018-11-09,-75.01719446427408,5.1643625767515715,0.5635043433696828,0.42677638723528544
2018-11-25,-75.01719446427408,5.1643625767515715,0.4336912334491866,0.31332838991646894
2018-12-11,-75.01719446427408,5.1643625767515715,0.38625131403916496,0.2935712108483238
2018-12-27,-75.01719446427408,5.1643625767515715,0.23586783160774366,0.18104363203894938
2019-01-12,-75.01719446427408,5.1643625767515715,0.19440742497196906,0.1714808086929508
2019-01-28,-75.01719446427408,5.1643625767515715,0.09523140626048637,0.026582180292651365
2019-02-13,-75.01719446427408,5.1643625767515715,0.05,0.015558699222628862
2019-03-01,-75.01719446427408,5.1643625767515715,0.05,0.0
2019-03-17,-75.01719446427408,5.1643625767515715,0.05,0.06601590947154509
2019-04-02,-75.01719446427408,5.1643625767515715,0.05,0.05542633632352849
2019-04-18,-75.01719446427408,5.1643625767515715,0.05,0.00546020973587355
2019-05-04,-75.01719446427408,5.1643625767515715,0.1570622809997021,0.11982101806492164
2019-05-20,-75.01719446427408,5.1643625767515715,0.21337701813770055,0.13766970704113546
2019-06-05,-75.01719446427408,5.1643625767515715,0.3076263231224483,0.2078009909750343
2019-06-21,-75.01719446427408,5.1643625767515715,0.42784386927644313,0.3754395161546958
2019-07-07,-75.01719446427408,5.1643625767515715,0.5090528742228696,0.3690907279579213
2019-07-23,-75.01719446427408,5.1643625767515715,0.5335588535606778,0.3664798578796615
2019-08-08,-75.01719446427408,5.1643625767515715,0.6833808478571223,0.4919517990274202
2019-08-24,-75.01719446427408,5.1643625767515715,0.6909822742178766,0.531343225154991
2019-09-09,-75.01719446427408,5.1643625767515715,0.748747637032659,0.5575689893512176
2019-09-25,-75.01719446427408,5.1643625767515715,0.7047382609461856,0.5299861162798529
2019-10-11,-75.01719446427408,5.1643625767515715,0.667508149865417,0.48915472833320367
2019-10-27,-75.01719446427408,5.1643625767515715,0.6314976822107293,0.4773290920147368
2019-11-12,-75.01719446427408,5.1643625767515715,0.5893429765483316,0.45078420874395725
2019-11-28,-75.01719446427408,5.1643625767515715,0.47920660947952065,0.3379792535751779
2019-12-14,-75.01719446427408,5.1643625767515715,0.3690058152108265,0.2622947344760987
2019-12-30,-75.01719446427408,5.1643625767515715,0.26894022456539846,0.21547546038634566
2020-01-15,-75.01719446427408,5.1643625767515715,0.17211412734143344,0.17723210993557093
2020-01-31,-75.01719446427408,5.1643625767515715,0.12409695231674399,0.11661762089413992
2020-02-16,-75.01719446427408,5.1643625767515715,0.05527601670134456,0.07672422888060931
2020-03-03,-75.01719446427408,5.1643625767515715,0.05,0.06490566235981153
2020-03-19,-75.01719446427408,5.1643625767515715,0.05,0.026213217618665414
2020-04-04,-75.01719446427408,5.1643625767515715,0.05,0.06216440331021447
2020-04-20,-75.01719446427408,5.1643625767515715,0.05049581290926032,0.027620962128390623
2020-05-06,-75.01719446427408,5.1643625767515715,0.1446649181801374,0.10477136854118878
2020-05-22,-75.01719446427408,5.1643625767515715,0.24541789532829383,0.2527819738159108
2020-06-07,-75.01719446427408,5.1643625767515715,0.3323682738171962,0.2345722765996508
2020-06-23,-75.01719446427408,5.1643625767515715,0.3965080599076909,0.2908759666590561
2020-07-09,-75.01719446427408,5.1643625767515715,0.4974795344084187,0.38246064664582247
2020-07-25,-75.01719446427408,5.1643625767515715,0.6074869015161238,0.4463518120465938
2020-08-10,-75.01719446427408,5.1643625767515715,0.7024296184278795,0.5121132674361117
2020-08-26,-75.01719446427408,5.1643625767515715,0.7019022085762229,0.5392099097499635
2020-09-11,-75.01719446427408,5.1643625767515715,0.7378356090370709,0.5789282372086672
2020-09-27,-75.01719446427408,5.1643625767515715,0.7172277189488728,0.5589390432274146
2020-10-13,-75.01719446427408,5.1643625767515715,0.6578330841216511,0.5117364522982459
2020-10-29,-75.01719446427408,5.1643625767515715,0.6283499871783347,0.5015202238788218
2020-11-14,-75.01719446427408,5.1643625767515715,0.49723877428683455,0.35478541840310457
2020-11-30,-75.01719446427408,5.1643625767515715,0.4546583432349501,0.28796646782858465
2020-12-16,-75.01719446427408,5.1643625767515715,0.3498258016281244,0.28356543971972065
2021-01-01,-75.01719446427408,5.1643625767515715,0.23770439070944893,0.16967449302984847
2021-01-17,-75.01719446427408,5.1643625767515715,0.13927346035975505,0.09402415287518821
2021-02-02,-75.01719446427408,5.1643625767515715,0.07754516107996294,0.04450204532066177
2021-02-18,-75.01719446427408,5.1643625767515715,0.05,0.032079904302232135
2021-03-06,-75.01719446427408,5.1643625767515715,0.05,0.07498263799722113
2021-03-22,-75.01719446427408,5.1643625767515715,0.05,0.044383004323837176
2021-04-07,-75.01719446427408,5.1643625767515715,0.05,0.025708084483170864
2021-04-23,-75.01719446427408,5.1643625767515715,0.05,0.0060726750437781404
2021-05-09,-75.01719446427408,5.1643625767515715,0.12849841026644881,0.10004774439503802
2021-05-25,-75.01719446427408,5.1643625767515715,0.26141098509832933,0.16032494828583665
2021-06-10,-75.01719446427408,5.1643625767515715,0.3253060605174384,0.21664173120107183
2021-06-26,-75.01719446427408,5.1643625767515715,0.4292862713916598,0.3434800934178879
2021-07-12,-75.01719446427408,5.1643625767515715,0.5183936685497327,0.3878449119683056
2021-07-28,-75.01719446427408,5.1643625767515715,0.6366782918858309,0.4866667375245314
2021-08-13,-75.01719446427408,5.1643625767515715,0.6540483775636626,0.4937145888894615
2021-08-29,-75.01719446427408,5.1643625767515715,0.6911605208504815,0.5267800308925812
2021-09-14,-75.01719446427408,5.1643625767515715,0.7303651035017046,0.5204306336163094
2021-09-30,-75.01719446427408,5.1643625767515715,0.7088628765375239,0.5292956922432246
2021-10-16,-75.01719446427408,5.1643625767515715,0.6756178057644961,0.5233402953437548
2021-11-01,-75.01719446427408,5.1643625767515715,0.6107635901901391,0.4520088255750093
2021-11-17,-75.01719446427408,5.1643625767515715,0.5382849847972095,0.3862524830717021
2021-12-03,-75.01719446427408,5.1643625767515715,0.3996760499138057,0.23585130374413826
2021-12-19,-75.01719446427408,5.1643625767515715,0.32626670206647573,0.22826909775998808
2022-01-04,-75.01719446427408,5.1643625767515715,0.23974142054893582,0.14038151753081451
2022-01-20,-75.01719446427408,5.1643625767515715,0.1327212003228762,0.10894629835944686
2022-02-05,-75.01719446427408,5.1643625767515715,0.05520012118589968,0.049585225861682
2022-02-21,-75.01719446427408,5.1643625767515715,0.05,0.03684383380440005
2022-03-09,-75.01719446427408,5.1643625767515715,0.05,0.05655594046230626
2022-03-25,-75.01719446427408,5.1643625767515715,0.05,0.021219794102425107
2022-04-10,-75.01719446427408,5.1643625767515715,0.05,0.05023910726173917
2022-04-26,-75.01719446427408,5.1643625767515715,0.07263657406757601,0.050916098617877895
2022-05-12,-75.01719446427408,5.1643625767515715,0.1602667443737861,0.1181328226139603
2022-05-28,-75.01719446427408,5.1643625767515715,0.2372926920426699,0.14093063198776018
2022-06-13,-75.01719446427408,5.1643625767515715,0.36521203038217703,0.2931916512564057
2022-06-29,-75.01719446427408,5.1643625767515715,0.4167613601197417,0.3199495433083306
2022-07-15,-75.01719446427408,5.1643625767515715,0.5651921210712192,0.43581231173866086
2022-07-31,-75.01719446427408,5.1643625767515715,0.6123805960087316,0.4404155196115336
2022-08-16,-75.01719446427408,5.1643625767515715,0.6799626431015409,0.5149276835030934
2022-09-01,-75.01719446427408,5.1643625767515715,0.7139876722673008,0.5318880615981242
2022-09-17,-75.01719446427408,5.1643625767515715,0.697703774609533,0.5317315967833268
2022-10-03,-75.01719446427408,5.1643625767515715,0.7090668541665412,0.5358165831341394
2022-10-19,-75.01719446427408,5.1643625767515715,0.656655813903819,0.5260768501827864
2022-11-04,-75.01719446427408,5.1643625767515715,0.5746360649950749,0.4566057506954393
2022-11-20,-75.01719446427408,5.1643625767515715,0.48810649934145667,0.388258885965221
2022-12-06,-75.01719446427408,5.1643625767515715,0.43245078855570707,0.3184770673487426
2022-12-22,-75.01719446427408,5.1643625767515715,0.34249379122996193,0.2662510611573932
2023-01-07,-75.01719446427408,5.1643625767515715,0.19714060088521246,0.14037231877612516
2023-01-23,-75.01719446427408,5.1643625767515715,0.15380349653410652,0.13381391643811288
2023-02-08,-75.01719446427408,5.1643625767515715,0.05,0.034714853756190066
2023-02-24,-75.01719446427408,5.1643625767515715,0.05,0.02734790821848783
2023-03-12,-75.01719446427408,5.1643625767515715,0.05005256037136399,0.0422126951466295
2023-03-28,-75.01719446427408,5.1643625767515715,0.05,0.061317020885161805
2023-04-13,-75.01719446427408,5.1643625767515715,0.05,0.057648552212346466
2023-04-29,-75.01719446427408,5.1643625767515715,0.0723666288486497,0.045201890711575946
2023-05-15,-75.01719446427408,5.1643625767515715,0.20482728782387538,0.18502442027969995
2023-05-31,-75.01719446427408,5.1643625767515715,0.25988003797341785,0.1771135957556904
2023-06-16,-75.01719446427408,5.1643625767515715,0.38467297938736944,0.2760440566421728
2023-07-02,-75.01719446427408,5.1643625767515715,0.4650228468934842,0.36629523566485633
2023-07-18,-75.01719446427408,5.1643625767515715,0.5483576295836015,0.3719597071569874
2023-08-03,-75.01719446427408,5.1643625767515715,0.6071408457426712,0.45555474602140905
2023-08-19,-75.01719446427408,5.1643625767515715,0.6493220843212084,0.4810483548949599
2023-09-04,-75.01719446427408,5.1643625767515715,0.6876542792114827,0.548539489545924
2023-09-20,-75.01719446427408,5.1643625767515715,0.7610034109335128,0.5495886161532932
2023-10-06,-75.01719446427408,5.1643625767515715,0.6981726014642599,0.5044213764582579
2023-10-22,-75.01719446427408,5.1643625767515715,0.6371796563048656,0.5139541287877653
2023-11-07,-75.01719446427408,5.1643625767515715,0.5630967357978641,0.4166018026036558
2023-11-23,-75.01719446427408,5.1643625767515715,0.46672770371561484,0.3729695653400084
2023-12-09,-75.01719446427408,5.1643625767515715,0.3240910616387466,0.23421234979842753
2023-12-25,-75.01719446427408,5.1643625767515715,0.29010048861737914,0.20435381986601606
2024-01-10,-75.01719446427408,5.1643625767515715,0.21524755748990082,0.1854762137968351
2024-01-26,-75.01719446427408,5.1643625767515715,0.08900456063878553,0.10862315355450525
2024-02-11,-75.01719446427408,5.1643625767515715,0.05,0.06327261363351684
2024-02-27,-75.01719446427408,5.1643625767515715,0.05,0.02742597805772371
2024-03-14,-75.01719446427408,5.1643625767515715,0.05,0.03682974418679373
2024-03-30,-75.01719446427408,5.1643625767515715,0.05,0.019096912972569498
2024-04-15,-75.01719446427408,5.1643625767515715,0.05152438561282183,0.023229832751064477
2024-05-01,-75.01719446427408,5.1643625767515715,0.0947613363094199,0.054724768182906974
2024-05-17,-75.01719446427408,5.1643625767515715,0.17718095008967566,0.12448261431224636
2024-06-02,-75.01719446427408,5.1643625767515715,0.3020921973074658,0.2289833550641586
2024-06-18,-75.01719446427408,5.1643625767515715,0.4313057107786925,0.27927022280962105
2024-07-04,-75.01719446427408,5.1643625767515715,0.49727983706940704,0.37308828257254234
2024-07-20,-75.01719446427408,5.1643625767515715,0.5907364628943312,0.4573816512569566
2024-08-05,-75.01719446427408,5.1643625767515715,0.6415863012050391,0.48464275160091447
2024-08-21,-75.01719446427408,5.1643625767515715,0.6790892369759363,0.5215905273190413
2024-09-06,-75.01719446427408,5.1643625767515715,0.6803989110374491,0.5258357120510732
2024-09-22,-75.01719446427408,5.1643625767515715,0.7146304975453488,0.5262316324023899
2024-10-08,-75.01719446427408,5.1643625767515715,0.6808898458749721,0.5074834597144614
2024-10-24,-75.01719446427408,5.1643625767515715,0.6574899316758162,0.5577873220218323
2024-11-09,-75.01719446427408,5.1643625767515715,0.5815717900818721,0.4248723268436089
2024-11-25,-75.01719446427408,5.1643625767515715,0.48063380658464333,0.3739419382596322
2024-12-11,-75.01719446427408,5.1643625767515715,0.35235128300177626,0.23904747630691855
2024-12-27,-75.01719446427408,5.1643625767515715,0.27168362163288634,0.21991686827869344
2015-01-01,-74.41748857048763,4.891894580780619,0.31800651831219257,0.28554818740313354
2015-01-17,-74.41748857048763,4.891894580780619,0.2224948840567913,0.12628788866602825
2015-02-02,-74.41748857048763,4.891894580780619,0.17487240965578918,0.1084651286769217
2015-02-18,-74.41748857048763,4.891894580780619,0.11966633613596706,0.08827521452288196
2015-03-06,-74.41748857048763,4.891894580780619,0.08670352649270477,0.048179424225593
2015-03-22,-74.41748857048763,4.891894580780619,0.09748454270427998,0.06676666473286659
2015-04-07,-74.41748857048763,4.891894580780619,0.13728672549950127,0.09935759907405982
2015-04-23,-74.41748857048763,4.891894580780619,0.14848336309987306,0.07760831128803708
2015-05-09,-74.41748857048763,4.891894580780619,0.23911559430259563,0.15395260429969426
2015-05-25,-74.41748857048763,4.891894580780619,0.30692143983651393,0.2407402260603252
2015-06-10,-74.41748857048763,4.891894580780619,0.3994244887675656,0.32781223414233246
2015-06-26,-74.41748857048763,4.891894580780619,0.5413058706607854,0.4051025503750898
2015-07-12,-74.41748857048763,4.891894580780619,0.6148519119988876,0.47642637992602443
2015-07-28,-74.41748857048763,4.891894580780619,0.7198819729030251,0.5261895468224528
2015-08-13,-74.41748857048763,4.891894580780619,0.7889248711517268,0.5580379442550075
2015-08-29,-74.41748857048763,4.891894580780619,0.7929066667212747,0.5722762783349344
2015-09-14,-74.41748857048763,4.891894580780619,0.8459182156143809,0.634373495274663
2015-09-30,-74.41748857048763,4.891894580780619,0.8448476766298053,0.6152359604289824
2015-10-16,-74.41748857048763,4.891894580780619,0.7930630481784603,0.5925198750859396
2015-11-01,-74.41748857048763,4.891894580780619,0.6963600979504452,0.5299762268770922
2015-11-17,-74.41748857048763,4.891894580780619,0.628503272218778,0.4587950702811755
2015-12-03,-74.41748857048763,4.891894580780619,0.5326546162749332,0.396900354487452
2015-12-19,-74.41748857048763,4.891894580780619,0.42550870574169575,0.3108796663080558
2016-01-04,-74.41748857048763,4.891894580780619,0.30180986759872935,0.2278527090169445
2016-01-20,-74.41748857048763,4.891894580780619,0.22132842473744693,0.14558974120020385
2016-02-05,-74.41748857048763,4.891894580780619,0.15901411815511418,0.13394111949977922
2016-02-21,-74.41748857048763,4.891894580780619,0.1165019982563018,0.07675365452507456
2016-03-08,-74.41748857048763,4.891894580780619,0.07668799802810601,0.07023226376485488
2016-03-24,-74.41748857048763,4.891894580780619,0.05,0.05344729978398961
2016-04-09,-74.41748857048763,4.891894580780619,0.08568830255433765,0.03595806874929362
2016-04-25,-74.41748857048763,4.891894580780619,0.16996939671426056,0.1708795303943123
2016-05-11,-74.41748857048763,4.891894580780619,0.29216713877780337,0.23325510919929526
2016-05-27,-74.41748857048763,4.891894580780619,0.35948435454161615,0.2323677265459626
2016-06-12,-74.41748857048763,4.891894580780619,0.45752824398057124,0.332161752614229
2016-06-28,-74.41748857048763,4.891894580780619,0.5407121548053753,0.4086301779035246
2016-07-14,-74.41748857048763,4.891894580780619,0.6431505571564843,0.49974890878674016
2016-07-30,-74.41748857048763,4.891894580780619,0.6950546151848979,0.522791189835593
2016-08-15,-74.41748857048763,4.891894580780619,0.77694537890795,0.5745163176026487
2016-08-31,-74.41748857048763,4.891894580780619,0.8363464048262942,0.6049136463675193
2016-09-16,-74.41748857048763,4.891894580780619,0.8415448790105212,0.6269118951537056
2016-10-02,-74.41748857048763,4.891894580780619,0.8047311312641263,0.5941368987278765
2016-10-18,-74.41748857048763,4.891894580780619,0.7677422963045093,0.5604499919771178
2016-11-03,-74.41748857048763,4.891894580780619,0.7006247260399893,0.5199050120966704
2016-11-19,-74.41748857048763,4.891894580780619,0.5999688753538257,0.48177350119342893
2016-12-05,-74.41748857048763,4.891894580780619,0.520928537005413,0.38304215810160064
2016-12-21,-74.41748857048763,4.891894580780619,0.41219351220909156,0.2886087314213485
2017-01-06,-74.41748857048763,4.891894580780619,0.30715314884243744,0.22396331262306313
2017-01-22,-74.41748857048763,4.891894580780619,0.20219644364267841,0.15939441369189716
2017-02-07,-74.41748857048763,4.891894580780619,0.14600803098058063,0.1023966898864874
2017-02-23,-74.41748857048763,4.891894580780619,0.09683109172973522,0.1318051306101634
2017-03-11,-74.41748857048763,4.891894580780619,0.0737475362142577,0.013937113082976717
2017-03-27,-74.41748857048763,4.891894580780619,0.06210321753060414,0.0617634656018618
2017-04-12,-74.41748857048763,4.891894580780619,0.15570523274147818,0.10314298072865156
2017-04-28,-74.41748857048763,4.891894580780619,0.21457290774903295,0.1757614808086256
2017-05-14,-74.41748857048763,4.891894580780619,0.26584121303924907,0.19417198410402609
2017-05-30,-74.41748857048763,4.891894580780619,0.3684257289413986,0.29386841314912177
2017-06-15,-74.41748857048763,4.891894580780619,0.4752976757094521,0.34293709074611517
2017-07-01,-74.41748857048763,4.891894580780619,0.5660471394561261,0.46416062368653305
2017-07-17,-74.41748857048763,4.891894580780619,0.6686686094173593,0.5188879656006717
2017-08-02,-74.41748857048763,4.891894580780619,0.7533942277788952,0.5705128257141254
2017-08-18,-74.41748857048763,4.891894580780619,0.8026102799842203,0.6199055224946648
2017-09-03,-74.41748857048763,4.891894580780619,0.8471764311476355,0.6406601929209577
2017-09-19,-74.41748857048763,4.891894580780619,0.8233832252724474,0.625248595065305
2017-10-05,-74.41748857048763,4.891894580780619,0.8121249935022289,0.6029286268997702
2017-10-21,-74.41748857048763,4.891894580780619,0.8167927199154991,0.5818135137824677
2017-11-06,-74.41748857048763,4.891894580780619,0.7094726608382409,0.5148510767436041
2017-11-22,-74.41748857048763,4.891894580780619,0.6028411236553863,0.5035025931233434
2017-12-08,-74.41748857048763,4.891894580780619,0.480505038975675,0.3459013261352109
2017-12-24,-74.41748857048763,4.891894580780619,0.39613096553856053,0.2801538850012932
2018-01-09,-74.41748857048763,4.891894580780619,0.31586957710258273,0.22621159410567113
2018-01-25,-74.41748857048763,4.891894580780619,0.22536373296601983,0.14243901708851348
2018-02-10,-74.41748857048763,4.891894580780619,0.10910555108853862,0.07724946373734298
2018-02-26,-74.41748857048763,4.891894580780619,0.07074791757003833,0.08342631643283775
2018-03-14,-74.41748857048763,4.891894580780619,0.05556592468921254,0.020920709763495447
2018-03-30,-74.41748857048763,4.891894580780619,0.10684913808422472,0.06840957456192842
2018-04-15,-74.41748857048763,4.891894580780619,0.10805870610984909,0.12184331278382601
2018-05-01,-74.41748857048763,4.891894580780619,0.18267454802644473,0.13308075486990256
2018-05-17,-74.41748857048763,4.891894580780619,0.28238956353407846,0.22599835568989038
2018-06-02,-74.41748857048763,4.891894580780619,0.3929500961288658,0.27817655134202923
2018-06-18,-74.41748857048763,4.891894580780619,0.48025776773145185,0.35565487712775257
2018-07-04,-74.41748857048763,4.891894580780619,0.6029966972507255,0.42888108464087205
2018-07-20,-74.41748857048763,4.891894580780619,0.720162944812229,0.5249385408599828
2018-08-05,-74.41748857048763,4.891894580780619,0.7550302143624885,0.5430728719780016
2018-08-21,-74.41748857048763,4.891894580780619,0.7825836049426896,0.5694491355254647
2018-09-06,-74.41748857048763,4.891894580780619,0.8163940310200264,0.6040103827819232
2018-09-22,-74.41748857048763,4.891894580780619,0.8153442958280884,0.6254192702969505
2018-10-08,-74.41748857048763,4.891894580780619,0.7903108141489837,0.5748568007426995
2018-10-24,-74.41748857048763,4.891894580780619,0.7432683434738157,0.5773080351792876
2018-11-09,-74.41748857048763,4.891894580780619,0.6788269552684761,0.5071264258536077
2018-11-25,-74.41748857048763,4.891894580780619,0.553288850128963,0.3921124683994481
2018-12-11,-74.41748857048763,4.891894580780619,0.4547992907204621,0.36723649251379353
2018-12-27,-74.41748857048763,4.891894580780619,0.38805138412404483,0.2738061279145497
2019-01-12,-74.41748857048763,4.891894580780619,0.2696390639720052,0.18572349445425723
2019-01-28,-74.41748857048763,4.891894580780619,0.18038476586984223,0.14449459502670528
2019-02-13,-74.41748857048763,4.891894580780619,0.1294593414227074,0.1387178609529798
2019-03-01,-74.41748857048763,4.891894580780619,0.12199882956122429,0.11768872898025266
2019-03-17,-74.41748857048763,4.891894580780619,0.09975480737241867,0.06636292411917022
2019-04-02,-74.41748857048763,4.891894580780619,0.11597785730927662,0.08000673909138431
2019-04-18,-74.41748857048763,4.891894580780619,0.1813464349312443,0.14409541385943161
2019-05-04,-74.41748857048763,4.891894580780619,0.2223605066844862,0.1693118332619548
2019-05-20,-74.41748857048763,4.891894580780619,0.33879048837361936,0.22541785960347882
2019-06-05,-74.41748857048763,4.891894580780619,0.43957369029496485,0.32595719157214087
2019-06-21,-74.41748857048763,4.891894580780619,0.47800919870686964,0.3434627043972911
2019-07-07,-74.41748857048763,4.891894580780619,0.5731529758249796,0.4429378667804475
2019-07-23,-74.41748857048763,4.891894580780619,0.6746119339736264,0.5093323038043138
2019-08-08,-74.41748857048763,4.891894580780619,0.7897178202437307,0.5788480266114753
2019-08-24,-74.41748857048763,4.891894580780619,0.8103725693268014,0.5817120947967807
2019-09-09,-74.41748857048763,4.891894580780619,0.8300429578758829,0.6740126909123796
2019-09-25,-74.41748857048763,4.891894580780619,0.8471544248555524,0.6300712102637922
2019-10-11,-74.41748857048763,4.891894580780619,0.7853263153197294,0.5881420685766684
2019-10-27,-74.41748857048763,4.891894580780619,0.7408697312830516,0.5472709043193735
2019-11-12,-74.41748857048763,4.891894580780619,0.6687923581762452,0.48252531883097577
2019-11-28,-74.41748857048763,4.891894580780619,0.5441960894733491,0.4155509762460159
2019-12-14,-74.41748857048763,4.891894580780619,0.43756214650211916,0.3427519549338402
2019-12-30,-74.41748857048763,4.891894580780619,0.35834025437695094,0.23219700640836893
2020-01-15,-74.41748857048763,4.891894580780619,0.2663387304932171,0.16605111537813294
2020-01-31,-74.41748857048763,4.891894580780619,0.19849272536009585,0.14389525743505996
2020-02-16,-74.41748857048763,4.891894580780619,0.16307237278868744,0.14373053647896772
2020-03-03,-74.41748857048763,4.891894580780619,0.07162598398381986,0.01330469071103655
2020-03-19,-74.41748857048763,4.891894580780619,0.0723943924588531,0.0298706222875324
2020-04-04,-74.41748857048763,4.891894580780619,0.14693799725066742,0.10999720475239753
2020-04-20,-74.41748857048763,4.891894580780619,0.17856039811068075,0.12821968033199885
2020-05-06,-74.41748857048763,4.891894580780619,0.2285803789688786,0.17078274377648076
2020-05-22,-74.41748857048763,4.891894580780619,0.3439504135894097,0.26419530530554924
2020-06-07,-74.41748857048763,4.891894580780619,0.4009253673741349,0.33314430829232955
2020-06-23,-74.41748857048763,4.891894580780619,0.5195174576627571,0.3805276907695349
2020-07-09,-74.41748857048763,4.891894580780619,0.5673476168580698,0.43819870446677905
2020-07-25,-74.41748857048763,4.891894580780619,0.7123542300115298,0.5362641856406853
2020-08-10,-74.41748857048763,4.891894580780619,0.7699933281066967,0.5659906392773669
2020-08-26,-74.41748857048763,4.891894580780619,0.8145891020122277,0.6202050439317163
2020-09-11,-74.41748857048763,4.891894580780619,0.8515974082678884,0.6340774244334244
2020-09-27,-74.41748857048763,4.891894580780619,0.8462625944100612,0.6331174621871964
2020-10-13,-74.41748857048763,4.891894580780619,0.7781718010924237,0.587597162317465
2020-10-29,-74.41748857048763,4.891894580780619,0.6974867453260889,0.5277694251761517
2020-11-14,-74.41748857048763,4.891894580780619,0.6104875527378698,0.4373111253537271
2020-11-30,-74.41748857048763,4.891894580780619,0.5041352349133783,0.3745990871316037
2020-12-16,-74.41748857048763,4.891894580780619,0.4736993832809386,0.3529330042390752
2021-01-01,-74.41748857048763,4.891894580780619,0.35910557498238194,0.3163754591830342
2021-01-17,-74.41748857048763,4.891894580780619,0.26133584989058484,0.18069764652617817
2021-02-02,-74.41748857048763,4.891894580780619,0.16349929319101858,0.12263763405772406
2021-02-18,-74.41748857048763,4.891894580780619,0.10778355651164614,0.06967592738746596
2021-03-06,-74.41748857048763,4.891894580780619,0.1103240889200432,0.10326619230547664
2021-03-22,-74.41748857048763,4.891894580780619,0.05589357001171287,0.025556787150780264
2021-04-07,-74.41748857048763,4.891894580780619,0.10593334034613813,0.09143178418290865
2021-04-23,-74.41748857048763,4.891894580780619,0.190637823327318,0.19701772618096616
2021-05-09,-74.41748857048763,4.891894580780619,0.2332443170059098,0.1666186634675918
2021-05-25,-74.41748857048763,4.891894580780619,0.3456920772293638,0.24562472354292564
2021-06-10,-74.41748857048763,4.891894580780619,0.43215865276102305,0.31581822739509635
2021-06-26,-74.41748857048763,4.891894580780619,0.48567846453479097,0.36672351300412415
2021-07-12,-74.41748857048763,4.891894580780619,0.6319000116238435,0.49934962972302055
2021-07-28,-74.41748857048763,4.891894580780619,0.7200498797257002,0.5149424602279917
2021-08-13,-74.41748857048763,4.891894580780619,0.7797663997591046,0.5430031429565959
2021-08-29,-74.41748857048763,4.891894580780619,0.8013948526482646,0.6137562588492584
2021-09-14,-74.41748857048763,4.891894580780619,0.8339808614631133,0.6439358108872963
2021-09-30,-74.41748857048763,4.891894580780619,0.7845302463011292,0.583548456779372
2021-10-16,-74.41748857048763,4.891894580780619,0.7720594414010777,0.5981615527030724
2021-11-01,-74.41748857048763,4.891894580780619,0.7286762572085962,0.559352235908213
2021-11-17,-74.41748857048763,4.891894580780619,0.6606517101453647,0.4881270404232922
2021-12-03,-74.41748857048763,4.891894580780619,0.5585162512380657,0.39800306541095454
2021-12-19,-74.41748857048763,4.891894580780619,0.4069649121167319,0.32027861551751574
2022-01-04,-74.41748857048763,4.891894580780619,0.29781402360842607,0.23481583027469868
2022-01-20,-74.41748857048763,4.891894580780619,0.23940897608630177,0.2009937866378238
2022-02-05,-74.41748857048763,4.891894580780619,0.16263923573806854,0.12310040572946195
2022-02-21,-74.41748857048763,4.891894580780619,0.12297502796098028,0.07897827996953966
2022-03-09,-74.41748857048763,4.891894580780619,0.07399079303565873,0.06498168357361243
2022-03-25,-74.41748857048763,4.891894580780619,0.0910779647269469,0.060162195199124566
2022-04-10,-74.41748857048763,4.891894580780619,0.12151293605899108,0.12302589220100991
2022-04-26,-74.41748857048763,4.891894580780619,0.17139434520472724,0.11910536663790511
2022-05-12,-74.41748857048763,4.891894580780619,0.2244698670842681,0.16750534155005878
2022-05-28,-74.41748857048763,4.891894580780619,0.365491177200515,0.29084234521400365
2022-06-13,-74.41748857048763,4.891894580780619,0.4565574327555679,0.3615347460282936
2022-06-29,-74.41748857048763,4.891894580780619,0.5716701495154345,0.45101161673042117
2022-07-15,-74.41748857048763,4.891894580780619,0.6722588104549695,0.5355936717633721
2022-07-31,-74.41748857048763,4.891894580780619,0.7303798472058263,0.5212437245571395
2022-08-16,-74.41748857048763,4.891894580780619,0.8078016982519393,0.6214623374754099
2022-09-01,-74.41748857048763,4.891894580780619,0.8616537843043321,0.6718661453516432
2022-09-17,-74.41748857048763,4.891894580780619,0.8771696853415633,0.6702743436127031
2022-10-03,-74.41748857048763,4.891894580780619,0.8225190804064366,0.5891896478783125
2022-10-19,-74.41748857048763,4.891894580780619,0.7769952648185294,0.5716963814764707
2022-11-04,-74.41748857048763,4.891894580780619,0.7047130368021264,0.5296250413277879
2022-11-20,-74.41748857048763,4.891894580780619,0.6216291978721676,0.46427528421335557
2022-12-06,-74.41748857048763,4.891894580780619,0.5313241423688322,0.34403002051912296
2022-12-22,-74.41748857048763,4.891894580780619,0.4130761750957543,0.33385692690486696
2023-01-07,-74.41748857048763,4.891894580780619,0.3473437117124388,0.27514701055203034
2023-01-23,-74.41748857048763,4.891894580780619,0.2558086600447882,0.195235214948766
2023-02-08,-74.41748857048763,4.891894580780619,0.15245924802643065,0.12493274888437803
2023-02-24,-74.41748857048763,4.891894580780619,0.10600663990181779,0.06385783056601613
2023-03-12,-74.41748857048763,4.891894580780619,0.0763043336316406,0.03498519210220731
2023-03-28,-74.41748857048763,4.891894580780619,0.10605241253263574,0.07976714564948635
2023-04-13,-74.41748857048763,4.891894580780619,0.12482293052380919,0.08228352275611107
2023-04-29,-74.41748857048763,4.891894580780619,0.20358687437854459,0.16829911939610984
2023-05-15,-74.41748857048763,4.891894580780619,0.2526131253073801,0.16370615058502275
2023-05-31,-74.41748857048763,4.891894580780619,0.39017028986303476,0.26512505262750413
2023-06-16,-74.41748857048763,4.891894580780619,0.48477968685203887,0.3959229491141094
2023-07-02,-74.41748857048763,4.891894580780619,0.6081122055939031,0.4708416060080692
2023-07-18,-74.41748857048763,4.891894580780619,0.6832677330742319,0.5574889488096031
2023-08-03,-74.41748857048763,4.891894580780619,0.7001961835519952,0.5158604241423838
2023-08-19,-74.41748857048763,4.891894580780619,0.8202108623757277,0.6084124066249567
2023-09-04,-74.41748857048763,4.891894580780619,0.858709605432518,0.6432451228681846
2023-09-20,-74.41748857048763,4.891894580780619,0.8392258272354104,0.623925877141639
2023-10-06,-74.41748857048763,4.891894580780619,0.80061974805002,0.589522611774562
2023-10-22,-74.41748857048763,4.891894580780619,0.7646982355618843,0.5580323773549559
2023-11-07,-74.41748857048763,4.891894580780619,0.7041742819039852,0.5411952299200454
2023-11-23,-74.41748857048763,4.891894580780619,0.6161547937133012,0.4395376081651159
2023-12-09,-74.41748857048763,4.891894580780619,0.45930972603202525,0.34439857941138363
2023-12-25,-74.41748857048763,4.891894580780619,0.4480881289696216,0.36139027228910764
2024-01-10,-74.41748857048763,4.891894580780619,0.28129455493903743,0.2194611588929049
2024-01-26,-74.41748857048763,4.891894580780619,0.22203205321786396,0.13915627509874076
2024-02-11,-74.41748857048763,4.891894580780619,0.16919529326881455,0.1235479874151921
2024-02-27,-74.41748857048763,4.891894580780619,0.09848814075894739,0.07434179875788766
2024-03-14,-74.41748857048763,4.891894580780619,0.10899648647198551,0.06664372168996097
2024-03-30,-74.41748857048763,4.891894580780619,0.0661452801451633,0.056068065966873366
2024-04-15,-74.41748857048763,4.891894580780619,0.10089674667084955,0.06965048810042636
2024-05-01,-74.41748857048763,4.891894580780619,0.23117162090112506,0.18496059374601856
2024-05-17,-74.41748857048763,4.891894580780619,0.3131745911183757,0.24728797064283836
2024-06-02,-74.41748857048763,4.891894580780619,0.43825718606407704,0.31692809699492147
2024-06-18,-74.41748857048763,4.891894580780619,0.5011993060533814,0.367137070115783
2024-07-04,-74.41748857048763,4.891894580780619,0.6132436595248018,0.4587012471225914
2024-07-20,-74.41748857048763,4.891894580780619,0.7194364395145745,0.5289610105278914
2024-08-05,-74.41748857048763,4.891894580780619,0.7873788038006093,0.6023968934613364
2024-08-21,-74.41748857048763,4.891894580780619,0.8103970279536606,0.6186466177224439
2024-09-06,-74.41748857048763,4.891894580780619,0.8418092262349288,0.6384760132812327
2024-09-22,-74.41748857048763,4.891894580780619,0.8297868411437904,0.608308360706743
2024-10-08,-74.41748857048763,4.891894580780619,0.7965662905752288,0.5637618183724571
2024-10-24,-74.41748857048763,4.891894580780619,0.7637642035167471,0.5481198731940508
2024-11-09,-74.41748857048763,4.891894580780619,0.6647910929818939,0.511554220566041
2024-11-25,-74.41748857048763,4.891894580780619,0.5925753295569874,0.4089384584309958
2024-12-11,-74.41748857048763,4.891894580780619,0.4720557544364404,0.36323670981630674
2024-12-27,-74.41748857048763,4.891894580780619,0.3721813273784154,0.30601749468728245
2015-01-01,-74.75947011055433,5.251463484640103,0.33997517346369854,0.27959253961640795
2015-01-17,-74.75947011055433,5.251463484640103,0.2954379615496994,0.26829839024121993
2015-02-02,-74.75947011055433,5.251463484640103,0.30335633594917033,0.22925746904439276
2015-02-18,-74.75947011055433,5.251463484640103,0.3170400380992292,0.23861223554834218
2015-03-06,-74.75947011055433,5.251463484640103,0.3803479227937785,0.2554710640487121
2015-03-22,-74.75947011055433,5.251463484640103,0.49829518624985164,0.3638146463070148
2015-04-07,-74.75947011055433,5.251463484640103,0.5033716200610806,0.39690943263288353
2015-04-23,-74.75947011055433,5.251463484640103,0.6283661879432902,0.4938033783175537
2015-05-09,-74.75947011055433,5.251463484640103,0.6482740880736982,0.4904837462451669
2015-05-25,-74.75947011055433,5.251463484640103,0.7102363469988041,0.5507113618755503
2015-06-10,-74.75947011055433,5.251463484640103,0.780379333337395,0.5692204735308615
2015-06-26,-74.75947011055433,5.251463484640103,0.8629752077091082,0.6561315370046514
2015-07-12,-74.75947011055433,5.251463484640103,0.8887477430901567,0.6969424808522751
2015-07-28,-74.75947011055433,5.251463484640103,0.9179981318255435,0.7013930939504418
2015-08-13,-74.75947011055433,5.251463484640103,0.8664307626985995,0.6838104299748576
2015-08-29,-74.75947011055433,5.251463484640103,0.8413048249236311,0.6657294673524652
2015-09-14,-74.75947011055433,5.251463484640103,0.8455560816029608,0.6444201918494961
2015-09-30,-74.75947011055433,5.251463484640103,0.7588361996217972,0.5074687544552106
2015-10-16,-74.75947011055433,5.251463484640103,0.657761620959257,0.5153645285178335
2015-11-01,-74.75947011055433,5.251463484640103,0.59976887499797,0.42543218948648
2015-11-17,-74.75947011055433,5.251463484640103,0.4972319167853923,0.3221966274850213
2015-12-03,-74.75947011055433,5.251463484640103,0.44129736304303924,0.29330645425774293
2015-12-19,-74.75947011055433,5.251463484640103,0.3989635917556455,0.3228771910310823
2016-01-04,-74.75947011055433,5.251463484640103,0.32784151193133854,0.25630665255758567
2016-01-20,-74.75947011055433,5.251463484640103,0.3145617622941159,0.24075948962088425
2016-02-05,-74.75947011055433,5.251463484640103,0.2995224309992835,0.23709167571426082
2016-02-21,-74.75947011055433,5.251463484640103,0.3149281396286676,0.19959750147491306
2016-03-08,-74.75947011055433,5.251463484640103,0.39041187323421367,0.2885840393334347
2016-03-24,-74.75947011055433,5.251463484640103,0.45980982475102294,0.33186721875854064
2016-04-09,-74.75947011055433,5.251463484640103,0.5653687394022481,0.4272386543392749
2016-04-25,-74.75947011055433,5.251463484640103,0.6118566034286428,0.462837130119623
2016-05-11,-74.75947011055433,5.251463484640103,0.7070579946918495,0.5418138443085764
2016-05-27,-74.75947011055433,5.251463484640103,0.7698822186802778,0.5921313461075202
2016-06-12,-74.75947011055433,5.251463484640103,0.7872514378855766,0.5547016254024669
2016-06-28,-74.75947011055433,5.251463484640103,0.8688576495812755,0.6476897595323186
2016-07-14,-74.75947011055433,5.251463484640103,0.9090278997281778,0.6821712628398034
2016-07-30,-74.75947011055433,5.251463484640103,0.9145003685095212,0.6609633709909153
2016-08-15,-74.75947011055433,5.251463484640103,0.8860486075349885,0.6377153208920857
2016-08-31,-74.75947011055433,5.251463484640103,0.8566214551832774,0.6049003905401916
2016-09-16,-74.75947011055433,5.251463484640103,0.8005093776978509,0.571002045655446
2016-10-02,-74.75947011055433,5.251463484640103,0.7167412965652731,0.5554545262529398
2016-10-18,-74.75947011055433,5.251463484640103,0.6512491730796297,0.45552367533523624
2016-11-03,-74.75947011055433,5.251463484640103,0.5528224056898197,0.3845892337578287
2016-11-19,-74.75947011055433,5.251463484640103,0.4552858693636016,0.34381766554538074
2016-12-05,-74.75947011055433,5.251463484640103,0.43245093988612854,0.3331503233289102
2016-12-21,-74.75947011055433,5.251463484640103,0.37963576588799836,0.2844886073982824
2017-01-06,-74.75947011055433,5.251463484640103,0.32838725907062466,0.22482905776172218
2017-01-22,-74.75947011055433,5.251463484640103,0.3093345161637465,0.20557391941628647
2017-02-07,-74.75947011055433,5.251463484640103,0.3075607044952256,0.23244906578018004
2017-02-23,-74.75947011055433,5.251463484640103,0.35000564882427015,0.3237987973760981
2017-03-11,-74.75947011055433,5.251463484640103,0.37281047997430905,0.27710588556409615
2017-03-27,-74.75947011055433,5.251463484640103,0.43451280431227,0.3181288857148035
2017-04-12,-74.75947011055433,5.251463484640103,0.5304343357494957,0.41472335233678453
2017-04-28,-74.75947011055433,5.251463484640103,0.6082917582621012,0.45239242669545277
2017-05-14,-74.75947011055433,5.251463484640103,0.6880840767094828,0.48804202265096797
2017-05-30,-74.75947011055433,5.251463484640103,0.7565644711329313,0.5597846190480221
2017-06-15,-74.75947011055433,5.251463484640103,0.8320133057001959,0.6351889250196435
2017-07-01,-74.75947011055433,5.251463484640103,0.870196278020454,0.6476036832357136
2017-07-17,-74.75947011055433,5.251463484640103,0.8649012240610696,0.6594706083909292
2017-08-02,-74.75947011055433,5.251463484640103,0.8880651432109792,0.6809913221728299
2017-08-18,-74.75947011055433,5.251463484640103,0.9090129094605124,0.6780013815615242
2017-09-03,-74.75947011055433,5.251463484640103,0.8224090837724078,0.6164728405675799
2017-09-19,-74.75947011055433,5.251463484640103,0.7925315984462342,0.5880882988097412
2017-10-05,-74.75947011055433,5.251463484640103,0.7037708074297396,0.539098749786253
2017-10-21,-74.75947011055433,5.251463484640103,0.6466237973546366,0.4780420552094343
2017-11-06,-74.75947011055433,5.251463484640103,0.5232465834603752,0.40156250130287047
2017-11-22,-74.75947011055433,5.251463484640103,0.46472855993132883,0.3528332414559028
2017-12-08,-74.75947011055433,5.251463484640103,0.4166850445789828,0.2747348348933838
2017-12-24,-74.75947011055433,5.251463484640103,0.36371627873458184,0.2830778595584255
2018-01-09,-74.75947011055433,5.251463484640103,0.3420036222298146,0.2588500316942872
2018-01-25,-74.75947011055433,5.251463484640103,0.2780910585612789,0.23410991516469193
2018-02-10,-74.75947011055433,5.251463484640103,0.3363140887860101,0.22816918000209802
2018-02-26,-74.75947011055433,5.251463484640103,0.34409347324265965,0.2626945891178851
2018-03-14,-74.75947011055433,5.251463484640103,0.42410200121389485,0.30831724378346714
2018-03-30,-74.75947011055433,5.251463484640103,0.4927582313918545,0.3337133369618873
2018-04-15,-74.75947011055433,5.251463484640103,0.5312680630375899,0.3571637670813508
2018-05-01,-74.75947011055433,5.251463484640103,0.6144475901311474,0.49099723628924247
2018-05-17,-74.75947011055433,5.251463484640103,0.7521875794615283,0.5688324939607551
2018-06-02,-74.75947011055433,5.251463484640103,0.769328469614119,0.5725635541935704
2018-06-18,-74.75947011055433,5.251463484640103,0.8497019978303715,0.6060168813399969
2018-07-04,-74.75947011055433,5.251463484640103,0.8696134292780038,0.6809079334475079
2018-07-20,-74.75947011055433,5.251463484640103,0.8805897847132255,0.6454618405496882
2018-08-05,-74.75947011055433,5.251463484640103,0.900279944909585,0.6808728038722829
2018-08-21,-74.75947011055433,5.251463484640103,0.8642117506701421,0.6496981006676457
2018-09-06,-74.75947011055433,5.251463484640103,0.8455067728115297,0.6733591160839203
2018-09-22,-74.75947011055433,5.251463484640103,0.7706684828114658,0.5771754158017881
2018-10-08,-74.75947011055433,5.251463484640103,0.7313316089274609,0.5375153895296337
2018-10-24,-74.75947011055433,5.251463484640103,0.5950869566458178,0.45132019699754256
2018-11-09,-74.75947011055433,5.251463484640103,0.5630621230285202,0.42951753497538386
2018-11-25,-74.75947011055433,5.251463484640103,0.4647692802647567,0.3196090927358708
2018-12-11,-74.75947011055433,5.251463484640103,0.4015602953433258,0.32583332003382115
2018-12-27,-74.75947011055433,5.251463484640103,0.3297336160619776,0.24240526857041778
2019-01-12,-74.75947011055433,5.251463484640103,0.31766655789056647,0.22429582700516995
2019-01-28,-74.75947011055433,5.251463484640103,0.3228730761439905,0.25102091193311304
2019-02-13,-74.75947011055433,5.251463484640103,0.3411330735473402,0.23631360988820266
2019-03-01,-74.75947011055433,5.251463484640103,0.3350846324883554,0.2565612430968811
2019-03-17,-74.75947011055433,5.251463484640103,0.4117013990704174,0.34554229689654875
2019-04-02,-74.75947011055433,5.251463484640103,0.5275564402580929,0.4354811260814905
2019-04-18,-74.75947011055433,5.251463484640103,0.5482120194754596,0.4225463963414366
2019-05-04,-74.75947011055433,5.251463484640103,0.664867245801544,0.513817519022046
2019-05-20,-74.75947011055433,5.251463484640103,0.7180169011759175,0.5640959739412447
2019-06-05,-74.75947011055433,5.251463484640103,0.7941398283718631,0.5981669937776062
2019-06-21,-74.75947011055433,5.251463484640103,0.8185646649949481,0.6268187981376707
2019-07-07,-74.75947011055433,5.251463484640103,0.8813092421277618,0.6702775088378319
2019-07-23,-74.75947011055433,5.251463484640103,0.9076171159047347,0.6843315684618264
2019-08-08,-74.75947011055433,5.251463484640103,0.89636309544271,0.6880043162752416
2019-08-24,-74.75947011055433,5.251463484640103,0.8660521638801222,0.6204351745210319
2019-09-09,-74.75947011055433,5.251463484640103,0.8346058529017553,0.6097742791780837
2019-09-25,-74.75947011055433,5.251463484640103,0.7339104256464184,0.5299879525519618
2019-10-11,-74.75947011055433,5.251463484640103,0.6919397499917276,0.5170244364318987
2019-10-27,-74.75947011055433,5.251463484640103,0.5637928952373211,0.4151715525669375
2019-11-12,-74.75947011055433,5.251463484640103,0.5503181196461546,0.40371267631594837
2019-11-28,-74.75947011055433,5.251463484640103,0.45041823050694024,0.35867350162674827
2019-12-14,-74.75947011055433,5.251463484640103,0.40825752354925166,0.326628164414973
2019-12-30,-74.75947011055433,5.251463484640103,0.29196929277445194,0.2536474303496812
2020-01-15,-74.75947011055433,5.251463484640103,0.3350603583578869,0.3005247970488982
2020-01-31,-74.75947011055433,5.251463484640103,0.30332835267606045,0.19222725239406716
2020-02-16,-74.75947011055433,5.251463484640103,0.3377453977993842,0.24780160175439495
2020-03-03,-74.75947011055433,5.251463484640103,0.3898800214826217,0.3139085830036934
2020-03-19,-74.75947011055433,5.251463484640103,0.4318907308352503,0.31910388721018323
2020-04-04,-74.75947011055433,5.251463484640103,0.5142611002209039,0.38056925185182794
2020-04-20,-74.75947011055433,5.251463484640103,0.5752278192237943,0.4521635631913514
2020-05-06,-74.75947011055433,5.251463484640103,0.6875980180862344,0.5373778384419378
2020-05-22,-74.75947011055433,5.251463484640103,0.7355082929182538,0.5088354399336267
2020-06-07,-74.75947011055433,5.251463484640103,0.8027101363639179,0.5868730020193974
2020-06-23,-74.75947011055433,5.251463484640103,0.8551764627304527,0.6279605291934873
2020-07-09,-74.75947011055433,5.251463484640103,0.8908210593725987,0.6473302819448178
2020-07-25,-74.75947011055433,5.251463484640103,0.8779319440630247,0.6829027876986864
2020-08-10,-74.75947011055433,5.251463484640103,0.874381136386411,0.6557924847949353
2020-08-26,-74.75947011055433,5.251463484640103,0.8817467726856734,0.6795961620388464
2020-09-11,-74.75947011055433,5.251463484640103,0.8284355363468882,0.6273839825501969
2020-09-27,-74.75947011055433,5.251463484640103,0.7616786243477329,0.5987207309129228
2020-10-13,-74.75947011055433,5.251463484640103,0.6800623362378014,0.47330270524206736
2020-10-29,-74.75947011055433,5.251463484640103,0.580759518697357,0.4494970404574595
2020-11-14,-74.75947011055433,5.251463484640103,0.5000095485869492,0.4074092842293848
2020-11-30,-74.75947011055433,5.251463484640103,0.4399006260497078,0.3316304449644696
2020-12-16,-74.75947011055433,5.251463484640103,0.40504463507167937,0.30012647835757367
2021-01-01,-74.75947011055433,5.251463484640103,0.34667096198959174,0.27798569117217603
2021-01-17,-74.75947011055433,5.251463484640103,0.29125760158927966,0.21273723794420876
2021-02-02,-74.75947011055433,5.251463484640103,0.336697033747486,0.25383477827746637
2021-02-18,-74.75947011055433,5.251463484640103,0.370769362697731,0.24655855485955985
2021-03-06,-74.75947011055433,5.251463484640103,0.34922284387002933,0.27731086323497633
2021-03-22,-74.75947011055433,5.251463484640103,0.4590947911694889,0.34045609324048004
2021-04-07,-74.75947011055433,5.251463484640103,0.5212687592081157,0.4058557089587149
2021-04-23,-74.75947011055433,5.251463484640103,0.5758038261592859,0.4177159021184785
2021-05-09,-74.75947011055433,5.251463484640103,0.6760922141182026,0.5251509397865263
2021-05-25,-74.75947011055433,5.251463484640103,0.7245446581193443,0.5394495409508079
2021-06-10,-74.75947011055433,5.251463484640103,0.8081983634739155,0.6145079547062919
2021-06-26,-74.75947011055433,5.251463484640103,0.8628652703895576,0.636231281116111
2021-07-12,-74.75947011055433,5.251463484640103,0.9189377511732112,0.678418163747492
2021-07-28,-74.75947011055433,5.251463484640103,0.8976914129212687,0.6414386069725591
2021-08-13,-74.75947011055433,5.251463484640103,0.8767462632013748,0.6678812189278122
2021-08-29,-74.75947011055433,5.251463484640103,0.8637781669362986,0.6598239650035392
2021-09-14,-74.75947011055433,5.251463484640103,0.8161318261833629,0.6538531503634252
2021-09-30,-74.75947011055433,5.251463484640103,0.7232387611192705,0.5100405959707571
2021-10-16,-74.75947011055433,5.251463484640103,0.6406506093476341,0.4664149202940937
2021-11-01,-74.75947011055433,5.251463484640103,0.5617921308993502,0.4232173151274098
2021-11-17,-74.75947011055433,5.251463484640103,0.5281594556938902,0.42691277322981597
2021-12-03,-74.75947011055433,5.251463484640103,0.4431236762765162,0.37516820151646746
2021-12-19,-74.75947011055433,5.251463484640103,0.36922657376856566,0.24426954948637572
2022-01-04,-74.75947011055433,5.251463484640103,0.3583924095772319,0.23202241934794265
2022-01-20,-74.75947011055433,5.251463484640103,0.30380367632133,0.23825500188945342
2022-02-05,-74.75947011055433,5.251463484640103,0.3204199898631709,0.23649593713994804
2022-02-21,-74.75947011055433,5.251463484640103,0.32413604357675585,0.24288598489390015
2022-03-09,-74.75947011055433,5.251463484640103,0.41292368934230933,0.31009212533745234
2022-03-25,-74.75947011055433,5.251463484640103,0.43775927254716673,0.3033686851984284
2022-04-10,-74.75947011055433,5.251463484640103,0.5114630144274247,0.39144393586885573
2022-04-26,-74.75947011055433,5.251463484640103,0.6140710131055125,0.444543117817221
2022-05-12,-74.75947011055433,5.251463484640103,0.6427846088732468,0.49048871192837845
2022-05-28,-74.75947011055433,5.251463484640103,0.7430877127066072,0.5710970341102611
2022-06-13,-74.75947011055433,5.251463484640103,0.8086215377839654,0.5867081442645778
2022-06-29,-74.75947011055433,5.251463484640103,0.8734422626324961,0.7022356815748995
2022-07-15,-74.75947011055433,5.251463484640103,0.9124123026695451,0.6870336129862759
2022-07-31,-74.75947011055433,5.251463484640103,0.9100401005480563,0.6475077581813302
2022-08-16,-74.75947011055433,5.251463484640103,0.8638166915281112,0.5976439413451407
2022-09-01,-74.75947011055433,5.251463484640103,0.8834817743873818,0.6931590513736513
2022-09-17,-74.75947011055433,5.251463484640103,0.8013995462513316,0.6037519617501828
2022-10-03,-74.75947011055433,5.251463484640103,0.6933800523797573,0.5156490400798042
2022-10-19,-74.75947011055433,5.251463484640103,0.6825494108757392,0.5145403781207187
2022-11-04,-74.75947011055433,5.251463484640103,0.5549773532594622,0.38107160174452437
2022-11-20,-74.75947011055433,5.251463484640103,0.5167871539103216,0.38618868941218804
2022-12-06,-74.75947011055433,5.251463484640103,0.3861102959476699,0.27109740831932155
2022-12-22,-74.75947011055433,5.251463484640103,0.34203246924324077,0.2538894814181911
2023-01-07,-74.75947011055433,5.251463484640103,0.33638770970457077,0.24222644099285756
2023-01-23,-74.75947011055433,5.251463484640103,0.33342317483976247,0.2516434259392707
2023-02-08,-74.75947011055433,5.251463484640103,0.346835799438457,0.25298296801722836
2023-02-24,-74.75947011055433,5.251463484640103,0.4156883774617374,0.3004765086268239
2023-03-12,-74.75947011055433,5.251463484640103,0.3851920142569966,0.2683679996908323
2023-03-28,-74.75947011055433,5.251463484640103,0.4631467158699666,0.3129693150851593
2023-04-13,-74.75947011055433,5.251463484640103,0.5481613737903792,0.3730149549514883
2023-04-29,-74.75947011055433,5.251463484640103,0.6255593461744063,0.44214447474887764
2023-05-15,-74.75947011055433,5.251463484640103,0.6938723398649007,0.5324950628813228
2023-05-31,-74.75947011055433,5.251463484640103,0.8198995589784904,0.5933646588182446
2023-06-16,-74.75947011055433,5.251463484640103,0.8308297105083783,0.6086471093857728
2023-07-02,-74.75947011055433,5.251463484640103,0.8596283527904869,0.6304217979934743
2023-07-18,-74.75947011055433,5.251463484640103,0.9166135147923726,0.6776990188096719
2023-08-03,-74.75947011055433,5.251463484640103,0.9463997865479027,0.7181194250288216
2023-08-19,-74.75947011055433,5.251463484640103,0.8605729976028837,0.6380956445592613
2023-09-04,-74.75947011055433,5.251463484640103,0.8237301857477362,0.6337990123697363
2023-09-20,-74.75947011055433,5.251463484640103,0.7487107979859228,0.5347140708807259
2023-10-06,-74.75947011055433,5.251463484640103,0.6984933944521904,0.5375289817019093
2023-10-22,-74.75947011055433,5.251463484640103,0.656306436635363,0.5198406712919792
2023-11-07,-74.75947011055433,5.251463484640103,0.5619761391006933,0.41982431359835964
2023-11-23,-74.75947011055433,5.251463484640103,0.4914719987877817,0.3457139867422021
2023-12-09,-74.75947011055433,5.251463484640103,0.3730641992769265,0.28853090101142465
2023-12-25,-74.75947011055433,5.251463484640103,0.33934684178944935,0.25320399669877736
2024-01-10,-74.75947011055433,5.251463484640103,0.33028777412958066,0.25267822178075144
2024-01-26,-74.75947011055433,5.251463484640103,0.336397086758516,0.2689393188347216
2024-02-11,-74.75947011055433,5.251463484640103,0.3333714417713625,0.2411882757191338
2024-02-27,-74.75947011055433,5.251463484640103,0.36464924777477015,0.2615627274975792
2024-03-14,-74.75947011055433,5.251463484640103,0.4102910723450245,0.3600817727303766
2024-03-30,-74.75947011055433,5.251463484640103,0.484392994255023,0.37229964603201826
2024-04-15,-74.75947011055433,5.251463484640103,0.5429579211864232,0.42761990921841475
2024-05-01,-74.75947011055433,5.251463484640103,0.6526270842015063,0.5048173642442314
2024-05-17,-74.75947011055433,5.251463484640103,0.7200520894781671,0.5607228690239607
2024-06-02,-74.75947011055433,5.251463484640103,0.8115942663948645,0.6143576781831342
2024-06-18,-74.75947011055433,5.251463484640103,0.841040925682232,0.6486721140639693
2024-07-04,-74.75947011055433,5.251463484640103,0.8648798127514421,0.634300653951275
2024-07-20,-74.75947011055433,5.251463484640103,0.9009946755192415,0.6409188652706683
2024-08-05,-74.75947011055433,5.251463484640103,0.9157404989379822,0.6675470964541702
2024-08-21,-74.75947011055433,5.251463484640103,0.8651327350832443,0.6445839593988378
2024-09-06,-74.75947011055433,5.251463484640103,0.8308246611262762,0.6162454303162463
2024-09-22,-74.75947011055433,5.251463484640103,0.767626553508138,0.5745273624832953
2024-10-08,-74.75947011055433,5.251463484640103,0.6870302742540592,0.4998088165377691
2024-10-24,-74.75947011055433,5.251463484640103,0.6381622669901866,0.43653358619730587
2024-11-09,-74.75947011055433,5.251463484640103,0.5325335474801886,0.3900221711724571
2024-11-25,-74.75947011055433,5.251463484640103,0.4707137836226614,0.3239494817866159
2024-12-11,-74.75947011055433,5.251463484640103,0.389209008488729,0.28985956168675164
2024-12-27,-74.75947011055433,5.251463484640103,0.37340870715455754,0.2867002297018266
2015-01-01,-74.5506814064634,4.689160481181784,0.49573806726643116,0.3640878892514081
2015-01-17,-74.5506814064634,4.689160481181784,0.4627260023918245,0.3387898726049174
2015-02-02,-74.5506814064634,4.689160481181784,0.32636749426301415,0.22944959829287492
2015-02-18,-74.5506814064634,4.689160481181784,0.23905193279857237,0.19670470153596797
2015-03-06,-74.5506814064634,4.689160481181784,0.13712560957429484,0.10175017087635047
2015-03-22,-74.5506814064634,4.689160481181784,0.0666316534114407,0.027085663817582692
2015-04-07,-74.5506814064634,4.689160481181784,0.06104060105227899,0.03470043187153628
2015-04-23,-74.5506814064634,4.689160481181784,0.05,0.07280712312987246
2015-05-09,-74.5506814064634,4.689160481181784,0.05,0.03257253912503939
2015-05-25,-74.5506814064634,4.689160481181784,0.08550258089177579,0.06129209378507905
2015-06-10,-74.5506814064634,4.689160481181784,0.10086387587711032,0.05108444601682208
2015-06-26,-74.5506814064634,4.689160481181784,0.14151819259943105,0.10281091915765073
2015-07-12,-74.5506814064634,4.689160481181784,0.2649103415454001,0.20479326432326553
2015-07-28,-74.5506814064634,4.689160481181784,0.33853341788780683,0.254305219402794
2015-08-13,-74.5506814064634,4.689160481181784,0.4021617512811993,0.31082465387480906
2015-08-29,-74.5506814064634,4.689160481181784,0.5262834982386582,0.4341858415626508
2015-09-14,-74.5506814064634,4.689160481181784,0.5944131835837316,0.4269565006448771
2015-09-30,-74.5506814064634,4.689160481181784,0.6461483102380555,0.4780552366782249
2015-10-16,-74.5506814064634,4.689160481181784,0.6864594475497549,0.5153824268968199
2015-11-01,-74.5506814064634,4.689160481181784,0.6585653341825469,0.46120913487302984
2015-11-17,-74.5506814064634,4.689160481181784,0.6699656570277412,0.5301365335921908
2015-12-03,-74.5506814064634,4.689160481181784,0.6236184570480484,0.48397978986444046
2015-12-19,-74.5506814064634,4.689160481181784,0.5792094656027686,0.43974293611796983
2016-01-04,-74.5506814064634,4.689160481181784,0.4639379650440214,0.35185963548392735
2016-01-20,-74.5506814064634,4.689160481181784,0.41593096648656774,0.3225460358569241
2016-02-05,-74.5506814064634,4.689160481181784,0.3152699723556505,0.22720155443290138
2016-02-21,-74.5506814064634,4.689160481181784,0.20862365602817534,0.15409319580312417
2016-03-08,-74.5506814064634,4.689160481181784,0.13446578366695244,0.12420850407046151
2016-03-24,-74.5506814064634,4.689160481181784,0.05,0.03811076609163676
2016-04-09,-74.5506814064634,4.689160481181784,0.05,0.010069977171117028
2016-04-25,-74.5506814064634,4.689160481181784,0.05,0.023009996161101512
2016-05-11,-74.5506814064634,4.689160481181784,0.05,0.07447563815508088
2016-05-27,-74.5506814064634,4.689160481181784,0.0809101289400238,0.07217233548792018
2016-06-12,-74.5506814064634,4.689160481181784,0.12360946055735036,0.08941349496910593
2016-06-28,-74.5506814064634,4.689160481181784,0.2290085561247114,0.18779976972233836
2016-07-14,-74.5506814064634,4.689160481181784,0.25929600782153717,0.16646996030179978
2016-07-30,-74.5506814064634,4.689160481181784,0.3767011597067933,0.2814084871825261
2016-08-15,-74.5506814064634,4.689160481181784,0.4268088462037226,0.3286783579670236
2016-08-31,-74.5506814064634,4.689160481181784,0.5321899768600225,0.4097557811555662
2016-09-16,-74.5506814064634,4.689160481181784,0.6145528360991709,0.44874934664350136
2016-10-02,-74.5506814064634,4.689160481181784,0.6673499548815623,0.49055436450847373
2016-10-18,-74.5506814064634,4.689160481181784,0.6721461380013193,0.49346417536856185
2016-11-03,-74.5506814064634,4.689160481181784,0.7047013940401738,0.5229145977690431
2016-11-19,-74.5506814064634,4.689160481181784,0.6858799654625847,0.5500796715006757
2016-12-05,-74.5506814064634,4.689160481181784,0.5968598230453412,0.38922496099006726
2016-12-21,-74.5506814064634,4.689160481181784,0.5661090445131021,0.41774234543762373
2017-01-06,-74.5506814064634,4.689160481181784,0.45224879258168393,0.3274122323132036
2017-01-22,-74.5506814064634,4.689160481181784,0.3720829194184855,0.3050060513777389
2017-02-07,-74.5506814064634,4.689160481181784,0.29219806890347694,0.2448205242797704
2017-02-23,-74.5506814064634,4.689160481181784,0.21220721218044727,0.15297079465632576
2017-03-11,-74.5506814064634,4.689160481181784,0.11907482358916091,0.10053829270686271
2017-03-27,-74.5506814064634,4.689160481181784,0.08477270015508732,0.08351537883033289
2017-04-12,-74.5506814064634,4.689160481181784,0.05,0.041004117128089455
2017-04-28,-74.5506814064634,4.689160481181784,0.05,0.029820699481262765
2017-05-14,-74.5506814064634,4.689160481181784,0.05,0.021374578665957537
2017-05-30,-74.5506814064634,4.689160481181784,0.061672729942026036,0.05949869024092554
2017-06-15,-74.5506814064634,4.689160481181784,0.14943305086300673,0.08495384397256264
2017-07-01,-74.5506814064634,4.689160481181784,0.18718786355790457,0.1332336477271634
2017-07-17,-74.5506814064634,4.689160481181784,0.3013868803348742,0.21547794954338564
2017-08-02,-74.5506814064634,4.689160481181784,0.3682223733275689,0.2479269284526722
2017-08-18,-74.5506814064634,4.689160481181784,0.475892143339398,0.3536911260126174
2017-09-03,-74.5506814064634,4.689160481181784,0.5338929070795576,0.3952294158200263
2017-09-19,-74.5506814064634,4.689160481181784,0.6355192926169584,0.4565417312963219
2017-10-05,-74.5506814064634,4.689160481181784,0.6424319067807107,0.5068689790348455
2017-10-21,-74.5506814064634,4.689160481181784,0.6838573520772564,0.5262880959921806
2017-11-06,-74.5506814064634,4.689160481181784,0.6885051206661245,0.5156721494537144
2017-11-22,-74.5506814064634,4.689160481181784,0.6468248955733737,0.5017498321297067
2017-12-08,-74.5506814064634,4.689160481181784,0.6275621010056216,0.4923553426945381
2017-12-24,-74.5506814064634,4.689160481181784,0.5120636799752465,0.41014598033832145
2018-01-09,-74.5506814064634,4.689160481181784,0.44617224366829583,0.3195285920003252
2018-01-25,-74.5506814064634,4.689160481181784,0.3598169664540049,0.2864852935454783
2018-02-10,-74.5506814064634,4.689160481181784,0.2829940830835017,0.20713783407554093
2018-02-26,-74.5506814064634,4.689160481181784,0.20388926225635098,0.15571415830745194
2018-03-14,-74.5506814064634,4.689160481181784,0.10300866720009073,0.06309579474089819
2018-03-30,-74.5506814064634,4.689160481181784,0.0678637875594656,0.049247485953287165
2018-04-15,-74.5506814064634,4.689160481181784,0.05,0.054443229861390066
2018-05-01,-74.5506814064634,4.689160481181784,0.05,0.0693423929597759
2018-05-17,-74.5506814064634,4.689160481181784,0.05,0.03388582807219978
2018-06-02,-74.5506814064634,4.689160481181784,0.061798895880929156,0.02684072150315009
2018-06-18,-74.5506814064634,4.689160481181784,0.12740863937024421,0.1309678317084228
2018-07-04,-74.5506814064634,4.689160481181784,0.21750731816548552,0.14729632784816557
2018-07-20,-74.5506814064634,4.689160481181784,0.2658705136975965,0.16497563434624365
2018-08-05,-74.5506814064634,4.689160481181784,0.3832059275004421,0.2747306859425584
2018-08-21,-74.5506814064634,4.689160481181784,0.4777383821261848,0.31286011058592156
2018-09-06,-74.5506814064634,4.689160481181784,0.5588070412767969,0.43965987646053983
2018-09-22,-74.5506814064634,4.689160481181784,0.6557443055614668,0.45391930621275733
2018-10-08,-74.5506814064634,4.689160481181784,0.6494095314417925,0.46997247136185366
2018-10-24,-74.5506814064634,4.689160481181784,0.686827482079763,0.4907251622022932
2018-11-09,-74.5506814064634,4.689160481181784,0.7109670164363158,0.5340957117609517
2018-11-25,-74.5506814064634,4.689160481181784,0.6436974191495908,0.5146273390378486
2018-12-11,-74.5506814064634,4.689160481181784,0.59245688578856,0.4523487324713938
2018-12-27,-74.5506814064634,4.689160481181784,0.5061823378479501,0.35222671208487494
2019-01-12,-74.5506814064634,4.689160481181784,0.4246103048520062,0.3621972454179011
2019-01-28,-74.5506814064634,4.689160481181784,0.35865673755950866,0.2744832499118525
2019-02-13,-74.5506814064634,4.689160481181784,0.23605344989840302,0.19526510344347917
2019-03-01,-74.5506814064634,4.689160481181784,0.14523314906474658,0.07758373280491229
2019-03-17,-74.5506814064634,4.689160481181784,0.09150817660279195,0.10772095069132291
2019-04-02,-74.5506814064634,4.689160481181784,0.08968971306116116,0.058242546230860004
2019-04-18,-74.5506814064634,4.689160481181784,0.05,0.004692759188804407
2019-05-04,-74.5506814064634,4.689160481181784,0.05,0.04074025503976239
2019-05-20,-74.5506814064634,4.689160481181784,0.05687802383735423,0.06087266814451894
2019-06-05,-74.5506814064634,4.689160481181784,0.08188982317202821,0.07253792487421284
2019-06-21,-74.5506814064634,4.689160481181784,0.13659385929424545,0.1131862451378978
2019-07-07,-74.5506814064634,4.689160481181784,0.22036502294671265,0.17446293752937322
2019-07-23,-74.5506814064634,4.689160481181784,0.32709413394026865,0.24669667296910278
2019-08-08,-74.5506814064634,4.689160481181784,0.42683068683940273,0.2887150337023383
2019-08-24,-74.5506814064634,4.689160481181784,0.4765676047240012,0.35202451007194024
2019-09-09,-74.5506814064634,4.689160481181784,0.5448843044913718,0.40052593807743475
2019-09-25,-74.5506814064634,4.689160481181784,0.6253779670105076,0.4952271509912146
2019-10-11,-74.5506814064634,4.689160481181784,0.6736229550219479,0.5258058077877386
2019-10-27,-74.5506814064634,4.689160481181784,0.6906310901272166,0.5072599721707711
2019-11-12,-74.5506814064634,4.689160481181784,0.6759786756549938,0.5215725334198887
2019-11-28,-74.5506814064634,4.689160481181784,0.6616118452453851,0.4935626826753502
2019-12-14,-74.5506814064634,4.689160481181784,0.5476464381924567,0.3763787834959045
2019-12-30,-74.5506814064634,4.689160481181784,0.4996424432956707,0.32797380244879354
2020-01-15,-74.5506814064634,4.689160481181784,0.45597840717044036,0.3539224700058249
2020-01-31,-74.5506814064634,4.689160481181784,0.3160901309913564,0.2148746463633414
2020-02-16,-74.5506814064634,4.689160481181784,0.2597948529834113,0.17257339662453838
2020-03-03,-74.5506814064634,4.689160481181784,0.1377508094870062,0.0879941883147208
2020-03-19,-74.5506814064634,4.689160481181784,0.09384859920759922,0.08280239818864737
2020-04-04,-74.5506814064634,4.689160481181784,0.0684569824574113,0.07224216282199251
2020-04-20,-74.5506814064634,4.689160481181784,0.05,0.05791043947512668
2020-05-06,-74.5506814064634,4.689160481181784,0.05,0.0010826797107606756
2020-05-22,-74.5506814064634,4.689160481181784,0.05,0.021374789714474256
2020-06-07,-74.5506814064634,4.689160481181784,0.0839463633962915,0.04377227796238084
2020-06-23,-74.5506814064634,4.689160481181784,0.15538196311121447,0.12893681661528242
2020-07-09,-74.5506814064634,4.689160481181784,0.28100684054554476,0.17624820092397808
2020-07-25,-74.5506814064634,4.689160481181784,0.3109353794513505,0.21737260941394954
2020-08-10,-74.5506814064634,4.689160481181784,0.44310062307174625,0.3282265184443487
2020-08-26,-74.5506814064634,4.689160481181784,0.4986396916650559,0.38831442890290035
2020-09-11,-74.5506814064634,4.689160481181784,0.6053933571658963,0.4536698186859496
2020-09-27,-74.5506814064634,4.689160481181784,0.6253787228944344,0.47443963351553364
2020-10-13,-74.5506814064634,4.689160481181784,0.6705901934938613,0.4981223802446868
2020-10-29,-74.5506814064634,4.689160481181784,0.6741456525690797,0.5241089043732514
2020-11-14,-74.5506814064634,4.689160481181784,0.6734261630037703,0.5257836398906203
2020-11-30,-74.5506814064634,4.689160481181784,0.6552902637601072,0.5006473131974133
2020-12-16,-74.5506814064634,4.689160481181784,0.5576747452702888,0.4390625835971123
2021-01-01,-74.5506814064634,4.689160481181784,0.5052337703625238,0.43099268330804563
2021-01-17,-74.5506814064634,4.689160481181784,0.4150130245057399,0.32521352915958657
2021-02-02,-74.5506814064634,4.689160481181784,0.3231806689015788,0.24040352983882174
2021-02-18,-74.5506814064634,4.689160481181784,0.22332114196683295,0.17337573336829604
2021-03-06,-74.5506814064634,4.689160481181784,0.15930840534549393,0.14256906200200894
2021-03-22,-74.5506814064634,4.689160481181784,0.09071425997533346,0.05877791147299552
2021-04-07,-74.5506814064634,4.689160481181784,0.05,0.01104126114193639
2021-04-23,-74.5506814064634,4.689160481181784,0.052745829674794194,0.028735899985678673
2021-05-09,-74.5506814064634,4.689160481181784,0.05,0.04303101714885068
2021-05-25,-74.5506814064634,4.689160481181784,0.05875908739867763,0.04172035804356148
2021-06-10,-74.5506814064634,4.689160481181784,0.08837463014861412,0.04691026460162108
2021-06-26,-74.5506814064634,4.689160481181784,0.2087841743680811,0.15886735235280575
2021-07-12,-74.5506814064634,4.689160481181784,0.2801595009876552,0.23781776449364642
2021-07-28,-74.5506814064634,4.689160481181784,0.33994170089520687,0.26342639098996207
2021-08-13,-74.5506814064634,4.689160481181784,0.4398061666975856,0.30671034896285143
2021-08-29,-74.5506814064634,4.689160481181784,0.5193457818251721,0.40125946817366365
2021-09-14,-74.5506814064634,4.689160481181784,0.5842830055549335,0.43171539025876293
2021-09-30,-74.5506814064634,4.689160481181784,0.6436954358121191,0.5250021634852914
2021-10-16,-74.5506814064634,4.689160481181784,0.6410843114322582,0.49084609955473885
2021-11-01,-74.5506814064634,4.689160481181784,0.6786974866585566,0.4962100168238687
2021-11-17,-74.5506814064634,4.689160481181784,0.6591499788319556,0.5077100090006351
2021-12-03,-74.5506814064634,4.689160481181784,0.6365219712474253,0.481111820884264
2021-12-19,-74.5506814064634,4.689160481181784,0.5808081088478292,0.46098274153788343
2022-01-04,-74.5506814064634,4.689160481181784,0.49655531364026184,0.361492636207252
2022-01-20,-74.5506814064634,4.689160481181784,0.40167833971881567,0.3112427679718831
2022-02-05,-74.5506814064634,4.689160481181784,0.2839924368261464,0.18160554973852464
2022-02-21,-74.5506814064634,4.689160481181784,0.17221521879559387,0.13055852389893843
2022-03-09,-74.5506814064634,4.689160481181784,0.14145333801502674,0.08245437195822176
2022-03-25,-74.5506814064634,4.689160481181784,0.09550898380890485,0.0746761008426069
2022-04-10,-74.5506814064634,4.689160481181784,0.06153823530628466,0.053564393879385316
2022-04-26,-74.5506814064634,4.689160481181784,0.05,0.04666562426580298
2022-05-12,-74.5506814064634,4.689160481181784,0.05,0.02654752828225989
2022-05-28,-74.5506814064634,4.689160481181784,0.05,0.03950592128613213
2022-06-13,-74.5506814064634,4.689160481181784,0.09597702915813858,0.09440052512982658
2022-06-29,-74.5506814064634,4.689160481181784,0.18087747720877753,0.17015013003644913
2022-07-15,-74.5506814064634,4.689160481181784,0.2318038327504655,0.1765487866457521
2022-07-31,-74.5506814064634,4.689160481181784,0.3939522524690343,0.2776581030340298
2022-08-16,-74.5506814064634,4.689160481181784,0.45220359083010525,0.33109197883529806
2022-09-01,-74.5506814064634,4.689160481181784,0.5238951672232072,0.39781382823969097
2022-09-17,-74.5506814064634,4.689160481181784,0.5798095997875707,0.43263782421407354
2022-10-03,-74.5506814064634,4.689160481181784,0.6650129443467697,0.49445783403234445
2022-10-19,-74.5506814064634,4.689160481181784,0.6607996914652232,0.5162034765709475
2022-11-04,-74.5506814064634,4.689160481181784,0.6966870447163854,0.5016915401112142
2022-11-20,-74.5506814064634,4.689160481181784,0.6325489505508488,0.45537322459326013
2022-12-06,-74.5506814064634,4.689160481181784,0.6225396690921745,0.4724162097983818
2022-12-22,-74.5506814064634,4.689160481181784,0.561020507896591,0.4142423765614309
2023-01-07,-74.5506814064634,4.689160481181784,0.44569687248336953,0.35264958413081715
2023-01-23,-74.5506814064634,4.689160481181784,0.36359133337699445,0.2764244611498254
2023-02-08,-74.5506814064634,4.689160481181784,0.2523756271920955,0.17788551190761565
2023-02-24,-74.5506814064634,4.689160481181784,0.2174022652923765,0.14872620763588523
2023-03-12,-74.5506814064634,4.689160481181784,0.13896590834608463,0.0576040373357996
2023-03-28,-74.5506814064634,4.689160481181784,0.05418962009682564,0.037215122155056575
2023-04-13,-74.5506814064634,4.689160481181784,0.06448926655999235,0.024985692319705224
2023-04-29,-74.5506814064634,4.689160481181784,0.05,0.058638635624975885
2023-05-15,-74.5506814064634,4.689160481181784,0.05,0.03002952102454621
2023-05-31,-74.5506814064634,4.689160481181784,0.07234446737310841,0.024628651185980725
2023-06-16,-74.5506814064634,4.689160481181784,0.11938279685154825,0.1150593384575895
2023-07-02,-74.5506814064634,4.689160481181784,0.21471315948993933,0.15789984382778965
2023-07-18,-74.5506814064634,4.689160481181784,0.29338687113240897,0.23165826065990214
2023-08-03,-74.5506814064634,4.689160481181784,0.39798107475774325,0.2873575231207254
2023-08-19,-74.5506814064634,4.689160481181784,0.5022863637717121,0.4030417368528773
2023-09-04,-74.5506814064634,4.689160481181784,0.5651343585695465,0.4069915716102421
2023-09-20,-74.5506814064634,4.689160481181784,0.5960898356925083,0.44053530083744935
2023-10-06,-74.5506814064634,4.689160481181784,0.6626299036685477,0.4616025904402297
2023-10-22,-74.5506814064634,4.689160481181784,0.6928577581135773,0.5453925638621524
2023-11-07,-74.5506814064634,4.689160481181784,0.6910472522840108,0.5047643831569234
2023-11-23,-74.5506814064634,4.689160481181784,0.6354479312347396,0.4825829953095363
2023-12-09,-74.5506814064634,4.689160481181784,0.597476904065492,0.4569685015342372
2023-12-25,-74.5506814064634,4.689160481181784,0.5430020061345013,0.42908931517876925
2024-01-10,-74.5506814064634,4.689160481181784,0.42521205353617164,0.32334141910911496
2024-01-26,-74.5506814064634,4.689160481181784,0.3501995241454294,0.2606769422303648
2024-02-11,-74.5506814064634,4.689160481181784,0.28391268766593275,0.23239703321047442
2024-02-27,-74.5506814064634,4.689160481181784,0.21013788133867947,0.16611521601137494
2024-03-14,-74.5506814064634,4.689160481181784,0.10826859315501552,0.07614387547725397
2024-03-30,-74.5506814064634,4.689160481181784,0.05,0.06429470089797208
2024-04-15,-74.5506814064634,4.689160481181784,0.05,0.04761794120005822
2024-05-01,-74.5506814064634,4.689160481181784,0.05,0.012593689818997219
2024-05-17,-74.5506814064634,4.689160481181784,0.05,0.06844039814110989
2024-06-02,-74.5506814064634,4.689160481181784,0.08487340160963006,0.052043337921252215
2024-06-18,-74.5506814064634,4.689160481181784,0.1390431799381051,0.12600712305023562
2024-07-04,-74.5506814064634,4.689160481181784,0.23857768063966775,0.14961162523495794
2024-07-20,-74.5506814064634,4.689160481181784,0.3408101789131868,0.2749305948048637
2024-08-05,-74.5506814064634,4.689160481181784,0.3965687734531599,0.27359213122813547
2024-08-21,-74.5506814064634,4.689160481181784,0.5085559233674698,0.3909454925314947
2024-09-06,-74.5506814064634,4.689160481181784,0.5359180925030023,0.39729700787008415
2024-09-22,-74.5506814064634,4.689160481181784,0.6890871620447813,0.5171454066818744
2024-10-08,-74.5506814064634,4.689160481181784,0.6524700652999139,0.4691826164688026
2024-10-24,-74.5506814064634,4.689160481181784,0.7196818701025972,0.5567165923685017
2024-11-09,-74.5506814064634,4.689160481181784,0.7042274794206684,0.5331343152473444
2024-11-25,-74.5506814064634,4.689160481181784,0.6685214878267051,0.4844247080790706
2024-12-11,-74.5506814064634,4.689160481181784,0.59203921004224,0.4497704778311347
2024-12-27,-74.5506814064634,4.689160481181784,0.5438863953956401,0.41429165734953916
2015-01-01,-74.81790894940944,4.8499346694980074,0.39404551799887666,0.29030579251955213
2015-01-17,-74.81790894940944,4.8499346694980074,0.3567718195474241,0.29551907236146
2015-02-02,-74.81790894940944,4.8499346694980074,0.2919444304548305,0.2575197794454791
2015-02-18,-74.81790894940944,4.8499346694980074,0.23933939069000193,0.18554881228910136
2015-03-06,-74.81790894940944,4.8499346694980074,0.19297099624488348,0.11901833594099029
2015-03-22,-74.81790894940944,4.8499346694980074,0.18010736032704014,0.0861711998449744
2015-04-07,-74.81790894940944,4.8499346694980074,0.13808162044812292,0.10401982234744445
2015-04-23,-74.81790894940944,4.8499346694980074,0.1396686640607437,0.09571637958410135
2015-05-09,-74.81790894940944,4.8499346694980074,0.21432014568811783,0.18282058698172193
2015-05-25,-74.81790894940944,4.8499346694980074,0.2006327143597221,0.14108320555034407
2015-06-10,-74.81790894940944,4.8499346694980074,0.2375984266230658,0.1922986956874221
2015-06-26,-74.81790894940944,4.8499346694980074,0.3152276754578202,0.19709142717547418
2015-07-12,-74.81790894940944,4.8499346694980074,0.3833138977600237,0.29626500099205433
2015-07-28,-74.81790894940944,4.8499346694980074,0.4610244303648237,0.3443012268820823
2015-08-13,-74.81790894940944,4.8499346694980074,0.4896014146227088,0.40692635457682214
2015-08-29,-74.81790894940944,4.8499346694980074,0.5431415245065454,0.42174738001186773
2015-09-14,-74.81790894940944,4.8499346694980074,0.5653715386119386,0.4378268469916706
2015-09-30,-74.81790894940944,4.8499346694980074,0.56490074942707,0.4144342111559299
2015-10-16,-74.81790894940944,4.8499346694980074,0.5710516688325309,0.4161892851870088
2015-11-01,-74.81790894940944,4.8499346694980074,0.6046924588214252,0.4412728263299949
2015-11-17,-74.81790894940944,4.8499346694980074,0.5629471537603682,0.4525556689614169
2015-12-03,-74.81790894940944,4.8499346694980074,0.5037069798330949,0.3976555769759468
2015-12-19,-74.81790894940944,4.8499346694980074,0.4606754493412178,0.347835325617584
2016-01-04,-74.81790894940944,4.8499346694980074,0.40506001278684967,0.3405937713899744
2016-01-20,-74.81790894940944,4.8499346694980074,0.31603597322617893,0.21784296191611272
2016-02-05,-74.81790894940944,4.8499346694980074,0.25049721345308934,0.2077614694845481
2016-02-21,-74.81790894940944,4.8499346694980074,0.24323006936627972,0.1716818133580311
2016-03-08,-74.81790894940944,4.8499346694980074,0.13920785066623226,0.09091075320121247
2016-03-24,-74.81790894940944,4.8499346694980074,0.16858717979808058,0.12510592206890378
2016-04-09,-74.81790894940944,4.8499346694980074,0.15318722558730738,0.10442353082496858
2016-04-25,-74.81790894940944,4.8499346694980074,0.17866723808561363,0.14086426459930296
2016-05-11,-74.81790894940944,4.8499346694980074,0.1951111694197796,0.14951469072536833
2016-05-27,-74.81790894940944,4.8499346694980074,0.2331726889694944,0.18405095049074002
2016-06-12,-74.81790894940944,4.8499346694980074,0.25477147545346635,0.19853986849760233
2016-06-28,-74.81790894940944,4.8499346694980074,0.34733707764060384,0.2836056375543498
2016-07-14,-74.81790894940944,4.8499346694980074,0.40114404781969804,0.2815530254901428
2016-07-30,-74.81790894940944,4.8499346694980074,0.43642955625459856,0.3186192055658903
2016-08-15,-74.81790894940944,4.8499346694980074,0.5102877891727141,0.3802711198533837
2016-08-31,-74.81790894940944,4.8499346694980074,0.5278163328851759,0.3732678489775809
2016-09-16,-74.81790894940944,4.8499346694980074,0.5387617002351686,0.3416817766990162
2016-10-02,-74.81790894940944,4.8499346694980074,0.5928916482341284,0.49107334367845346
2016-10-18,-74.81790894940944,4.8499346694980074,0.6294967259263909,0.45255791620233377
2016-11-03,-74.81790894940944,4.8499346694980074,0.5779799659107588,0.4041933842320658
2016-11-19,-74.81790894940944,4.8499346694980074,0.5149479246646668,0.36226149154589243
2016-12-05,-74.81790894940944,4.8499346694980074,0.49022309479657733,0.36401812889319346
2016-12-21,-74.81790894940944,4.8499346694980074,0.4441668168948638,0.3463894404652335
2017-01-06,-74.81790894940944,4.8499346694980074,0.3756313874699824,0.2824475800157394
2017-01-22,-74.81790894940944,4.8499346694980074,0.2993879803362776,0.1976510447670646
2017-02-07,-74.81790894940944,4.8499346694980074,0.23409316494654894,0.18855482973247625
2017-02-23,-74.81790894940944,4.8499346694980074,0.2083472029024634,0.1188379969203595
2017-03-11,-74.81790894940944,4.8499346694980074,0.176791937211627,0.10761752627299859
2017-03-27,-74.81790894940944,4.8499346694980074,0.18891827870835481,0.1301122745995296
2017-04-12,-74.81790894940944,4.8499346694980074,0.16339069538683507,0.14432228208782605
2017-04-28,-74.81790894940944,4.8499346694980074,0.1415532987648728,0.10768591642474876
2017-05-14,-74.81790894940944,4.8499346694980074,0.19863293109597624,0.15128562177018431
2017-05-30,-74.81790894940944,4.8499346694980074,0.23568905261677292,0.1501742015913966
2017-06-15,-74.81790894940944,4.8499346694980074,0.2913596066831165,0.2087964211288832
2017-07-01,-74.81790894940944,4.8499346694980074,0.34608245964562434,0.27796162164524757
2017-07-17,-74.81790894940944,4.8499346694980074,0.413853316739113,0.31736438206412426
2017-08-02,-74.81790894940944,4.8499346694980074,0.47264536501436183,0.36825224483854707
2017-08-18,-74.81790894940944,4.8499346694980074,0.5425083387665278,0.40620024008564043
2017-09-03,-74.81790894940944,4.8499346694980074,0.5581630123596953,0.4372635954492937
2017-09-19,-74.81790894940944,4.8499346694980074,0.5736641544476245,0.4035427663821587
2017-10-05,-74.81790894940944,4.8499346694980074,0.6060720027247204,0.4504335283512214
2017-10-21,-74.81790894940944,4.8499346694980074,0.567979777097072,0.4359956714104008
2017-11-06,-74.81790894940944,4.8499346694980074,0.6001706825928186,0.4175331610188322
2017-11-22,-74.81790894940944,4.8499346694980074,0.5564585219981733,0.3666025411837163
2017-12-08,-74.81790894940944,4.8499346694980074,0.4801953613950931,0.3969568392911714
2017-12-24,-74.81790894940944,4.8499346694980074,0.4251528330119717,0.3206633926753987
2018-01-09,-74.81790894940944,4.8499346694980074,0.3860817068515399,0.2552318098574419
2018-01-25,-74.81790894940944,4.8499346694980074,0.3115485688435668,0.23494568807190125
2018-02-10,-74.81790894940944,4.8499346694980074,0.29138961642955624,0.19382739570221072
2018-02-26,-74.81790894940944,4.8499346694980074,0.19952179898873273,0.13107423342507724
2018-03-14,-74.81790894940944,4.8499346694980074,0.15198884082033212,0.13653968515654066
2018-03-30,-74.81790894940944,4.8499346694980074,0.15384852916931502,0.10427505294845585
2018-04-15,-74.81790894940944,4.8499346694980074,0.1401704454561031,0.0938632925531694
2018-05-01,-74.81790894940944,4.8499346694980074,0.1550467812046602,0.09099617901770986
2018-05-17,-74.81790894940944,4.8499346694980074,0.1890723468982056,0.1346201263406113
2018-06-02,-74.81790894940944,4.8499346694980074,0.222303051367205,0.16982821365150325
2018-06-18,-74.81790894940944,4.8499346694980074,0.295699373703198,0.21064158599156435
2018-07-04,-74.81790894940944,4.8499346694980074,0.34766344886149053,0.30392006118413506
2018-07-20,-74.81790894940944,4.8499346694980074,0.4543051779342437,0.31964707964808803
2018-08-05,-74.81790894940944,4.8499346694980074,0.4520390705170004,0.31784123734791037
2018-08-21,-74.81790894940944,4.8499346694980074,0.5425770629695339,0.3989622112356365
2018-09-06,-74.81790894940944,4.8499346694980074,0.5661612720994212,0.46456030074018356
2018-09-22,-74.81790894940944,4.8499346694980074,0.5869040021424755,0.45430297604200304
2018-10-08,-74.81790894940944,4.8499346694980074,0.607140187452643,0.44359079355556325
2018-10-24,-74.81790894940944,4.8499346694980074,0.6106813868260837,0.44101702393755915
2018-11-09,-74.81790894940944,4.8499346694980074,0.5927553165744539,0.43281746812665806
2018-11-25,-74.81790894940944,4.8499346694980074,0.5183256451679769,0.36697447740344685
2018-12-11,-74.81790894940944,4.8499346694980074,0.45966479215105643,0.33621330766672164
2018-12-27,-74.81790894940944,4.8499346694980074,0.3718748095672513,0.27423946035192653
2019-01-12,-74.81790894940944,4.8499346694980074,0.3491265435633129,0.2776451296447213
2019-01-28,-74.81790894940944,4.8499346694980074,0.30757689424846013,0.21652992206435917
2019-02-13,-74.81790894940944,4.8499346694980074,0.23536015035991117,0.17182775199951542
2019-03-01,-74.81790894940944,4.8499346694980074,0.2293616195836249,0.15557512107858984
2019-03-17,-74.81790894940944,4.8499346694980074,0.1534398263194265,0.09250818670722685
2019-04-02,-74.81790894940944,4.8499346694980074,0.12186573351660869,0.09753937260996642
2019-04-18,-74.81790894940944,4.8499346694980074,0.15594587927861875,0.1426146465156711
2019-05-04,-74.81790894940944,4.8499346694980074,0.18977834611851424,0.19027609387952182
2019-05-20,-74.81790894940944,4.8499346694980074,0.19992993600109887,0.14473686072490002
2019-06-05,-74.81790894940944,4.8499346694980074,0.22080827638202247,0.17953777063604337
2019-06-21,-74.81790894940944,4.8499346694980074,0.30411434286256783,0.24111108324713953
2019-07-07,-74.81790894940944,4.8499346694980074,0.339276682030567,0.2614895953034592
2019-07-23,-74.81790894940944,4.8499346694980074,0.42731662647939406,0.3232681706574193
2019-08-08,-74.81790894940944,4.8499346694980074,0.4669288817554139,0.3739831542876284
2019-08-24,-74.81790894940944,4.8499346694980074,0.57088448708745,0.4059564847896352
2019-09-09,-74.81790894940944,4.8499346694980074,0.5817587914037474,0.3787620905260028
2019-09-25,-74.81790894940944,4.8499346694980074,0.6035564512605788,0.41526424611459894
2019-10-11,-74.81790894940944,4.8499346694980074,0.5861607152117745,0.41336004317374586
2019-10-27,-74.81790894940944,4.8499346694980074,0.581976953110753,0.45325858880042136
2019-11-12,-74.81790894940944,4.8499346694980074,0.522707125522639,0.3848407503516665
2019-11-28,-74.81790894940944,4.8499346694980074,0.5090780889491968,0.4134295403893351
2019-12-14,-74.81790894940944,4.8499346694980074,0.4764541859900362,0.33379629722705867
2019-12-30,-74.81790894940944,4.8499346694980074,0.3997321702665867,0.3309212124676506
2020-01-15,-74.81790894940944,4.8499346694980074,0.3620720141822181,0.2531893413885552
2020-01-31,-74.81790894940944,4.8499346694980074,0.2829839414264912,0.20753577310170543
2020-02-16,-74.81790894940944,4.8499346694980074,0.22450250828337986,0.1341726380861011
2020-03-03,-74.81790894940944,4.8499346694980074,0.1790426597630614,0.16206598093960353
2020-03-19,-74.81790894940944,4.8499346694980074,0.1559176253473686,0.11487314640130807
2020-04-04,-74.81790894940944,4.8499346694980074,0.15309911058880737,0.15918716083584805
2020-04-20,-74.81790894940944,4.8499346694980074,0.1540157911760246,0.13739075045368868
2020-05-06,-74.81790894940944,4.8499346694980074,0.16195842314342546,0.11628083214751926
2020-05-22,-74.81790894940944,4.8499346694980074,0.2092768959374331,0.14147501311608712
2020-06-07,-74.81790894940944,4.8499346694980074,0.25242919447173584,0.20708291457006728
2020-06-23,-74.81790894940944,4.8499346694980074,0.29676890391267463,0.22257845855377875
2020-07-09,-74.81790894940944,4.8499346694980074,0.3877765118483844,0.2743430629100334
2020-07-25,-74.81790894940944,4.8499346694980074,0.456303613578045,0.3436853797777602
2020-08-10,-74.81790894940944,4.8499346694980074,0.4872715086324782,0.3252906753583544
2020-08-26,-74.81790894940944,4.8499346694980074,0.530430610301401,0.40525480604895686
2020-09-11,-74.81790894940944,4.8499346694980074,0.6077211960779632,0.4671486801407046
2020-09-27,-74.81790894940944,4.8499346694980074,0.6152009057128476,0.4372185878121969
2020-10-13,-74.81790894940944,4.8499346694980074,0.5934560096353788,0.46950693607311134
2020-10-29,-74.81790894940944,4.8499346694980074,0.5647573030701316,0.44287242988206077
2020-11-14,-74.81790894940944,4.8499346694980074,0.5679176658258474,0.4314327223383819
2020-11-30,-74.81790894940944,4.8499346694980074,0.5038421333701902,0.358155696936194
2020-12-16,-74.81790894940944,4.8499346694980074,0.49274318255831306,0.3821946372732154
2021-01-01,-74.81790894940944,4.8499346694980074,0.40835271821851254,0.2980075436998394
2021-01-17,-74.81790894940944,4.8499346694980074,0.34091031855189136,0.2589770843133192
2021-02-02,-74.81790894940944,4.8499346694980074,0.28925218505295025,0.23162594455915136
2021-02-18,-74.81790894940944,4.8499346694980074,0.21363617749175456,0.13089519380907583
2021-03-06,-74.81790894940944,4.8499346694980074,0.18984883682026146,0.10744228086870086
2021-03-22,-74.81790894940944,4.8499346694980074,0.15451416831436493,0.10570182963353844
2021-04-07,-74.81790894940944,4.8499346694980074,0.15964164143767184,0.15938317178798006
2021-04-23,-74.81790894940944,4.8499346694980074,0.11657209805093977,0.13291277414457284
2021-05-09,-74.81790894940944,4.8499346694980074,0.17287113118119274,0.13660952202934615
2021-05-25,-74.81790894940944,4.8499346694980074,0.18605262482338256,0.15947690002206333
2021-06-10,-74.81790894940944,4.8499346694980074,0.2639679563211372,0.19674661901708712
2021-06-26,-74.81790894940944,4.8499346694980074,0.28147482216797065,0.21258205290292656
2021-07-12,-74.81790894940944,4.8499346694980074,0.39821479240015406,0.2939355215904518
2021-07-28,-74.81790894940944,4.8499346694980074,0.46524559781420566,0.3715921017984815
2021-08-13,-74.81790894940944,4.8499346694980074,0.48423293022361946,0.39507697484366244
2021-08-29,-74.81790894940944,4.8499346694980074,0.543915700671056,0.4089316805190486
2021-09-14,-74.81790894940944,4.8499346694980074,0.5781419559315183,0.4349927819674612
2021-09-30,-74.81790894940944,4.8499346694980074,0.5414106621419817,0.4023478686426919
2021-10-16,-74.81790894940944,4.8499346694980074,0.5679382241878029,0.45848038218516574
2021-11-01,-74.81790894940944,4.8499346694980074,0.6114047178512277,0.4755923050375326
2021-11-17,-74.81790894940944,4.8499346694980074,0.5438126825041087,0.3876992131460076
2021-12-03,-74.81790894940944,4.8499346694980074,0.4911069060796491,0.40718301768825743
2021-12-19,-74.81790894940944,4.8499346694980074,0.4362097824480451,0.28004542974831254
2022-01-04,-74.81790894940944,4.8499346694980074,0.4106570111702189,0.338002820650022
2022-01-20,-74.81790894940944,4.8499346694980074,0.36196566521968043,0.2922412089997469
2022-02-05,-74.81790894940944,4.8499346694980074,0.2948858979108918,0.2222231049142397
2022-02-21,-74.81790894940944,4.8499346694980074,0.1791168044338794,0.13489522415540983
2022-03-09,-74.81790894940944,4.8499346694980074,0.19435957710340754,0.14306428169623064
2022-03-25,-74.81790894940944,4.8499346694980074,0.15401337386714836,0.09622766961999482
2022-04-10,-74.81790894940944,4.8499346694980074,0.1295454957867595,0.13392209213539102
2022-04-26,-74.81790894940944,4.8499346694980074,0.19587238298902118,0.14685134461684382
2022-05-12,-74.81790894940944,4.8499346694980074,0.1890123720743621,0.1221421179150312
2022-05-28,-74.81790894940944,4.8499346694980074,0.2355368226960666,0.21184560045433395
2022-06-13,-74.81790894940944,4.8499346694980074,0.24274835241728815,0.191338930307014
2022-06-29,-74.81790894940944,4.8499346694980074,0.34228735905457425,0.2672676495887158
2022-07-15,-74.81790894940944,4.8499346694980074,0.4256782582109932,0.35997905790166795
2022-07-31,-74.81790894940944,4.8499346694980074,0.44798622928862536,0.34945314540959616
2022-08-16,-74.81790894940944,4.8499346694980074,0.5081831851245049,0.3684950829845848
2022-09-01,-74.81790894940944,4.8499346694980074,0.5557072573354145,0.4302104335715658
2022-09-17,-74.81790894940944,4.8499346694980074,0.5850707094416419,0.42117940789150904
2022-10-03,-74.81790894940944,4.8499346694980074,0.5862560718961134,0.43057390551859187
2022-10-19,-74.81790894940944,4.8499346694980074,0.5767122563519483,0.43880498389607464
2022-11-04,-74.81790894940944,4.8499346694980074,0.5833441418888082,0.45709845843435015
2022-11-20,-74.81790894940944,4.8499346694980074,0.5240376683186165,0.3814786775143865
2022-12-06,-74.81790894940944,4.8499346694980074,0.5258244575240387,0.39107842586157066
2022-12-22,-74.81790894940944,4.8499346694980074,0.4397153980637593,0.32628447411990646
2023-01-07,-74.81790894940944,4.8499346694980074,0.40118261879682166,0.3243231377119168
2023-01-23,-74.81790894940944,4.8499346694980074,0.3397923497474601,0.25537561453774604
2023-02-08,-74.81790894940944,4.8499346694980074,0.2432804401590953,0.22096459167450655
2023-02-24,-74.81790894940944,4.8499346694980074,0.22953271341315168,0.16301635543201595
2023-03-12,-74.81790894940944,4.8499346694980074,0.204679335865175,0.14279732359369934
2023-03-28,-74.81790894940944,4.8499346694980074,0.1830615952078625,0.16686188819358672
2023-04-13,-74.81790894940944,4.8499346694980074,0.13152039494429987,0.11027546226864411
2023-04-29,-74.81790894940944,4.8499346694980074,0.17752352354193576,0.18544082664817846
2023-05-15,-74.81790894940944,4.8499346694980074,0.1748912023326505,0.15981926728936446
2023-05-31,-74.81790894940944,4.8499346694980074,0.23176956550929634,0.14899989046036086
2023-06-16,-74.81790894940944,4.8499346694980074,0.28139390354796945,0.21109472288297124
2023-07-02,-74.81790894940944,4.8499346694980074,0.32172460346642606,0.24753692497685015
2023-07-18,-74.81790894940944,4.8499346694980074,0.4234493839919915,0.3223510510752339
2023-08-03,-74.81790894940944,4.8499346694980074,0.4525013886779953,0.3364066001403571
2023-08-19,-74.81790894940944,4.8499346694980074,0.5154958285040399,0.39096830392765086
2023-09-04,-74.81790894940944,4.8499346694980074,0.5792965069569932,0.4399111752854667
2023-09-20,-74.81790894940944,4.8499346694980074,0.5566945847942673,0.4062745171559266
2023-10-06,-74.81790894940944,4.8499346694980074,0.5997687892057495,0.4723090816033944
2023-10-22,-74.81790894940944,4.8499346694980074,0.6172744166636084,0.4984495193294554
2023-11-07,-74.81790894940944,4.8499346694980074,0.572354939481729,0.4445323881213466
2023-11-23,-74.81790894940944,4.8499346694980074,0.5042609795596064,0.38679336613293447
2023-12-09,-74.81790894940944,4.8499346694980074,0.46337821132749246,0.34628287458052437
2023-12-25,-74.81790894940944,4.8499346694980074,0.4885927791794954,0.37251566910843015
2024-01-10,-74.81790894940944,4.8499346694980074,0.34969978335245094,0.27043061763349635
2024-01-26,-74.81790894940944,4.8499346694980074,0.2960818960755085,0.20284653979348036
2024-02-11,-74.81790894940944,4.8499346694980074,0.29296542860963537,0.2410603119825616
2024-02-27,-74.81790894940944,4.8499346694980074,0.21150975210987766,0.15079584827745743
2024-03-14,-74.81790894940944,4.8499346694980074,0.16478720733654184,0.1544400428392894
2024-03-30,-74.81790894940944,4.8499346694980074,0.15877865102557,0.057427885410201246
2024-04-15,-74.81790894940944,4.8499346694980074,0.19933380111536375,0.1531615979759685
2024-05-01,-74.81790894940944,4.8499346694980074,0.1728047352928897,0.15133744773836322
2024-05-17,-74.81790894940944,4.8499346694980074,0.20588971941750014,0.16935546191746131
2024-06-02,-74.81790894940944,4.8499346694980074,0.23206346007865175,0.14945168857966107
2024-06-18,-74.81790894940944,4.8499346694980074,0.3000973059954682,0.25370527254209296
2024-07-04,-74.81790894940944,4.8499346694980074,0.34142256810789867,0.2415064461845285
2024-07-20,-74.81790894940944,4.8499346694980074,0.44010190653071274,0.3209315257952127
2024-08-05,-74.81790894940944,4.8499346694980074,0.4655690323661549,0.3417138888156913
2024-08-21,-74.81790894940944,4.8499346694980074,0.5229955397089703,0.36077389286368694
2024-09-06,-74.81790894940944,4.8499346694980074,0.5526315966010705,0.4190810578335973
2024-09-22,-74.81790894940944,4.8499346694980074,0.5926655259544917,0.46765900551746054
2024-10-08,-74.81790894940944,4.8499346694980074,0.6335619682557936,0.5054211451251333
2024-10-24,-74.81790894940944,4.8499346694980074,0.6067852408383917,0.4521142388134496
2024-11-09,-74.81790894940944,4.8499346694980074,0.5515179010805982,0.4139959944606167
2024-11-25,-74.81790894940944,4.8499346694980074,0.5367947956112372,0.41903485267334123
2024-12-11,-74.81790894940944,4.8499346694980074,0.48719777797561953,0.36297482405419357
2024-12-27,-74.81790894940944,4.8499346694980074,0.4324703181281844,0.34957018869780837
2015-01-01,-75.00981394006614,4.94726917626961,0.3389853627003905,0.26463509709640554
2015-01-17,-75.00981394006614,4.94726917626961,0.3516877014569077,0.25368587392540976
2015-02-02,-75.00981394006614,4.94726917626961,0.43044641381692983,0.3048412121607453
2015-02-18,-75.00981394006614,4.94726917626961,0.47589142208498314,0.350770000745406
2015-03-06,-75.00981394006614,4.94726917626961,0.4872695011156941,0.3665162344857485
2015-03-22,-75.00981394006614,4.94726917626961,0.5343974880772197,0.38382753777251616
2015-04-07,-75.00981394006614,4.94726917626961,0.5349324930224079,0.41055293731294806
2015-04-23,-75.00981394006614,4.94726917626961,0.5251971629446097,0.36074273539997925
2015-05-09,-75.00981394006614,4.94726917626961,0.49773376578620787,0.36493930705851646
2015-05-25,-75.00981394006614,4.94726917626961,0.4783978047607853,0.3518439156670641
2015-06-10,-75.00981394006614,4.94726917626961,0.5044270862005167,0.3507483468966139
2015-06-26,-75.00981394006614,4.94726917626961,0.4244350124069182,0.36097235039061637
2015-07-12,-75.00981394006614,4.94726917626961,0.39289916805530506,0.2873199102919668
2015-07-28,-75.00981394006614,4.94726917626961,0.33535755497495157,0.26010541639907925
2015-08-13,-75.00981394006614,4.94726917626961,0.32876423079830636,0.23595610094918493
2015-08-29,-75.00981394006614,4.94726917626961,0.24193526162977885,0.1538752715667296
2015-09-14,-75.00981394006614,4.94726917626961,0.23011967196482713,0.14447600657726212
2015-09-30,-75.00981394006614,4.94726917626961,0.2006723053231084,0.13233056017012423
2015-10-16,-75.00981394006614,4.94726917626961,0.22560570665485516,0.15903635224380525
2015-11-01,-75.00981394006614,4.94726917626961,0.21896127201059812,0.13213911397417732
2015-11-17,-75.00981394006614,4.94726917626961,0.2327562922214167,0.15050401304884756
2015-12-03,-75.00981394006614,4.94726917626961,0.25148067334805146,0.23283455649616308
2015-12-19,-75.00981394006614,4.94726917626961,0.3170171571175584,0.23519461618154267
2016-01-04,-75.00981394006614,4.94726917626961,0.40635191281470967,0.28646044080356586
2016-01-20,-75.00981394006614,4.94726917626961,0.411979429791743,0.278331083206865
2016-02-05,-75.00981394006614,4.94726917626961,0.4289109647465639,0.29472742855631173
2016-02-21,-75.00981394006614,4.94726917626961,0.47946074565672975,0.3607149643141225
2016-03-08,-75.00981394006614,4.94726917626961,0.5010443183929144,0.3976243792972119
2016-03-24,-75.00981394006614,4.94726917626961,0.5186158664997748,0.3954989348309776
2016-04-09,-75.00981394006614,4.94726917626961,0.5572913126586135,0.38830406031603654
2016-04-25,-75.00981394006614,4.94726917626961,0.524173082978595,0.39420703158026293
2016-05-11,-75.00981394006614,4.94726917626961,0.5374754594972302,0.4315313499413533
2016-05-27,-75.00981394006614,4.94726917626961,0.4948313037106097,0.3647940569299596
2016-06-12,-75.00981394006614,4.94726917626961,0.44645805918302534,0.34144322623080964
2016-06-28,-75.00981394006614,4.94726917626961,0.41586965474203463,0.3064215958000116
2016-07-14,-75.00981394006614,4.94726917626961,0.3741506317759171,0.29164553507374463
2016-07-30,-75.00981394006614,4.94726917626961,0.3187358083255504,0.2236086944659847
2016-08-15,-75.00981394006614,4.94726917626961,0.29586146285361425,0.161381599102559
2016-08-31,-75.00981394006614,4.94726917626961,0.2388296123118773,0.1560960192457607
2016-09-16,-75.00981394006614,4.94726917626961,0.24784232912896415,0.17706309159586517
2016-10-02,-75.00981394006614,4.94726917626961,0.19667943224407788,0.14653712447799294
2016-10-18,-75.00981394006614,4.94726917626961,0.19254281761932923,0.13635415005142623
2016-11-03,-75.00981394006614,4.94726917626961,0.21564848430089512,0.15329555453554597
2016-11-19,-75.00981394006614,4.94726917626961,0.22637970011065922,0.14958162160876826
2016-12-05,-75.00981394006614,4.94726917626961,0.24354546041314068,0.18387183326166112
2016-12-21,-75.00981394006614,4.94726917626961,0.3124231749325118,0.20575424832370487
2017-01-06,-75.00981394006614,4.94726917626961,0.3633047087150637,0.2877594843327927
2017-01-22,-75.00981394006614,4.94726917626961,0.41394480913600884,0.3164563885468186
2017-02-07,-75.00981394006614,4.94726917626961,0.4519147047324746,0.3826365454409224
2017-02-23,-75.00981394006614,4.94726917626961,0.47287032784188254,0.3337389158636208
2017-03-11,-75.00981394006614,4.94726917626961,0.4799581729930986,0.3950821083494703
2017-03-27,-75.00981394006614,4.94726917626961,0.567372125252358,0.4070370991005839
2017-04-12,-75.00981394006614,4.94726917626961,0.5268154410926434,0.3886317600688592
2017-04-28,-75.00981394006614,4.94726917626961,0.5625149529473229,0.3961401707408859
2017-05-14,-75.00981394006614,4.94726917626961,0.482919039517132,0.4055395691690922
2017-05-30,-75.00981394006614,4.94726917626961,0.5014635704269009,0.3851859439385469
2017-06-15,-75.00981394006614,4.94726917626961,0.45485969212693256,0.3504604675695599
2017-07-01,-75.00981394006614,4.94726917626961,0.38593735043333427,0.2726346014877961
2017-07-17,-75.00981394006614,4.94726917626961,0.37232007598704864,0.23382223913228165
2017-08-02,-75.00981394006614,4.94726917626961,0.3183657183907811,0.23149100138639767
2017-08-18,-75.00981394006614,4.94726917626961,0.2762176729736316,0.19614161857380405
2017-09-03,-75.00981394006614,4.94726917626961,0.22704223780090796,0.1338410413452626
2017-09-19,-75.00981394006614,4.94726917626961,0.2240386463100246,0.1620265049965936
2017-10-05,-75.00981394006614,4.94726917626961,0.17926281950201323,0.13569778288318535
2017-10-21,-75.00981394006614,4.94726917626961,0.19901894085761004,0.14004372660996522
2017-11-06,-75.00981394006614,4.94726917626961,0.17259378513964263,0.14310068910088983
2017-11-22,-75.00981394006614,4.94726917626961,0.213733484449809,0.16156551843418157
2017-12-08,-75.00981394006614,4.94726917626961,0.25503267765330695,0.1834999778890205
2017-12-24,-75.00981394006614,4.94726917626961,0.3347153650542254,0.2616688878067365
2018-01-09,-75.00981394006614,4.94726917626961,0.3793588962856088,0.2911268821066381
2018-01-25,-75.00981394006614,4.94726917626961,0.41098780411622676,0.2726180730826465
2018-02-10,-75.00981394006614,4.94726917626961,0.44074882588276826,0.326063440775104
2018-02-26,-75.00981394006614,4.94726917626961,0.5100151799421623,0.37238679839848315
2018-03-14,-75.00981394006614,4.94726917626961,0.5207919250004783,0.3951090906120538
2018-03-30,-75.00981394006614,4.94726917626961,0.5578534816228506,0.4157152295710153
2018-04-15,-75.00981394006614,4.94726917626961,0.5582656266047821,0.38460191727083604
2018-05-01,-75.00981394006614,4.94726917626961,0.5037156539110735,0.33211985354081464
2018-05-17,-75.00981394006614,4.94726917626961,0.5337088629202665,0.4137549859459746
2018-06-02,-75.00981394006614,4.94726917626961,0.5069831934266945,0.366690158355897
2018-06-18,-75.00981394006614,4.94726917626961,0.4400792656825175,0.3276384964086419
2018-07-04,-75.00981394006614,4.94726917626961,0.4366155060578626,0.361338192095838
2018-07-20,-75.00981394006614,4.94726917626961,0.37738401942281036,0.2896584090631778
2018-08-05,-75.00981394006614,4.94726917626961,0.3428420410465062,0.25201468164188845
2018-08-21,-75.00981394006614,4.94726917626961,0.26722263711279926,0.1978365354223232
2018-09-06,-75.00981394006614,4.94726917626961,0.2217524642097348,0.16281416086986883
2018-09-22,-75.00981394006614,4.94726917626961,0.19518355535206292,0.16688782289203877
2018-10-08,-75.00981394006614,4.94726917626961,0.21632382310219356,0.1908341152776017
2018-10-24,-75.00981394006614,4.94726917626961,0.17340690908747755,0.1680891207540496
2018-11-09,-75.00981394006614,4.94726917626961,0.18766878365764825,0.11678542624157207
2018-11-25,-75.00981394006614,4.94726917626961,0.23142138320410807,0.19972045124247834
2018-12-11,-75.00981394006614,4.94726917626961,0.28279919852007795,0.20722281387962704
2018-12-27,-75.00981394006614,4.94726917626961,0.3040185884297272,0.2004952383090814
2019-01-12,-75.00981394006614,4.94726917626961,0.38810595219511734,0.3070522493673108
2019-01-28,-75.00981394006614,4.94726917626961,0.43864746640280394,0.33692196234172545
2019-02-13,-75.00981394006614,4.94726917626961,0.4019857481230935,0.2765976524386911
2019-03-01,-75.00981394006614,4.94726917626961,0.5011801398447416,0.3684907643788358
2019-03-17,-75.00981394006614,4.94726917626961,0.5087931008527202,0.3595302903417496
2019-04-02,-75.00981394006614,4.94726917626961,0.5559240010785954,0.42606685355723267
2019-04-18,-75.00981394006614,4.94726917626961,0.5516316843544377,0.40105171829012715
2019-05-04,-75.00981394006614,4.94726917626961,0.5370532020044803,0.3760346029794306
2019-05-20,-75.00981394006614,4.94726917626961,0.5107435273503115,0.3324990539408714
2019-06-05,-75.00981394006614,4.94726917626961,0.4512052179695578,0.33195767659212816
2019-06-21,-75.00981394006614,4.94726917626961,0.49103186241887914,0.33225903534566203
2019-07-07,-75.00981394006614,4.94726917626961,0.3742971109186923,0.2850583291228754
2019-07-23,-75.00981394006614,4.94726917626961,0.388217665900016,0.29520669936477345
2019-08-08,-75.00981394006614,4.94726917626961,0.3220469497107503,0.2347831372695332
2019-08-24,-75.00981394006614,4.94726917626961,0.2578600040217152,0.19503869005764154
2019-09-09,-75.00981394006614,4.94726917626961,0.22287851285433527,0.18164427141510636
2019-09-25,-75.00981394006614,4.94726917626961,0.18220860920603993,0.15445619755586662
2019-10-11,-75.00981394006614,4.94726917626961,0.20536449456571493,0.14972895355226892
2019-10-27,-75.00981394006614,4.94726917626961,0.17465258204140904,0.11139366309109938
2019-11-12,-75.00981394006614,4.94726917626961,0.2468880201562745,0.18099403515653856
2019-11-28,-75.00981394006614,4.94726917626961,0.2551932707218446,0.17380431277507652
2019-12-14,-75.00981394006614,4.94726917626961,0.28504864014860914,0.18634343914905727
2019-12-30,-75.00981394006614,4.94726917626961,0.330211849709968,0.2550717052278801
2020-01-15,-75.00981394006614,4.94726917626961,0.38058091514851183,0.26736398975158066
2020-01-31,-75.00981394006614,4.94726917626961,0.41318783246618274,0.32063475726926965
2020-02-16,-75.00981394006614,4.94726917626961,0.45810911847871905,0.33783573121223703
2020-03-03,-75.00981394006614,4.94726917626961,0.5359756956269328,0.3829619893428771
2020-03-19,-75.00981394006614,4.94726917626961,0.5456614235932726,0.38615245442485585
2020-04-04,-75.00981394006614,4.94726917626961,0.5519026371294682,0.4280900290095806
2020-04-20,-75.00981394006614,4.94726917626961,0.5308487430845701,0.37378702025618543
2020-05-06,-75.00981394006614,4.94726917626961,0.4912219463812012,0.35611418960739416
2020-05-22,-75.00981394006614,4.94726917626961,0.518840969768857,0.36757816418465117
2020-06-07,-75.00981394006614,4.94726917626961,0.4777350483819552,0.3287726903282495
2020-06-23,-75.00981394006614,4.94726917626961,0.43084274328063477,0.30019117937650147
2020-07-09,-75.00981394006614,4.94726917626961,0.3889663246012626,0.2817031540587963
2020-07-25,-75.00981394006614,4.94726917626961,0.32039681048096347,0.22712013830294378
2020-08-10,-75.00981394006614,4.94726917626961,0.2813637884375905,0.18474434732344464
2020-08-26,-75.00981394006614,4.94726917626961,0.28303788035228694,0.2050749129751967
2020-09-11,-75.00981394006614,4.94726917626961,0.18708229949819455,0.1278461084717522
2020-09-27,-75.00981394006614,4.94726917626961,0.22985345867523638,0.15716292134127977
2020-10-13,-75.00981394006614,4.94726917626961,0.23411012975877832,0.15844935621985196
2020-10-29,-75.00981394006614,4.94726917626961,0.21954117807335313,0.18538865524683507
2020-11-14,-75.00981394006614,4.94726917626961,0.23611553520841272,0.1495967719134889
2020-11-30,-75.00981394006614,4.94726917626961,0.23689216393511575,0.20107054275906844
2020-12-16,-75.00981394006614,4.94726917626961,0.27711225380707727,0.22734772063335204
2021-01-01,-75.00981394006614,4.94726917626961,0.325238164290593,0.24675736960232775
2021-01-17,-75.00981394006614,4.94726917626961,0.3522562022753693,0.252026800212277
2021-02-02,-75.00981394006614,4.94726917626961,0.40807457690202753,0.3105679256876841
2021-02-18,-75.00981394006614,4.94726917626961,0.46907729061810866,0.3610609658884942
2021-03-06,-75.00981394006614,4.94726917626961,0.4919274564872258,0.3503409909395278
2021-03-22,-75.00981394006614,4.94726917626961,0.5302064631965238,0.37706306933725214
2021-04-07,-75.00981394006614,4.94726917626961,0.5613531911471407,0.4187244456285732
2021-04-23,-75.00981394006614,4.94726917626961,0.5339162644168459,0.4096807107676387
2021-05-09,-75.00981394006614,4.94726917626961,0.5269379527113687,0.3620424301968226
2021-05-25,-75.00981394006614,4.94726917626961,0.48353757229909944,0.3838073533016169
2021-06-10,-75.00981394006614,4.94726917626961,0.47280591613395473,0.3209730810531972
2021-06-26,-75.00981394006614,4.94726917626961,0.4371293507707755,0.31666183668068665
2021-07-12,-75.00981394006614,4.94726917626961,0.3672465673456152,0.2525374709965345
2021-07-28,-75.00981394006614,4.94726917626961,0.35849379709171003,0.2295603803786755
2021-08-13,-75.00981394006614,4.94726917626961,0.27809815069696775,0.21097614834095066
2021-08-29,-75.00981394006614,4.94726917626961,0.2886547286656144,0.2275682104262172
2021-09-14,-75.00981394006614,4.94726917626961,0.211137259003975,0.18894001333511753
2021-09-30,-75.00981394006614,4.94726917626961,0.18284548982544482,0.1424408406761867
2021-10-16,-75.00981394006614,4.94726917626961,0.21387892936521735,0.1427868853599042
2021-11-01,-75.00981394006614,4.94726917626961,0.2249745264882509,0.15845309228736898
2021-11-17,-75.00981394006614,4.94726917626961,0.24402900168271907,0.14622984141031511
2021-12-03,-75.00981394006614,4.94726917626961,0.26669316515122615,0.19177774040954754
2021-12-19,-75.00981394006614,4.94726917626961,0.3213677452320972,0.2401461943286539
2022-01-04,-75.00981394006614,4.94726917626961,0.36735766529344815,0.2856705042707472
2022-01-20,-75.00981394006614,4.94726917626961,0.38612493296927264,0.30534708591924037
2022-02-05,-75.00981394006614,4.94726917626961,0.4496705891900653,0.3466911419823732
2022-02-21,-75.00981394006614,4.94726917626961,0.4284691998624086,0.3017006900815185
2022-03-09,-75.00981394006614,4.94726917626961,0.5348797313067045,0.376040881371323
2022-03-25,-75.00981394006614,4.94726917626961,0.5476070689611466,0.4248343548564533
2022-04-10,-75.00981394006614,4.94726917626961,0.5263651666215462,0.35486924242382517
2022-04-26,-75.00981394006614,4.94726917626961,0.5277631178531241,0.4373826392625033
2022-05-12,-75.00981394006614,4.94726917626961,0.5076068452644767,0.3648199870563722
2022-05-28,-75.00981394006614,4.94726917626961,0.4791972514789715,0.383693628140219
2022-06-13,-75.00981394006614,4.94726917626961,0.4590516655547965,0.3317706245871146
2022-06-29,-75.00981394006614,4.94726917626961,0.4500814865599035,0.34915099667863836
2022-07-15,-75.00981394006614,4.94726917626961,0.3576425970594821,0.24376026957337596
2022-07-31,-75.00981394006614,4.94726917626961,0.3531738186867351,0.26521612728988564
2022-08-16,-75.00981394006614,4.94726917626961,0.2562456987338099,0.15652196031248644
2022-09-01,-75.00981394006614,4.94726917626961,0.22858240148111583,0.14664710934877628
2022-09-17,-75.00981394006614,4.94726917626961,0.18285562525059965,0.11515157920497981
2022-10-03,-75.00981394006614,4.94726917626961,0.18951214331654542,0.13288048171971767
2022-10-19,-75.00981394006614,4.94726917626961,0.23830846709118175,0.17339448487642084
2022-11-04,-75.00981394006614,4.94726917626961,0.21035477933754754,0.1679511917791395
2022-11-20,-75.00981394006614,4.94726917626961,0.23021768773476875,0.18066632507881072
2022-12-06,-75.00981394006614,4.94726917626961,0.27223343276258594,0.20662684588392433
2022-12-22,-75.00981394006614,4.94726917626961,0.3616204864251745,0.2894378816997679
2023-01-07,-75.00981394006614,4.94726917626961,0.32934929798214596,0.25441641721039276
2023-01-23,-75.00981394006614,4.94726917626961,0.38149510929873925,0.2950463472552515
2023-02-08,-75.00981394006614,4.94726917626961,0.41433208454614906,0.2885934744479322
2023-02-24,-75.00981394006614,4.94726917626961,0.48802490784313524,0.385972063154312
2023-03-12,-75.00981394006614,4.94726917626961,0.5223521735609054,0.40884647686138337
2023-03-28,-75.00981394006614,4.94726917626961,0.5404214588510182,0.4087660161189103
2023-04-13,-75.00981394006614,4.94726917626961,0.5314539757983002,0.41485051802306105
2023-04-29,-75.00981394006614,4.94726917626961,0.5578981482626425,0.4171612973703864
2023-05-15,-75.00981394006614,4.94726917626961,0.5185358556146159,0.42073000794540666
2023-05-31,-75.00981394006614,4.94726917626961,0.4927866186995261,0.371103681431964
2023-06-16,-75.00981394006614,4.94726917626961,0.4661336336730345,0.3476441001356928
2023-07-02,-75.00981394006614,4.94726917626961,0.3969997303264076,0.30530910925527616
2023-07-18,-75.00981394006614,4.94726917626961,0.366536846887961,0.31174763029546065
2023-08-03,-75.00981394006614,4.94726917626961,0.33740901266503065,0.24114711376991296
2023-08-19,-75.00981394006614,4.94726917626961,0.29441485737751294,0.2269684597277543
2023-09-04,-75.00981394006614,4.94726917626961,0.2712327498451093,0.1929354781272512
2023-09-20,-75.00981394006614,4.94726917626961,0.22366776842569522,0.16576895333742156
2023-10-06,-75.00981394006614,4.94726917626961,0.20744915818365478,0.13788288965766207
2023-10-22,-75.00981394006614,4.94726917626961,0.2167447293337204,0.17091783251728027
2023-11-07,-75.00981394006614,4.94726917626961,0.24251887919791398,0.18168864235869986
2023-11-23,-75.00981394006614,4.94726917626961,0.23193299410639373,0.18973563313867606
2023-12-09,-75.00981394006614,4.94726917626961,0.25764796913697835,0.21493566755441293
2023-12-25,-75.00981394006614,4.94726917626961,0.3360431546432756,0.2771779440051449
2024-01-10,-75.00981394006614,4.94726917626961,0.36718534840071926,0.26565908364858415
2024-01-26,-75.00981394006614,4.94726917626961,0.40810325546144816,0.31367881949767024
2024-02-11,-75.00981394006614,4.94726917626961,0.43849565587997347,0.3555340676884844
2024-02-27,-75.00981394006614,4.94726917626961,0.49929139472341194,0.35662408693611886
2024-03-14,-75.00981394006614,4.94726917626961,0.5546867937735902,0.4179628808335962
2024-03-30,-75.00981394006614,4.94726917626961,0.5136235806923741,0.36861260306433513
2024-04-15,-75.00981394006614,4.94726917626961,0.57148156804016,0.4651108743544564
2024-05-01,-75.00981394006614,4.94726917626961,0.5554108906916019,0.4429443409904441
2024-05-17,-75.00981394006614,4.94726917626961,0.5408141680765927,0.4167489491127258
2024-06-02,-75.00981394006614,4.94726917626961,0.4935013450145429,0.38092327265043935
2024-06-18,-75.00981394006614,4.94726917626961,0.4634858386373979,0.33278241884752047
2024-07-04,-75.00981394006614,4.94726917626961,0.41953228778840995,0.3438215527872478
2024-07-20,-75.00981394006614,4.94726917626961,0.35448299468450784,0.25959729030694495
2024-08-05,-75.00981394006614,4.94726917626961,0.32293731916274987,0.2292098383638997
2024-08-21,-75.00981394006614,4.94726917626961,0.24635215476548758,0.20771849687621924
2024-09-06,-75.00981394006614,4.94726917626961,0.230507208269029,0.17324937777617594
2024-09-22,-75.00981394006614,4.94726917626961,0.20421684615338753,0.17869773091330063
2024-10-08,-75.00981394006614,4.94726917626961,0.22217323051426072,0.16181513206262152
2024-10-24,-75.00981394006614,4.94726917626961,0.18285190880158972,0.13020033550402826
2024-11-09,-75.00981394006614,4.94726917626961,0.23174182433199453,0.1775790823305912
2024-11-25,-75.00981394006614,4.94726917626961,0.2479114389646452,0.19016755441288014
2024-12-11,-75.00981394006614,4.94726917626961,0.2958839055568011,0.22107574508629996
2024-12-27,-75.00981394006614,4.94726917626961,0.33163780381241703,0.2289899687044108
2015-01-01,-74.56154555141036,4.985739876613466,0.35031500757032413,0.2626497611708786
2015-01-17,-74.56154555141036,4.985739876613466,0.2777584792205949,0.21709064792623892
2015-02-02,-74.56154555141036,4.985739876613466,0.2145381315889082,0.19595776754001343
2015-02-18,-74.56154555141036,4.985739876613466,0.22412518753815558,0.18087633780668422
2015-03-06,-74.56154555141036,4.985739876613466,0.14649525318140333,0.09402086642019208
2015-03-22,-74.56154555141036,4.985739876613466,0.1962345973285283,0.23020077593718824
2015-04-07,-74.56154555141036,4.985739876613466,0.1947818277588362,0.16682523902414617
2015-04-23,-74.56154555141036,4.985739876613466,0.19886447755196776,0.1321984142497724
2015-05-09,-74.56154555141036,4.985739876613466,0.23946477057028318,0.1575744311857738
2015-05-25,-74.56154555141036,4.985739876613466,0.23791352855845702,0.15296455991007296
2015-06-10,-74.56154555141036,4.985739876613466,0.3323627262303239,0.2481237635741929
2015-06-26,-74.56154555141036,4.985739876613466,0.36992397876914074,0.27713490533584184
2015-07-12,-74.56154555141036,4.985739876613466,0.40063611685468503,0.2870624695206657
2015-07-28,-74.56154555141036,4.985739876613466,0.4620062750706323,0.318399277358467
2015-08-13,-74.56154555141036,4.985739876613466,0.507751268011417,0.359187321880638
2015-08-29,-74.56154555141036,4.985739876613466,0.5616928421470344,0.4344890528896123
2015-09-14,-74.56154555141036,4.985739876613466,0.5430184711555437,0.40133121808169775
2015-09-30,-74.56154555141036,4.985739876613466,0.6097988850266463,0.4377339058164188
2015-10-16,-74.56154555141036,4.985739876613466,0.5697459589359516,0.42941990788202133
2015-11-01,-74.56154555141036,4.985739876613466,0.5572197643231511,0.42382416006951146
2015-11-17,-74.56154555141036,4.985739876613466,0.4884469199565059,0.36767047239683714
2015-12-03,-74.56154555141036,4.985739876613466,0.4508593598157638,0.33631061621616637
2015-12-19,-74.56154555141036,4.985739876613466,0.3690635112691975,0.30165940560385596
2016-01-04,-74.56154555141036,4.985739876613466,0.36109734413563244,0.24993922756432718
2016-01-20,-74.56154555141036,4.985739876613466,0.2803832844159533,0.20578574992488063
2016-02-05,-74.56154555141036,4.985739876613466,0.2162259334652176,0.12483352474366785
2016-02-21,-74.56154555141036,4.985739876613466,0.18877843071681383,0.13445577623258653
2016-03-08,-74.56154555141036,4.985739876613466,0.14887669682541227,0.11519707790076877
2016-03-24,-74.56154555141036,4.985739876613466,0.1909926947481134,0.1600868439843904
2016-04-09,-74.56154555141036,4.985739876613466,0.17051042625981938,0.09107458576444061
2016-04-25,-74.56154555141036,4.985739876613466,0.20754095237976122,0.15858355766611207
2016-05-11,-74.56154555141036,4.985739876613466,0.23524947543841032,0.215159162584858
2016-05-27,-74.56154555141036,4.985739876613466,0.25462657833394764,0.13347361508801986
2016-06-12,-74.56154555141036,4.985739876613466,0.3018949214117865,0.23614209242419626
2016-06-28,-74.56154555141036,4.985739876613466,0.37891669195746847,0.2598747963761277
2016-07-14,-74.56154555141036,4.985739876613466,0.40479372442764944,0.2965031130043892
2016-07-30,-74.56154555141036,4.985739876613466,0.4583401428231141,0.3541677754824261
2016-08-15,-74.56154555141036,4.985739876613466,0.516596860731556,0.3749052878620327
2016-08-31,-74.56154555141036,4.985739876613466,0.5395795079455789,0.40994708549079606
2016-09-16,-74.56154555141036,4.985739876613466,0.5716177357166021,0.43275244718470346
2016-10-02,-74.56154555141036,4.985739876613466,0.5752818770943725,0.43001749708884524
2016-10-18,-74.56154555141036,4.985739876613466,0.5367547560861984,0.3879584645300236
2016-11-03,-74.56154555141036,4.985739876613466,0.5211613816289783,0.4321749409835001
2016-11-19,-74.56154555141036,4.985739876613466,0.4617531144177212,0.33793530574695313
2016-12-05,-74.56154555141036,4.985739876613466,0.4414473680765774,0.32501887099198323
2016-12-21,-74.56154555141036,4.985739876613466,0.4065032197878538,0.29870745623083306
2017-01-06,-74.56154555141036,4.985739876613466,0.3281949015135895,0.26243874640751846
2017-01-22,-74.56154555141036,4.985739876613466,0.3163072155822223,0.2653803791656333
2017-02-07,-74.56154555141036,4.985739876613466,0.23137181377096738,0.17253857609357748
2017-02-23,-74.56154555141036,4.985739876613466,0.19932250892225084,0.15243186986093984
2017-03-11,-74.56154555141036,4.985739876613466,0.15868811358647517,0.13774796116696514
2017-03-27,-74.56154555141036,4.985739876613466,0.17169309629944365,0.12787269844827648
2017-04-12,-74.56154555141036,4.985739876613466,0.1493513753488664,0.11325925568146204
2017-04-28,-74.56154555141036,4.985739876613466,0.1588671801394668,0.10751739822395547
2017-05-14,-74.56154555141036,4.985739876613466,0.22051521961021542,0.17112631856941396
2017-05-30,-74.56154555141036,4.985739876613466,0.3148667128748277,0.24758818396942953
2017-06-15,-74.56154555141036,4.985739876613466,0.35874777206466624,0.28196507251057124
2017-07-01,-74.56154555141036,4.985739876613466,0.4078499961812168,0.34303004419477473
2017-07-17,-74.56154555141036,4.985739876613466,0.42515165454858855,0.30292165222881134
2017-08-02,-74.56154555141036,4.985739876613466,0.5023705957400385,0.37670437772378396
2017-08-18,-74.56154555141036,4.985739876613466,0.5336647245965485,0.39527520560526413
2017-09-03,-74.56154555141036,4.985739876613466,0.5456179078860414,0.4416287242900315
2017-09-19,-74.56154555141036,4.985739876613466,0.549721250086765,0.4260187827499046
2017-10-05,-74.56154555141036,4.985739876613466,0.5811998170015072,0.40431959679972557
2017-10-21,-74.56154555141036,4.985739876613466,0.5379934370536327,0.39024126657122715
2017-11-06,-74.56154555141036,4.985739876613466,0.5359056473781488,0.39458853341500055
2017-11-22,-74.56154555141036,4.985739876613466,0.481279303893763,0.33180653078062766
2017-12-08,-74.56154555141036,4.985739876613466,0.4793962910984698,0.36097113069864234
2017-12-24,-74.56154555141036,4.985739876613466,0.38803246693654625,0.28021184043110525
2018-01-09,-74.56154555141036,4.985739876613466,0.3095945856361972,0.2704496323262185
2018-01-25,-74.56154555141036,4.985739876613466,0.23250422919413047,0.17995111326421337
2018-02-10,-74.56154555141036,4.985739876613466,0.20230237676212268,0.1436267594836519
2018-02-26,-74.56154555141036,4.985739876613466,0.1803065061879546,0.11551032597258098
2018-03-14,-74.56154555141036,4.985739876613466,0.17367790131476019,0.07889784303994882
2018-03-30,-74.56154555141036,4.985739876613466,0.1614398229751194,0.11927406772434006
2018-04-15,-74.56154555141036,4.985739876613466,0.15061789588049854,0.14322779633936156
2018-05-01,-74.56154555141036,4.985739876613466,0.19048352523818904,0.13811295907934504
2018-05-17,-74.56154555141036,4.985739876613466,0.2277609305137348,0.16918937547668939
2018-06-02,-74.56154555141036,4.985739876613466,0.312857508179476,0.2841034472130765
2018-06-18,-74.56154555141036,4.985739876613466,0.35500373509847133,0.2880126766632889
2018-07-04,-74.56154555141036,4.985739876613466,0.4300977240887395,0.32755071460188373
2018-07-20,-74.56154555141036,4.985739876613466,0.4809371868718731,0.3765509128017129
2018-08-05,-74.56154555141036,4.985739876613466,0.5002069292757368,0.382162017645832
2018-08-21,-74.56154555141036,4.985739876613466,0.4991229970187068,0.38018463297295313
2018-09-06,-74.56154555141036,4.985739876613466,0.5304482743099769,0.3653308227002605
2018-09-22,-74.56154555141036,4.985739876613466,0.5765576886669639,0.4101366945962218
2018-10-08,-74.56154555141036,4.985739876613466,0.5686821207904293,0.4292802809798193
2018-10-24,-74.56154555141036,4.985739876613466,0.5536492183799088,0.3971544856440895
2018-11-09,-74.56154555141036,4.985739876613466,0.5355851593851128,0.39990416480951296
2018-11-25,-74.56154555141036,4.985739876613466,0.4829563820223604,0.33828849423783036
2018-12-11,-74.56154555141036,4.985739876613466,0.41926909486958713,0.33639771081759273
2018-12-27,-74.56154555141036,4.985739876613466,0.3869844271686651,0.27429246671801094
2019-01-12,-74.56154555141036,4.985739876613466,0.30162459681215037,0.2064447130078364
2019-01-28,-74.56154555141036,4.985739876613466,0.24872144816348868,0.1585597353084859
2019-02-13,-74.56154555141036,4.985739876613466,0.21658000307759342,0.17509777027185194
2019-03-01,-74.56154555141036,4.985739876613466,0.17252034006750838,0.12757812939740776
2019-03-17,-74.56154555141036,4.985739876613466,0.16641941189802836,0.14591693355548566
2019-04-02,-74.56154555141036,4.985739876613466,0.1562466742644548,0.10568068354532406
2019-04-18,-74.56154555141036,4.985739876613466,0.16442558047391237,0.10056899495386452
2019-05-04,-74.56154555141036,4.985739876613466,0.21904558070562502,0.16158196960260918
2019-05-20,-74.56154555141036,4.985739876613466,0.24887829680515855,0.21215154572777684
2019-06-05,-74.56154555141036,4.985739876613466,0.32298424311691,0.20931349618098644
2019-06-21,-74.56154555141036,4.985739876613466,0.36343957903370705,0.2770926227895041
2019-07-07,-74.56154555141036,4.985739876613466,0.39688985808170646,0.30422106730183873
2019-07-23,-74.56154555141036,4.985739876613466,0.4245371865356413,0.34765573675725897
2019-08-08,-74.56154555141036,4.985739876613466,0.5156203329605558,0.3694112948237636
2019-08-24,-74.56154555141036,4.985739876613466,0.5296963651264024,0.363209344333853
2019-09-09,-74.56154555141036,4.985739876613466,0.5583150498218729,0.409081647821593
2019-09-25,-74.56154555141036,4.985739876613466,0.5466400423052901,0.42551407640316313
2019-10-11,-74.56154555141036,4.985739876613466,0.5919403108690635,0.44340802335090806
2019-10-27,-74.56154555141036,4.985739876613466,0.5387755222943834,0.4127813337634234
2019-11-12,-74.56154555141036,4.985739876613466,0.5098236582040921,0.3607241593284454
2019-11-28,-74.56154555141036,4.985739876613466,0.4519483808803857,0.33303256552532867
2019-12-14,-74.56154555141036,4.985739876613466,0.4176170535120895,0.31339952449159647
2019-12-30,-74.56154555141036,4.985739876613466,0.36132410357244743,0.24049651801365712
2020-01-15,-74.56154555141036,4.985739876613466,0.31588293034829307,0.23698051544139004
2020-01-31,-74.56154555141036,4.985739876613466,0.30420426684644847,0.22040051273130812
2020-02-16,-74.56154555141036,4.985739876613466,0.21902642751936474,0.2208542038836936
2020-03-03,-74.56154555141036,4.985739876613466,0.18774188590100976,0.13945380364023696
2020-03-19,-74.56154555141036,4.985739876613466,0.14948328315931644,0.142677789713667
2020-04-04,-74.56154555141036,4.985739876613466,0.14656369361836483,0.11846518855073605
2020-04-20,-74.56154555141036,4.985739876613466,0.17592145933744616,0.12815436925152415
2020-05-06,-74.56154555141036,4.985739876613466,0.18650410924643643,0.1667406263695052
2020-05-22,-74.56154555141036,4.985739876613466,0.25072978275609836,0.16374554388921309
2020-06-07,-74.56154555141036,4.985739876613466,0.3312418060647153,0.23834861828779041
2020-06-23,-74.56154555141036,4.985739876613466,0.3676199713728419,0.2925433061723188
2020-07-09,-74.56154555141036,4.985739876613466,0.4258595202368724,0.2754619291676736
2020-07-25,-74.56154555141036,4.985739876613466,0.48226815310313986,0.35968883957405234
2020-08-10,-74.56154555141036,4.985739876613466,0.506375294925017,0.3775999722142583
2020-08-26,-74.56154555141036,4.985739876613466,0.5146010850212479,0.38979423205917196
2020-09-11,-74.56154555141036,4.985739876613466,0.540059443443319,0.39932778839135663
2020-09-27,-74.56154555141036,4.985739876613466,0.5761689875830538,0.45360748244704263
2020-10-13,-74.56154555141036,4.985739876613466,0.547069354551534,0.43933376335057034
2020-10-29,-74.56154555141036,4.985739876613466,0.5582604073380675,0.4101071106537399
2020-11-14,-74.56154555141036,4.985739876613466,0.4802734749244332,0.3313287825487165
2020-11-30,-74.56154555141036,4.985739876613466,0.4610517453774031,0.331043126042236
2020-12-16,-74.56154555141036,4.985739876613466,0.42634536953897095,0.3061685505576628
2021-01-01,-74.56154555141036,4.985739876613466,0.33214509208429543,0.2537813460881079
2021-01-17,-74.56154555141036,4.985739876613466,0.28231830392887397,0.21190972781403156
2021-02-02,-74.56154555141036,4.985739876613466,0.2672423549552532,0.2027763528498144
2021-02-18,-74.56154555141036,4.985739876613466,0.2106850590526422,0.16211672846765002
2021-03-06,-74.56154555141036,4.985739876613466,0.1473661156243603,0.11836134171688004
2021-03-22,-74.56154555141036,4.985739876613466,0.17164632644694514,0.14659269137487727
2021-04-07,-74.56154555141036,4.985739876613466,0.18300419448043798,0.1332141732282182
2021-04-23,-74.56154555141036,4.985739876613466,0.20901285081989782,0.15090702416266893
2021-05-09,-74.56154555141036,4.985739876613466,0.22450443098783068,0.1621553346312859
2021-05-25,-74.56154555141036,4.985739876613466,0.2713603879597183,0.19599049531703347
2021-06-10,-74.56154555141036,4.985739876613466,0.3457993054791234,0.29969673385385537
2021-06-26,-74.56154555141036,4.985739876613466,0.38538558185477323,0.3198651193793605
2021-07-12,-74.56154555141036,4.985739876613466,0.3923661580614686,0.2658470636806015
2021-07-28,-74.56154555141036,4.985739876613466,0.4679835878630771,0.3518123102024854
2021-08-13,-74.56154555141036,4.985739876613466,0.5138713215554307,0.35256078617391395
2021-08-29,-74.56154555141036,4.985739876613466,0.5731711636961675,0.4729623374392643
2021-09-14,-74.56154555141036,4.985739876613466,0.594511007191794,0.46759372076957484
2021-09-30,-74.56154555141036,4.985739876613466,0.5772000795032243,0.41604011221287546
2021-10-16,-74.56154555141036,4.985739876613466,0.5626637636327696,0.4641095834614073
2021-11-01,-74.56154555141036,4.985739876613466,0.5283222509161919,0.38714254323066505
2021-11-17,-74.56154555141036,4.985739876613466,0.5192189026970592,0.41288789803770626
2021-12-03,-74.56154555141036,4.985739876613466,0.43227392482119303,0.3189757513511463
2021-12-19,-74.56154555141036,4.985739876613466,0.3854076304576492,0.2904495104244587
2022-01-04,-74.56154555141036,4.985739876613466,0.3618424057973758,0.25530125392547
2022-01-20,-74.56154555141036,4.985739876613466,0.3081910933043671,0.2331763449567015
2022-02-05,-74.56154555141036,4.985739876613466,0.2858801522014948,0.22078673183853859
2022-02-21,-74.56154555141036,4.985739876613466,0.20025191236247525,0.16168322881417627
2022-03-09,-74.56154555141036,4.985739876613466,0.17095843873494845,0.09231336658417483
2022-03-25,-74.56154555141036,4.985739876613466,0.16292514519636464,0.11706798671588897
2022-04-10,-74.56154555141036,4.985739876613466,0.1411977901119975,0.10443763878810827
2022-04-26,-74.56154555141036,4.985739876613466,0.1518847010743923,0.10695978910268464
2022-05-12,-74.56154555141036,4.985739876613466,0.23163437309494336,0.17566570336397216
2022-05-28,-74.56154555141036,4.985739876613466,0.2629014214668243,0.1954654580611568
2022-06-13,-74.56154555141036,4.985739876613466,0.307282724218425,0.23067837355226944
2022-06-29,-74.56154555141036,4.985739876613466,0.37953990205434307,0.2666499269827271
2022-07-15,-74.56154555141036,4.985739876613466,0.43854205610136,0.3341355951776291
2022-07-31,-74.56154555141036,4.985739876613466,0.47993783794912875,0.40837431918758293
2022-08-16,-74.56154555141036,4.985739876613466,0.5220113507703952,0.38592382817033605
2022-09-01,-74.56154555141036,4.985739876613466,0.5462971738198844,0.39030409590338533
2022-09-17,-74.56154555141036,4.985739876613466,0.5844834984382694,0.42463768446831307
2022-10-03,-74.56154555141036,4.985739876613466,0.5603203252783012,0.40947541276795396
2022-10-19,-74.56154555141036,4.985739876613466,0.53771849743839,0.368267206427898
2022-11-04,-74.56154555141036,4.985739876613466,0.5197960823885731,0.40731376804567565
2022-11-20,-74.56154555141036,4.985739876613466,0.4926694369353623,0.4007135831052842
2022-12-06,-74.56154555141036,4.985739876613466,0.45450115297415133,0.35135516093609437
2022-12-22,-74.56154555141036,4.985739876613466,0.42267680941215335,0.3150646951590508
2023-01-07,-74.56154555141036,4.985739876613466,0.3307219199895729,0.24781215155897693
2023-01-23,-74.56154555141036,4.985739876613466,0.30785596748227134,0.2309422819408853
2023-02-08,-74.56154555141036,4.985739876613466,0.21857381281622645,0.17568387037142688
2023-02-24,-74.56154555141036,4.985739876613466,0.18023800943205007,0.14584793732631607
2023-03-12,-74.56154555141036,4.985739876613466,0.18296515467902436,0.13343581265313836
2023-03-28,-74.56154555141036,4.985739876613466,0.17887995080438157,0.10440416449711915
2023-04-13,-74.56154555141036,4.985739876613466,0.17898566492647003,0.12498394100151787
2023-04-29,-74.56154555141036,4.985739876613466,0.2558063973304263,0.19497129939062388
2023-05-15,-74.56154555141036,4.985739876613466,0.22241866615554606,0.1392479648955979
2023-05-31,-74.56154555141036,4.985739876613466,0.3064931224605768,0.22286918745495704
2023-06-16,-74.56154555141036,4.985739876613466,0.3173790921386866,0.24476030338419616
2023-07-02,-74.56154555141036,4.985739876613466,0.4018225340330545,0.3140459591889814
2023-07-18,-74.56154555141036,4.985739876613466,0.44345318796893574,0.33577369371443616
2023-08-03,-74.56154555141036,4.985739876613466,0.49644898217675715,0.3790646619451453
2023-08-19,-74.56154555141036,4.985739876613466,0.5399011752309275,0.42681493644930657
2023-09-04,-74.56154555141036,4.985739876613466,0.5599874071543203,0.40365449004913295
2023-09-20,-74.56154555141036,4.985739876613466,0.569219665707871,0.4419903656556032
2023-10-06,-74.56154555141036,4.985739876613466,0.5344135444054856,0.36519511439667496
2023-10-22,-74.56154555141036,4.985739876613466,0.5714882974156109,0.45901867939873475
2023-11-07,-74.56154555141036,4.985739876613466,0.49702061246798884,0.37477464476764955
2023-11-23,-74.56154555141036,4.985739876613466,0.4720803381200618,0.34884365134521383
2023-12-09,-74.56154555141036,4.985739876613466,0.4356584139952202,0.3008864059162002
2023-12-25,-74.56154555141036,4.985739876613466,0.3524184741055574,0.25828883212074355
2024-01-10,-74.56154555141036,4.985739876613466,0.31635368777510936,0.21474616371764857
2024-01-26,-74.56154555141036,4.985739876613466,0.28360461265115233,0.20435224002614358
2024-02-11,-74.56154555141036,4.985739876613466,0.21565621155905823,0.16739533447389168
2024-02-27,-74.56154555141036,4.985739876613466,0.18882137386936582,0.15836556666014062
2024-03-14,-74.56154555141036,4.985739876613466,0.15352859602290123,0.08719871507590643
2024-03-30,-74.56154555141036,4.985739876613466,0.16173685389245668,0.12250736387804277
2024-04-15,-74.56154555141036,4.985739876613466,0.1541125571541924,0.08782934663163912
2024-05-01,-74.56154555141036,4.985739876613466,0.2079993862998938,0.14084392837862114
2024-05-17,-74.56154555141036,4.985739876613466,0.2132429943833868,0.17923907163382136
2024-06-02,-74.56154555141036,4.985739876613466,0.2772512048078215,0.2309346356831733
2024-06-18,-74.56154555141036,4.985739876613466,0.34411674140264414,0.26398273329308913
2024-07-04,-74.56154555141036,4.985739876613466,0.3949989088008882,0.2431459367097522
2024-07-20,-74.56154555141036,4.985739876613466,0.42999872277440887,0.3199848528864322
2024-08-05,-74.56154555141036,4.985739876613466,0.5073252079476175,0.34470042551295066
2024-08-21,-74.56154555141036,4.985739876613466,0.5364801146276206,0.3799148042264348
2024-09-06,-74.56154555141036,4.985739876613466,0.5671629849681313,0.42498422301210204
2024-09-22,-74.56154555141036,4.985739876613466,0.5877775584474787,0.4621696274393594
2024-10-08,-74.56154555141036,4.985739876613466,0.5772560248168975,0.45014989039208464
2024-10-24,-74.56154555141036,4.985739876613466,0.5413340257210375,0.46246286751612103
2024-11-09,-74.56154555141036,4.985739876613466,0.49081277690981223,0.3575544671241727
2024-11-25,-74.56154555141036,4.985739876613466,0.489147286837116,0.38191489122505684
2024-12-11,-74.56154555141036,4.985739876613466,0.42920353047209797,0.3354090210139356
2024-12-27,-74.56154555141036,4.985739876613466,0.3224194756350027,0.27360058061700865
2015-01-01,-75.02739852326656,4.9315281134806535,0.6262667763497795,0.47604149131171153
2015-01-17,-75.02739852326656,4.9315281134806535,0.5660667392177524,0.40337122064868447
2015-02-02,-75.02739852326656,4.9315281134806535,0.4905576437939344,0.36431489188686395
2015-02-18,-75.02739852326656,4.9315281134806535,0.42863856199801253,0.34126486140717877
2015-03-06,-75.02739852326656,4.9315281134806535,0.3483615176463116,0.23574769246696173
2015-03-22,-75.02739852326656,4.9315281134806535,0.2792390636063386,0.2616508222729392
2015-04-07,-75.02739852326656,4.9315281134806535,0.25200483718331157,0.12951563663232968
2015-04-23,-75.02739852326656,4.9315281134806535,0.17698294679153098,0.15137960059875513
2015-05-09,-75.02739852326656,4.9315281134806535,0.14660421501028492,0.10075134285483602
2015-05-25,-75.02739852326656,4.9315281134806535,0.13926908441879607,0.1154956030227901
2015-06-10,-75.02739852326656,4.9315281134806535,0.13624485811479256,0.12595741661828183
2015-06-26,-75.02739852326656,4.9315281134806535,0.1918475432200474,0.12518517193280457
2015-07-12,-75.02739852326656,4.9315281134806535,0.2658104339217888,0.1684552073391088
2015-07-28,-75.02739852326656,4.9315281134806535,0.295382208306702,0.21010315492432322
2015-08-13,-75.02739852326656,4.9315281134806535,0.42057383853729946,0.3017299635301857
2015-08-29,-75.02739852326656,4.9315281134806535,0.4084820599965061,0.29472524269179673
2015-09-14,-75.02739852326656,4.9315281134806535,0.5316868206033997,0.4144468063842219
2015-09-30,-75.02739852326656,4.9315281134806535,0.6308574488121765,0.50128103802885
2015-10-16,-75.02739852326656,4.9315281134806535,0.6388620659515144,0.46131824011214023
2015-11-01,-75.02739852326656,4.9315281134806535,0.7006349606496571,0.5181049494807182
2015-11-17,-75.02739852326656,4.9315281134806535,0.6688244739363384,0.49327687940917236
2015-12-03,-75.02739852326656,4.9315281134806535,0.6505146965691355,0.4785856206034321
2015-12-19,-75.02739852326656,4.9315281134806535,0.6446952644594559,0.4981345804608343
2016-01-04,-75.02739852326656,4.9315281134806535,0.5975919938645745,0.42284481056166057
2016-01-20,-75.02739852326656,4.9315281134806535,0.5147910846371764,0.3902847084283446
2016-02-05,-75.02739852326656,4.9315281134806535,0.47975712518015773,0.34873158966085493
2016-02-21,-75.02739852326656,4.9315281134806535,0.3954871964669962,0.30438513600623057
2016-03-08,-75.02739852326656,4.9315281134806535,0.35981078019987917,0.2542551934670296
2016-03-24,-75.02739852326656,4.9315281134806535,0.2670638007229282,0.2194632586223026
2016-04-09,-75.02739852326656,4.9315281134806535,0.19420073928091638,0.14533791216942119
2016-04-25,-75.02739852326656,4.9315281134806535,0.16874020659309502,0.1003292502439509
2016-05-11,-75.02739852326656,4.9315281134806535,0.15101907750553845,0.11389520170124247
2016-05-27,-75.02739852326656,4.9315281134806535,0.15691882892486914,0.0939513922004376
2016-06-12,-75.02739852326656,4.9315281134806535,0.16434174967808204,0.1508909935316777
2016-06-28,-75.02739852326656,4.9315281134806535,0.24279330512828123,0.20769756422564312
2016-07-14,-75.02739852326656,4.9315281134806535,0.23078187406072637,0.1821074591864173
2016-07-30,-75.02739852326656,4.9315281134806535,0.309718129512626,0.23796660899706792
2016-08-15,-75.02739852326656,4.9315281134806535,0.3760680711408638,0.24778158451860183
2016-08-31,-75.02739852326656,4.9315281134806535,0.45838959831529713,0.3582442526686731
2016-09-16,-75.02739852326656,4.9315281134806535,0.5408829365102834,0.41372115958099964
2016-10-02,-75.02739852326656,4.9315281134806535,0.6001035125710721,0.4581681839252183
2016-10-18,-75.02739852326656,4.9315281134806535,0.6532586947837794,0.48445039250874217
2016-11-03,-75.02739852326656,4.9315281134806535,0.6739218111268096,0.5403065258425009
2016-11-19,-75.02739852326656,4.9315281134806535,0.6851727811465964,0.5147308557890257
2016-12-05,-75.02739852326656,4.9315281134806535,0.6741716752231973,0.5012705860510737
2016-12-21,-75.02739852326656,4.9315281134806535,0.6336726190820373,0.4794280347988366
2017-01-06,-75.02739852326656,4.9315281134806535,0.588639485033714,0.43856931518574116
2017-01-22,-75.02739852326656,4.9315281134806535,0.5229367587891228,0.3943628051825285
2017-02-07,-75.02739852326656,4.9315281134806535,0.48096158983597576,0.35648289517876347
2017-02-23,-75.02739852326656,4.9315281134806535,0.35541486311596127,0.27836857821808036
2017-03-11,-75.02739852326656,4.9315281134806535,0.3256202370840925,0.22435054881280017
2017-03-27,-75.02739852326656,4.9315281134806535,0.27310055384912013,0.17685691137252316
2017-04-12,-75.02739852326656,4.9315281134806535,0.2246899982634613,0.1673701663046517
2017-04-28,-75.02739852326656,4.9315281134806535,0.12033891093216827,0.09382077494439095
2017-05-14,-75.02739852326656,4.9315281134806535,0.13818385877818043,0.09250090824717261
2017-05-30,-75.02739852326656,4.9315281134806535,0.13226486084404687,0.0966543298158377
2017-06-15,-75.02739852326656,4.9315281134806535,0.15809380162322947,0.08143654635365438
2017-07-01,-75.02739852326656,4.9315281134806535,0.23251736240237247,0.16950086868254327
2017-07-17,-75.02739852326656,4.9315281134806535,0.24725508354022047,0.16287283900425872
2017-08-02,-75.02739852326656,4.9315281134806535,0.3435332888234097,0.2316813272356268
2017-08-18,-75.02739852326656,4.9315281134806535,0.4034381891453211,0.29090566182151917
2017-09-03,-75.02739852326656,4.9315281134806535,0.4638290557260096,0.32580060117498916
2017-09-19,-75.02739852326656,4.9315281134806535,0.5309027550917915,0.3983533141489808
2017-10-05,-75.02739852326656,4.9315281134806535,0.6071805584365464,0.4396735692017502
2017-10-21,-75.02739852326656,4.9315281134806535,0.6455542916981549,0.5019348073930247
2017-11-06,-75.02739852326656,4.9315281134806535,0.6413680258422789,0.48090063990987203
2017-11-22,-75.02739852326656,4.9315281134806535,0.6631475110431163,0.47630694984000665
2017-12-08,-75.02739852326656,4.9315281134806535,0.6746524143417165,0.4950842813829362
2017-12-24,-75.02739852326656,4.9315281134806535,0.6130512035606516,0.4862740665118885
2018-01-09,-75.02739852326656,4.9315281134806535,0.6068458312929751,0.4164882543425479
2018-01-25,-75.02739852326656,4.9315281134806535,0.496803376895862,0.38447167409827016
2018-02-10,-75.02739852326656,4.9315281134806535,0.44991862486449774,0.36745046153547245
2018-02-26,-75.02739852326656,4.9315281134806535,0.39407093025180495,0.30154250816593364
2018-03-14,-75.02739852326656,4.9315281134806535,0.28980758795206846,0.22718449686134076
2018-03-30,-75.02739852326656,4.9315281134806535,0.2209924946698094,0.1918492616705584
2018-04-15,-75.02739852326656,4.9315281134806535,0.2037803877784407,0.13633867929867866
2018-05-01,-75.02739852326656,4.9315281134806535,0.17668521795708528,0.17734441125054068
2018-05-17,-75.02739852326656,4.9315281134806535,0.14053680552215916,0.11641086793544522
2018-06-02,-75.02739852326656,4.9315281134806535,0.14077714904759586,0.1072899061380638
2018-06-18,-75.02739852326656,4.9315281134806535,0.1436796701770928,0.10774916236270228
2018-07-04,-75.02739852326656,4.9315281134806535,0.21715245390095567,0.19884429596261172
2018-07-20,-75.02739852326656,4.9315281134806535,0.23768285819904494,0.17264447446712813
2018-08-05,-75.02739852326656,4.9315281134806535,0.3671732137020246,0.2705444803605433
2018-08-21,-75.02739852326656,4.9315281134806535,0.41122492738523264,0.291753515041281
2018-09-06,-75.02739852326656,4.9315281134806535,0.46913244562011613,0.3153322588984241
2018-09-22,-75.02739852326656,4.9315281134806535,0.5427120648964223,0.3872469475700743
2018-10-08,-75.02739852326656,4.9315281134806535,0.6144588192872712,0.44509075041697876
2018-10-24,-75.02739852326656,4.9315281134806535,0.6443159369215669,0.474192844830022
2018-11-09,-75.02739852326656,4.9315281134806535,0.6766105148440094,0.4968874410049102
2018-11-25,-75.02739852326656,4.9315281134806535,0.6600765150076167,0.49677271513466925
2018-12-11,-75.02739852326656,4.9315281134806535,0.6861908670270309,0.5172124741860886
2018-12-27,-75.02739852326656,4.9315281134806535,0.6172059243525577,0.4604415151625458
2019-01-12,-75.02739852326656,4.9315281134806535,0.5366544200232394,0.3997027600266523
2019-01-28,-75.02739852326656,4.9315281134806535,0.505528241439787,0.36047697391971
2019-02-13,-75.02739852326656,4.9315281134806535,0.426799495632693,0.3118949316937268
2019-03-01,-75.02739852326656,4.9315281134806535,0.3878390584352687,0.3127205021620534
2019-03-17,-75.02739852326656,4.9315281134806535,0.2789851838896034,0.1988773404523347
2019-04-02,-75.02739852326656,4.9315281134806535,0.22597310959553296,0.1856707425076522
2019-04-18,-75.02739852326656,4.9315281134806535,0.19038446574783532,0.14464414656369734
2019-05-04,-75.02739852326656,4.9315281134806535,0.16686597273371695,0.11322121138206909
2019-05-20,-75.02739852326656,4.9315281134806535,0.17146378319269848,0.12856294424611983
2019-06-05,-75.02739852326656,4.9315281134806535,0.1353932444809017,0.09695212848471947
2019-06-21,-75.02739852326656,4.9315281134806535,0.2051280248903351,0.1453431759480759
2019-07-07,-75.02739852326656,4.9315281134806535,0.2450020720671079,0.1712446381949005
2019-07-23,-75.02739852326656,4.9315281134806535,0.27033110103810976,0.21594027399046817
2019-08-08,-75.02739852326656,4.9315281134806535,0.3374151036954608,0.26951213277482955
2019-08-24,-75.02739852326656,4.9315281134806535,0.4355737695344258,0.3092084484614675
2019-09-09,-75.02739852326656,4.9315281134806535,0.4996039803032298,0.3637274994162316
2019-09-25,-75.02739852326656,4.9315281134806535,0.5738842934508804,0.46816918498726867
2019-10-11,-75.02739852326656,4.9315281134806535,0.613777391492223,0.4710085690963374
2019-10-27,-75.02739852326656,4.9315281134806535,0.6602895785034004,0.4956983379388139
2019-11-12,-75.02739852326656,4.9315281134806535,0.6765180673392273,0.49024020157738935
2019-11-28,-75.02739852326656,4.9315281134806535,0.6864492444058796,0.5090620983060219
2019-12-14,-75.02739852326656,4.9315281134806535,0.641483299234381,0.5013959396707517
2019-12-30,-75.02739852326656,4.9315281134806535,0.6228211652381552,0.46255389478175163
2020-01-15,-75.02739852326656,4.9315281134806535,0.5932527599898489,0.4082179392817267
2020-01-31,-75.02739852326656,4.9315281134806535,0.5259676509023337,0.37687197919402593
2020-02-16,-75.02739852326656,4.9315281134806535,0.432221153451304,0.3124045900060638
2020-03-03,-75.02739852326656,4.9315281134806535,0.3358961569895808,0.2781998482615543
2020-03-19,-75.02739852326656,4.9315281134806535,0.32228328285292207,0.23728794912666998
2020-04-04,-75.02739852326656,4.9315281134806535,0.23232453241928142,0.17538322434771106
2020-04-20,-75.02739852326656,4.9315281134806535,0.21482310519251457,0.11885431994531523
2020-05-06,-75.02739852326656,4.9315281134806535,0.15991770234290806,0.10539575047430239
2020-05-22,-75.02739852326656,4.9315281134806535,0.0970810129841534,0.06560015778953024
2020-06-07,-75.02739852326656,4.9315281134806535,0.19326536602043642,0.13182804070731932
2020-06-23,-75.02739852326656,4.9315281134806535,0.20359040486564442,0.17666624759050065
2020-07-09,-75.02739852326656,4.9315281134806535,0.23598615118359942,0.1793987257559254
2020-07-25,-75.02739852326656,4.9315281134806535,0.2637200290191872,0.18346674450093745
2020-08-10,-75.02739852326656,4.9315281134806535,0.38667390418993874,0.2912190100831954
2020-08-26,-75.02739852326656,4.9315281134806535,0.44973671197643217,0.33996568557598517
2020-09-11,-75.02739852326656,4.9315281134806535,0.5578870489089969,0.40980489005797566
2020-09-27,-75.02739852326656,4.9315281134806535,0.6102115697670214,0.4603287417694007
2020-10-13,-75.02739852326656,4.9315281134806535,0.6636143697540327,0.4732112155303615
2020-10-29,-75.02739852326656,4.9315281134806535,0.668729338114712,0.4936732679075646
2020-11-14,-75.02739852326656,4.9315281134806535,0.6841491025598184,0.5375593521731864
2020-11-30,-75.02739852326656,4.9315281134806535,0.6850461828750758,0.5381922909568456
2020-12-16,-75.02739852326656,4.9315281134806535,0.6402560870020483,0.4637353761010619
2021-01-01,-75.02739852326656,4.9315281134806535,0.6151464747808988,0.4605868125178524
2021-01-17,-75.02739852326656,4.9315281134806535,0.555028595891285,0.39709881240505
2021-02-02,-75.02739852326656,4.9315281134806535,0.5156700580073444,0.3794957994928386
2021-02-18,-75.02739852326656,4.9315281134806535,0.4472539236081175,0.3356953100101693
2021-03-06,-75.02739852326656,4.9315281134806535,0.3583205778224202,0.27989462622608885
2021-03-22,-75.02739852326656,4.9315281134806535,0.26060199260798617,0.2027955528870394
2021-04-07,-75.02739852326656,4.9315281134806535,0.25765138953289796,0.1982707872116806
2021-04-23,-75.02739852326656,4.9315281134806535,0.1937416185088276,0.15917165077346437
2021-05-09,-75.02739852326656,4.9315281134806535,0.15639174842894424,0.12102338567620312
2021-05-25,-75.02739852326656,4.9315281134806535,0.15555467990289185,0.13193166085668115
2021-06-10,-75.02739852326656,4.9315281134806535,0.1321709764612713,0.10407429012788257
2021-06-26,-75.02739852326656,4.9315281134806535,0.18928584543906243,0.13413384720626265
2021-07-12,-75.02739852326656,4.9315281134806535,0.2692427182743864,0.18726911374451272
2021-07-28,-75.02739852326656,4.9315281134806535,0.2785910290405336,0.22485759628811733
2021-08-13,-75.02739852326656,4.9315281134806535,0.349287122641499,0.223406480421953
2021-08-29,-75.02739852326656,4.9315281134806535,0.46974671820630753,0.3554844836659804
2021-09-14,-75.02739852326656,4.9315281134806535,0.5320302062026797,0.3901741031564174
2021-09-30,-75.02739852326656,4.9315281134806535,0.5576385323111407,0.39451315496100214
2021-10-16,-75.02739852326656,4.9315281134806535,0.6296598360845856,0.44679681990507836
2021-11-01,-75.02739852326656,4.9315281134806535,0.674295470163623,0.4964724438620289
2021-11-17,-75.02739852326656,4.9315281134806535,0.6856883396079366,0.517369217270481
2021-12-03,-75.02739852326656,4.9315281134806535,0.6832964524355623,0.5224619898724516
2021-12-19,-75.02739852326656,4.9315281134806535,0.6424794192434393,0.4855389497652561
2022-01-04,-75.02739852326656,4.9315281134806535,0.6100739231349983,0.40897763616938143
2022-01-20,-75.02739852326656,4.9315281134806535,0.5597970426595001,0.42284662591903016
2022-02-05,-75.02739852326656,4.9315281134806535,0.4895855854156447,0.34145231715278823
2022-02-21,-75.02739852326656,4.9315281134806535,0.3985208621735898,0.27706005749888074
2022-03-09,-75.02739852326656,4.9315281134806535,0.3468918826503497,0.2320665811463924
2022-03-25,-75.02739852326656,4.9315281134806535,0.24671264836017312,0.19572076883556946
2022-04-10,-75.02739852326656,4.9315281134806535,0.19713553443931642,0.12928383769370613
2022-04-26,-75.02739852326656,4.9315281134806535,0.187634507245652,0.15968011556607636
2022-05-12,-75.02739852326656,4.9315281134806535,0.16209052546104596,0.13854208757459036
2022-05-28,-75.02739852326656,4.9315281134806535,0.14118555835418686,0.10179730927290784
2022-06-13,-75.02739852326656,4.9315281134806535,0.1511807164021855,0.11674012065595868
2022-06-29,-75.02739852326656,4.9315281134806535,0.19068534194351852,0.13435268233909936
2022-07-15,-75.02739852326656,4.9315281134806535,0.2663213128533892,0.2234317695503295
2022-07-31,-75.02739852326656,4.9315281134806535,0.32734626609725015,0.281396016877789
2022-08-16,-75.02739852326656,4.9315281134806535,0.37740209381574735,0.24629207757762533
2022-09-01,-75.02739852326656,4.9315281134806535,0.47957250088108483,0.34424270460787904
2022-09-17,-75.02739852326656,4.9315281134806535,0.5296490965652999,0.36184089222155247
2022-10-03,-75.02739852326656,4.9315281134806535,0.5777923011645679,0.4032996775418412
2022-10-19,-75.02739852326656,4.9315281134806535,0.6339823943336392,0.46759576587257046
2022-11-04,-75.02739852326656,4.9315281134806535,0.6740632081293814,0.5303418653841395
2022-11-20,-75.02739852326656,4.9315281134806535,0.69587028586453,0.48945932167418793
2022-12-06,-75.02739852326656,4.9315281134806535,0.6842742937909265,0.515440814292024
2022-12-22,-75.02739852326656,4.9315281134806535,0.6404232097157314,0.47986341668805405
2023-01-07,-75.02739852326656,4.9315281134806535,0.5994618913419834,0.4357586826862162
2023-01-23,-75.02739852326656,4.9315281134806535,0.5309838984838477,0.4219167063407225
2023-02-08,-75.02739852326656,4.9315281134806535,0.45066052900918496,0.3173976372333868
2023-02-24,-75.02739852326656,4.9315281134806535,0.3897284913536996,0.26968503938014776
2023-03-12,-75.02739852326656,4.9315281134806535,0.28440860553060976,0.20641711060646098
2023-03-28,-75.02739852326656,4.9315281134806535,0.2828508795197336,0.21136607772226235
2023-04-13,-75.02739852326656,4.9315281134806535,0.20447545328499797,0.11075362280072598
2023-04-29,-75.02739852326656,4.9315281134806535,0.17269650435811387,0.13138969549478124
2023-05-15,-75.02739852326656,4.9315281134806535,0.13245725515526083,0.10294395079449309
2023-05-31,-75.02739852326656,4.9315281134806535,0.1511413399181009,0.09216624637141696
2023-06-16,-75.02739852326656,4.9315281134806535,0.17637162759745761,0.1562214291486363
2023-07-02,-75.02739852326656,4.9315281134806535,0.20552558632654394,0.1367923056961658
2023-07-18,-75.02739852326656,4.9315281134806535,0.26219524739625866,0.21373869944848256
2023-08-03,-75.02739852326656,4.9315281134806535,0.3079995382462137,0.24257081886034387
2023-08-19,-75.02739852326656,4.9315281134806535,0.3918273961585398,0.29871180874649955
2023-09-04,-75.02739852326656,4.9315281134806535,0.4675530795001334,0.3393244705234688
2023-09-20,-75.02739852326656,4.9315281134806535,0.5778069236045511,0.4051734608927435
2023-10-06,-75.02739852326656,4.9315281134806535,0.6154469122750621,0.4962116724247223
2023-10-22,-75.02739852326656,4.9315281134806535,0.6633319439276486,0.4708770175649528
2023-11-07,-75.02739852326656,4.9315281134806535,0.6500512652786155,0.4725059414260336
2023-11-23,-75.02739852326656,4.9315281134806535,0.6851173029700979,0.5183568311093545
2023-12-09,-75.02739852326656,4.9315281134806535,0.6425432654017006,0.46445229988233616
2023-12-25,-75.02739852326656,4.9315281134806535,0.6185613660185185,0.46030608835159104
2024-01-10,-75.02739852326656,4.9315281134806535,0.6245961472317373,0.449783369111334
2024-01-26,-75.02739852326656,4.9315281134806535,0.5025324149186697,0.35423650528612544
2024-02-11,-75.02739852326656,4.9315281134806535,0.46374619923882565,0.3469828175020172
2024-02-27,-75.02739852326656,4.9315281134806535,0.3592237604515107,0.2621619086630664
2024-03-14,-75.02739852326656,4.9315281134806535,0.2901500559895014,0.22353036761591094
2024-03-30,-75.02739852326656,4.9315281134806535,0.2965835290993281,0.2334549349383408
2024-04-15,-75.02739852326656,4.9315281134806535,0.19079113427236577,0.12979384095451527
2024-05-01,-75.02739852326656,4.9315281134806535,0.132164550975371,0.11379720785958895
2024-05-17,-75.02739852326656,4.9315281134806535,0.15816223804618845,0.10929965860082522
2024-06-02,-75.02739852326656,4.9315281134806535,0.17463521517732955,0.13139855016069885
2024-06-18,-75.02739852326656,4.9315281134806535,0.19147119468773052,0.14952733605645813
2024-07-04,-75.02739852326656,4.9315281134806535,0.21592443385378116,0.14284563316418614
2024-07-20,-75.02739852326656,4.9315281134806535,0.2746528733350204,0.22283066837916227
2024-08-05,-75.02739852326656,4.9315281134806535,0.3357232210591362,0.2605872437064157
2024-08-21,-75.02739852326656,4.9315281134806535,0.3976291257549668,0.31382301103883226
2024-09-06,-75.02739852326656,4.9315281134806535,0.49848332156413416,0.3498202759963706
2024-09-22,-75.02739852326656,4.9315281134806535,0.5547291862557031,0.43467570787814475
2024-10-08,-75.02739852326656,4.9315281134806535,0.590008686729345,0.4210875102745101
2024-10-24,-75.02739852326656,4.9315281134806535,0.6545542729911202,0.5335823193519841
2024-11-09,-75.02739852326656,4.9315281134806535,0.6649503610390264,0.5086182507709797
2024-11-25,-75.02739852326656,4.9315281134806535,0.6860722739292867,0.5027638074416542
2024-12-11,-75.02739852326656,4.9315281134806535,0.6663837928081796,0.49083115136423555
2024-12-27,-75.02739852326656,4.9315281134806535,0.6194554017844097,0.43136611328284463
2015-01-01,-74.96448926869417,4.602103408047615,0.07039242311527161,0.051603491209849306
2015-01-17,-74.96448926869417,4.602103408047615,0.05,0.027774725692771923
2015-02-02,-74.96448926869417,4.602103408047615,0.05,0.032158422198033484
2015-02-18,-74.96448926869417,4.602103408047615,0.05,0.07180842195598466
2015-03-06,-74.96448926869417,4.602103408047615,0.05,0.020202920397240465
2015-03-22,-74.96448926869417,4.602103408047615,0.05,0.033368958255908555
2015-04-07,-74.96448926869417,4.602103408047615,0.13581104880010142,0.09744595986618831
2015-04-23,-74.96448926869417,4.602103408047615,0.2294110053131789,0.1684357449998404
2015-05-09,-74.96448926869417,4.602103408047615,0.34310777397978665,0.22538567003072674
2015-05-25,-74.96448926869417,4.602103408047615,0.47394192145219755,0.3332067721246739
2015-06-10,-74.96448926869417,4.602103408047615,0.5651925381091819,0.41845072368850733
2015-06-26,-74.96448926869417,4.602103408047615,0.640729540813594,0.47572511749079255
2015-07-12,-74.96448926869417,4.602103408047615,0.721089587465453,0.5499676814647076
2015-07-28,-74.96448926869417,4.602103408047615,0.7837816093148051,0.6159951846380514
2015-08-13,-74.96448926869417,4.602103408047615,0.7860776053846978,0.6238316888218896
2015-08-29,-74.96448926869417,4.602103408047615,0.7670488978513001,0.5968354806335336
2015-09-14,-74.96448926869417,4.602103408047615,0.7295079116847777,0.5361468411350759
2015-09-30,-74.96448926869417,4.602103408047615,0.6536341647989654,0.5002890611494065
2015-10-16,-74.96448926869417,4.602103408047615,0.5571197595548153,0.4260969500260626
2015-11-01,-74.96448926869417,4.602103408047615,0.4684571543828317,0.3508754029472059
2015-11-17,-74.96448926869417,4.602103408047615,0.279326994368534,0.24306064880626793
2015-12-03,-74.96448926869417,4.602103408047615,0.22149046482537638,0.14965224420238632
2015-12-19,-74.96448926869417,4.602103408047615,0.10472980451898756,0.07181843534256777
2016-01-04,-74.96448926869417,4.602103408047615,0.05,0.022759810722306182
2016-01-20,-74.96448926869417,4.602103408047615,0.05,0.04809485648119645
2016-02-05,-74.96448926869417,4.602103408047615,0.05,0.05391143196029803
2016-02-21,-74.96448926869417,4.602103408047615,0.05,0.02995179937106523
2016-03-08,-74.96448926869417,4.602103408047615,0.05,0.046029648084605745
2016-03-24,-74.96448926869417,4.602103408047615,0.05,0.028985398589017664
2016-04-09,-74.96448926869417,4.602103408047615,0.15401574229310422,0.13731766182183033
2016-04-25,-74.96448926869417,4.602103408047615,0.239970717034584,0.1560748941603635
2016-05-11,-74.96448926869417,4.602103408047615,0.3440978663348882,0.22924677706104873
2016-05-27,-74.96448926869417,4.602103408047615,0.46419376215795927,0.3532533838438978
2016-06-12,-74.96448926869417,4.602103408047615,0.562754300204469,0.42689994960101585
2016-06-28,-74.96448926869417,4.602103408047615,0.666832928612979,0.5052619373178768
2016-07-14,-74.96448926869417,4.602103408047615,0.7028293234024431,0.5220567060415785
2016-07-30,-74.96448926869417,4.602103408047615,0.7763069626861073,0.6138044574407006
2016-08-15,-74.96448926869417,4.602103408047615,0.7736973962268741,0.5912898511791178
2016-08-31,-74.96448926869417,4.602103408047615,0.7766692460604325,0.5785693805778732
2016-09-16,-74.96448926869417,4.602103408047615,0.7324990238411145,0.5734177445094538
2016-10-02,-74.96448926869417,4.602103408047615,0.6617546696407414,0.5054846456102667
2016-10-18,-74.96448926869417,4.602103408047615,0.5858398480343362,0.42707422377046533
2016-11-03,-74.96448926869417,4.602103408047615,0.47268251522962657,0.3698778761953886
2016-11-19,-74.96448926869417,4.602103408047615,0.34382041928741935,0.2514645593747303
2016-12-05,-74.96448926869417,4.602103408047615,0.22449406667221802,0.19691003327745077
2016-12-21,-74.96448926869417,4.602103408047615,0.0884768750367749,0.06309113064127278
2017-01-06,-74.96448926869417,4.602103408047615,0.05,0.033933340463016874
2017-01-22,-74.96448926869417,4.602103408047615,0.05,0.03314464624066531
2017-02-07,-74.96448926869417,4.602103408047615,0.05,0.07185607013594397
2017-02-23,-74.96448926869417,4.602103408047615,0.05,0.0486147660319881
2017-03-11,-74.96448926869417,4.602103408047615,0.05,0.03074205826590821
2017-03-27,-74.96448926869417,4.602103408047615,0.06550947880393523,0.05465175325125139
2017-04-12,-74.96448926869417,4.602103408047615,0.12190241297266992,0.07080022264777948
2017-04-28,-74.96448926869417,4.602103408047615,0.2556296497239914,0.19371028785262887
2017-05-14,-74.96448926869417,4.602103408047615,0.3500286532518255,0.2466339671417922
2017-05-30,-74.96448926869417,4.602103408047615,0.47464364480292154,0.37370575266185657
2017-06-15,-74.96448926869417,4.602103408047615,0.5789111594427533,0.4666379861947779
2017-07-01,-74.96448926869417,4.602103408047615,0.6544485959053564,0.49469864295811383
2017-07-17,-74.96448926869417,4.602103408047615,0.7264978339070026,0.5566325943585141
2017-08-02,-74.96448926869417,4.602103408047615,0.7555490154822385,0.605209716691554
2017-08-18,-74.96448926869417,4.602103408047615,0.744509717170631,0.5926918926715781
2017-09-03,-74.96448926869417,4.602103408047615,0.7562687719504253,0.5782500705977572
2017-09-19,-74.96448926869417,4.602103408047615,0.7281104635333826,0.5632360775533584
2017-10-05,-74.96448926869417,4.602103408047615,0.6085732504828624,0.4684317289673988
2017-10-21,-74.96448926869417,4.602103408047615,0.5629782915336625,0.40448788440703043
2017-11-06,-74.96448926869417,4.602103408047615,0.4585067275043627,0.3515940953476433
2017-11-22,-74.96448926869417,4.602103408047615,0.2942908759780146,0.20285236929134587
2017-12-08,-74.96448926869417,4.602103408047615,0.19014681570875688,0.10350454516015775
2017-12-24,-74.96448926869417,4.602103408047615,0.09097173100201915,0.06297025337440212
2018-01-09,-74.96448926869417,4.602103408047615,0.05,0.0524569038980872
2018-01-25,-74.96448926869417,4.602103408047615,0.05,0.02478410910771145
2018-02-10,-74.96448926869417,4.602103408047615,0.05,0.044602149466316944
2018-02-26,-74.96448926869417,4.602103408047615,0.05,0.02348049823824845
2018-03-14,-74.96448926869417,4.602103408047615,0.05,0.036486480848674854
2018-03-30,-74.96448926869417,4.602103408047615,0.05387004110840414,0.03463243696115789
2018-04-15,-74.96448926869417,4.602103408047615,0.17876698904552385,0.14551800698207304
2018-05-01,-74.96448926869417,4.602103408047615,0.26817667237944415,0.21466796018030265
2018-05-17,-74.96448926869417,4.602103408047615,0.365887420435361,0.2554358085626542
2018-06-02,-74.96448926869417,4.602103408047615,0.49179050758433984,0.3987942034099976
2018-06-18,-74.96448926869417,4.602103408047615,0.6016360297867029,0.44571970614671175
2018-07-04,-74.96448926869417,4.602103408047615,0.7133800289085707,0.5292962529773573
2018-07-20,-74.96448926869417,4.602103408047615,0.787547492905388,0.580434957206626
2018-08-05,-74.96448926869417,4.602103408047615,0.7546533870768957,0.5626628008106342
2018-08-21,-74.96448926869417,4.602103408047615,0.771206116703299,0.5622501880004886
2018-09-06,-74.96448926869417,4.602103408047615,0.7986938461402086,0.6053929159612614
2018-09-22,-74.96448926869417,4.602103408047615,0.6977989261051702,0.5141116092361393
2018-10-08,-74.96448926869417,4.602103408047615,0.5945958572729347,0.46645806006905505
2018-10-24,-74.96448926869417,4.602103408047615,0.4722522624108118,0.33133190735230145
2018-11-09,-74.96448926869417,4.602103408047615,0.38999416390326347,0.3195165690401338
2018-11-25,-74.96448926869417,4.602103408047615,0.27452709067490716,0.21421834915166432
2018-12-11,-74.96448926869417,4.602103408047615,0.17606729665468462,0.15797564074974965
2018-12-27,-74.96448926869417,4.602103408047615,0.05176027377872529,0.05353946940849951
2019-01-12,-74.96448926869417,4.602103408047615,0.05,0.05599768387838816
2019-01-28,-74.96448926869417,4.602103408047615,0.05,0.037987861397256774
2019-02-13,-74.96448926869417,4.602103408047615,0.05,0.01745129057359175
2019-03-01,-74.96448926869417,4.602103408047615,0.05,0.02589177276273716
2019-03-17,-74.96448926869417,4.602103408047615,0.05,0.022361755513910148
2019-04-02,-74.96448926869417,4.602103408047615,0.08554843442148566,0.026445378726442835
2019-04-18,-74.96448926869417,4.602103408047615,0.17864602774096877,0.15445625373822672
2019-05-04,-74.96448926869417,4.602103408047615,0.30772347149673396,0.2290541648820076
2019-05-20,-74.96448926869417,4.602103408047615,0.4115973421720253,0.2921327987171358
2019-06-05,-74.96448926869417,4.602103408047615,0.5493350478289639,0.453356536002001
2019-06-21,-74.96448926869417,4.602103408047615,0.6189810985387484,0.5160495406252911
2019-07-07,-74.96448926869417,4.602103408047615,0.6821850782039101,0.4866172238515535
2019-07-23,-74.96448926869417,4.602103408047615,0.736927703375669,0.548305972230252
2019-08-08,-74.96448926869417,4.602103408047615,0.8237493284120945,0.6121888137609517
2019-08-24,-74.96448926869417,4.602103408047615,0.7557699036910621,0.5488582505767478
2019-09-09,-74.96448926869417,4.602103408047615,0.7606282971611338,0.5904172578370311
2019-09-25,-74.96448926869417,4.602103408047615,0.6650414921476668,0.461265436789207
2019-10-11,-74.96448926869417,4.602103408047615,0.565915597410901,0.4588615748081666
2019-10-27,-74.96448926869417,4.602103408047615,0.49931595829752917,0.375796196234313
2019-11-12,-74.96448926869417,4.602103408047615,0.41104510138112405,0.3474503514920734
2019-11-28,-74.96448926869417,4.602103408047615,0.26058765793292754,0.19508930823906231
2019-12-14,-74.96448926869417,4.602103408047615,0.14528295709598746,0.10327015207228789
2019-12-30,-74.96448926869417,4.602103408047615,0.05,0.007692272476318807
2020-01-15,-74.96448926869417,4.602103408047615,0.05,0.0591867401383889
2020-01-31,-74.96448926869417,4.602103408047615,0.05,0.07649924597412311
2020-02-16,-74.96448926869417,4.602103408047615,0.05,0.07224699813565073
2020-03-03,-74.96448926869417,4.602103408047615,0.05,0.006176264581590464
2020-03-19,-74.96448926869417,4.602103408047615,0.05651017159748996,0.07041994125078198
2020-04-04,-74.96448926869417,4.602103408047615,0.09025274348923745,0.061056512284979075
2020-04-20,-74.96448926869417,4.602103408047615,0.18730479141529083,0.13806805967231375
2020-05-06,-74.96448926869417,4.602103408047615,0.31681643864165654,0.23058466779893383
2020-05-22,-74.96448926869417,4.602103408047615,0.3914787238782251,0.28199145660686836
2020-06-07,-74.96448926869417,4.602103408047615,0.5505481978874085,0.40873315756363804
2020-06-23,-74.96448926869417,4.602103408047615,0.6257867838210697,0.450724556965187
2020-07-09,-74.96448926869417,4.602103408047615,0.6960029098179092,0.5501811444950712
2020-07-25,-74.96448926869417,4.602103408047615,0.735568204453181,0.5660926152735903
2020-08-10,-74.96448926869417,4.602103408047615,0.7799749987452462,0.5898774623213627
2020-08-26,-74.96448926869417,4.602103408047615,0.7540090921467673,0.558471271789117
2020-09-11,-74.96448926869417,4.602103408047615,0.727898604712302,0.5355106142420426
2020-09-27,-74.96448926869417,4.602103408047615,0.6667966681728411,0.5092462814520923
2020-10-13,-74.96448926869417,4.602103408047615,0.6136896835087942,0.46583106321884304
2020-10-29,-74.96448926869417,4.602103408047615,0.4267500059415871,0.3433228860729639
2020-11-14,-74.96448926869417,4.602103408047615,0.3483017748466024,0.30146483839368887
2020-11-30,-74.96448926869417,4.602103408047615,0.27029620306290036,0.19261680462294395
2020-12-16,-74.96448926869417,4.602103408047615,0.1533336805452182,0.10312115745395589
2021-01-01,-74.96448926869417,4.602103408047615,0.05883969072466515,0.05764946433057794
2021-01-17,-74.96448926869417,4.602103408047615,0.05,0.0554041165777248
2021-02-02,-74.96448926869417,4.602103408047615,0.05,0.08716847800162433
2021-02-18,-74.96448926869417,4.602103408047615,0.05,0.005355987366014052
2021-03-06,-74.96448926869417,4.602103408047615,0.05,0.06698015460244686
2021-03-22,-74.96448926869417,4.602103408047615,0.05,0.040681149961081846
2021-04-07,-74.96448926869417,4.602103408047615,0.1087252822650597,0.07248991211281097
2021-04-23,-74.96448926869417,4.602103408047615,0.20282940459408108,0.1615450697121626
2021-05-09,-74.96448926869417,4.602103408047615,0.3268201669347327,0.25381523275711754
2021-05-25,-74.96448926869417,4.602103408047615,0.4486470467556252,0.32796771039406103
2021-06-10,-74.96448926869417,4.602103408047615,0.5201432790085305,0.3591914673364107
2021-06-26,-74.96448926869417,4.602103408047615,0.7035791306548334,0.5572478168795912
2021-07-12,-74.96448926869417,4.602103408047615,0.7427811471022474,0.5435937241869476
2021-07-28,-74.96448926869417,4.602103408047615,0.7628045737536061,0.5557961744675411
2021-08-13,-74.96448926869417,4.602103408047615,0.753199532545846,0.5531241790018705
2021-08-29,-74.96448926869417,4.602103408047615,0.7917131462634421,0.610599767036061
2021-09-14,-74.96448926869417,4.602103408047615,0.7015325581942143,0.5198530976425113
2021-09-30,-74.96448926869417,4.602103408047615,0.6649919451501002,0.48732453095882844
2021-10-16,-74.96448926869417,4.602103408047615,0.559355447079522,0.4275535342509378
2021-11-01,-74.96448926869417,4.602103408047615,0.4589685062331764,0.34930928822868806
2021-11-17,-74.96448926869417,4.602103408047615,0.3251308042665334,0.23282861144952374
2021-12-03,-74.96448926869417,4.602103408047615,0.20476929639937044,0.12235024042948238
2021-12-19,-74.96448926869417,4.602103408047615,0.12491703559823933,0.11001296899042334
2022-01-04,-74.96448926869417,4.602103408047615,0.05,0.04295946488248515
2022-01-20,-74.96448926869417,4.602103408047615,0.05,0.0007653246235730937
2022-02-05,-74.96448926869417,4.602103408047615,0.05,0.07042420400916748
2022-02-21,-74.96448926869417,4.602103408047615,0.05,9.085701875424096e-05
2022-03-09,-74.96448926869417,4.602103408047615,0.05,0.02254526411543343
2022-03-25,-74.96448926869417,4.602103408047615,0.0664085874954454,0.03600480528956857
2022-04-10,-74.96448926869417,4.602103408047615,0.13586405423820339,0.09114718530739356
2022-04-26,-74.96448926869417,4.602103408047615,0.23868566609904895,0.1676686460960665
2022-05-12,-74.96448926869417,4.602103408047615,0.3455389411681518,0.23564210570990032
2022-05-28,-74.96448926869417,4.602103408047615,0.4725029058695446,0.3578828835750369
2022-06-13,-74.96448926869417,4.602103408047615,0.5358378651431416,0.4217367320613947
2022-06-29,-74.96448926869417,4.602103408047615,0.6549691446382123,0.4944621064033774
2022-07-15,-74.96448926869417,4.602103408047615,0.7421511626889654,0.5631782168639238
2022-07-31,-74.96448926869417,4.602103408047615,0.7914141662899999,0.5876947142733917
2022-08-16,-74.96448926869417,4.602103408047615,0.7998244989561888,0.6023268665732879
2022-09-01,-74.96448926869417,4.602103408047615,0.7692588763120899,0.5850167406900255
2022-09-17,-74.96448926869417,4.602103408047615,0.7343454753975582,0.5651873540193546
2022-10-03,-74.96448926869417,4.602103408047615,0.6252880653533206,0.45614070813499347
2022-10-19,-74.96448926869417,4.602103408047615,0.5376420200892889,0.3880294862453817
2022-11-04,-74.96448926869417,4.602103408047615,0.4091571194795208,0.26430679022367976
2022-11-20,-74.96448926869417,4.602103408047615,0.2860274174703108,0.2542286903249636
2022-12-06,-74.96448926869417,4.602103408047615,0.19447456762034723,0.18392513171168334
2022-12-22,-74.96448926869417,4.602103408047615,0.11828713993436393,0.08772019451805085
2023-01-07,-74.96448926869417,4.602103408047615,0.05,0.03759337791152098
2023-01-23,-74.96448926869417,4.602103408047615,0.05,0.06865273488033478
2023-02-08,-74.96448926869417,4.602103408047615,0.05,0.014526632681899687
2023-02-24,-74.96448926869417,4.602103408047615,0.05,0.0204481631321508
2023-03-12,-74.96448926869417,4.602103408047615,0.05,0.07013440872217519
2023-03-28,-74.96448926869417,4.602103408047615,0.07067798601364214,0.04694688079976853
2023-04-13,-74.96448926869417,4.602103408047615,0.18586174796315366,0.11982484015506614
2023-04-29,-74.96448926869417,4.602103408047615,0.2600528959444657,0.20429899194927187
2023-05-15,-74.96448926869417,4.602103408047615,0.3540413633000745,0.25281273804722976
2023-05-31,-74.96448926869417,4.602103408047615,0.468991679717638,0.38007829690799017
2023-06-16,-74.96448926869417,4.602103408047615,0.6247705084832261,0.4708737319671508
2023-07-02,-74.96448926869417,4.602103408047615,0.6678025309494195,0.48885507671219874
2023-07-18,-74.96448926869417,4.602103408047615,0.7368181965733017,0.5416092124012405
2023-08-03,-74.96448926869417,4.602103408047615,0.7705961417682623,0.5862117627862752
2023-08-19,-74.96448926869417,4.602103408047615,0.7696259097549119,0.5734276710639019
2023-09-04,-74.96448926869417,4.602103408047615,0.7482688060928666,0.5548503358751272
2023-09-20,-74.96448926869417,4.602103408047615,0.6883863752297195,0.5315337134810256
2023-10-06,-74.96448926869417,4.602103408047615,0.5821578620011024,0.46810399368085204
2023-10-22,-74.96448926869417,4.602103408047615,0.5217638519475913,0.4035232404804238
2023-11-07,-74.96448926869417,4.602103408047615,0.4235854968527446,0.303527939438947
2023-11-23,-74.96448926869417,4.602103408047615,0.2776671373334361,0.18760496730700055
2023-12-09,-74.96448926869417,4.602103408047615,0.18325092433866308,0.1514222870850179
2023-12-25,-74.96448926869417,4.602103408047615,0.0822459302838785,0.07384308051647497
2024-01-10,-74.96448926869417,4.602103408047615,0.05,0.029788655960495014
2024-01-26,-74.96448926869417,4.602103408047615,0.05,0.0340805742193413
2024-02-11,-74.96448926869417,4.602103408047615,0.05,0.024363135557248065
2024-02-27,-74.96448926869417,4.602103408047615,0.05,0.01726396059176159
2024-03-14,-74.96448926869417,4.602103408047615,0.05,0.02584794466207537
2024-03-30,-74.96448926869417,4.602103408047615,0.07244789866942598,0.007699680261341331
2024-04-15,-74.96448926869417,4.602103408047615,0.14079961319395676,0.12940069346746264
2024-05-01,-74.96448926869417,4.602103408047615,0.2920445789929247,0.19308465361590488
2024-05-17,-74.96448926869417,4.602103408047615,0.37996256503877546,0.2843884769191059
2024-06-02,-74.96448926869417,4.602103408047615,0.47961101133772704,0.3196253808330233
2024-06-18,-74.96448926869417,4.602103408047615,0.6010288131187427,0.4622237810825218
2024-07-04,-74.96448926869417,4.602103408047615,0.698860120852662,0.5416498383503394
2024-07-20,-74.96448926869417,4.602103408047615,0.7146499144232478,0.5371454740139746
2024-08-05,-74.96448926869417,4.602103408047615,0.7705134792195082,0.5761406957046873
2024-08-21,-74.96448926869417,4.602103408047615,0.7709980568072893,0.5650395789933167
2024-09-06,-74.96448926869417,4.602103408047615,0.6834677085265815,0.5358373618063496
2024-09-22,-74.96448926869417,4.602103408047615,0.6906195509164956,0.4882788674366416
2024-10-08,-74.96448926869417,4.602103408047615,0.6097931310544613,0.4483987521508166
2024-10-24,-74.96448926869417,4.602103408047615,0.4906849724954991,0.3526454373418436
2024-11-09,-74.96448926869417,4.602103408047615,0.3985937434408731,0.2829488361503309
2024-11-25,-74.96448926869417,4.602103408047615,0.2531491108469878,0.21249672934736077
2024-12-11,-74.96448926869417,4.602103408047615,0.16567956249279336,0.12130994406975086
2024-12-27,-74.96448926869417,4.602103408047615,0.09219613092916847,0.055795364179952824
2015-01-01,-74.88928830092948,5.225359615494963,0.14821351990712664,0.12209340646734317
2015-01-17,-74.88928830092948,5.225359615494963,0.07046569943117219,0.020710101602288
2015-02-02,-74.88928830092948,5.225359615494963,0.05,0.013954668791714458
2015-02-18,-74.88928830092948,5.225359615494963,0.05,0.0
2015-03-06,-74.88928830092948,5.225359615494963,0.05,0.06128067217680376
2015-03-22,-74.88928830092948,5.225359615494963,0.08883179150983703,0.05954752668278444
2015-04-07,-74.88928830092948,5.225359615494963,0.14001264193628493,0.08332440310047184
2015-04-23,-74.88928830092948,5.225359615494963,0.2592309399656204,0.1875505587823684
2015-05-09,-74.88928830092948,5.225359615494963,0.3961895429734917,0.29344688282991177
2015-05-25,-74.88928830092948,5.225359615494963,0.481154069534075,0.33309548278944884
2015-06-10,-74.88928830092948,5.225359615494963,0.5835349855402565,0.4411910672565521
2015-06-26,-74.88928830092948,5.225359615494963,0.6817588211526606,0.5016065451930107
2015-07-12,-74.88928830092948,5.225359615494963,0.774492032208058,0.6111654897872633
2015-07-28,-74.88928830092948,5.225359615494963,0.8239307563656465,0.6408317929436976
2015-08-13,-74.88928830092948,5.225359615494963,0.8568780886297064,0.6643456339656368
2015-08-29,-74.88928830092948,5.225359615494963,0.8242384164017301,0.6140402624016096
2015-09-14,-74.88928830092948,5.225359615494963,0.79354027068909,0.6060807477480971
2015-09-30,-74.88928830092948,5.225359615494963,0.7467106894336617,0.5625341408974841
2015-10-16,-74.88928830092948,5.225359615494963,0.6587974990414648,0.4828314947414711
2015-11-01,-74.88928830092948,5.225359615494963,0.5532602395514752,0.4352613685073237
2015-11-17,-74.88928830092948,5.225359615494963,0.4352489889355047,0.3291201373712528
2015-12-03,-74.88928830092948,5.225359615494963,0.3225514511467818,0.22403349905531655
2015-12-19,-74.88928830092948,5.225359615494963,0.20782706364841502,0.16188050727281372
2016-01-04,-74.88928830092948,5.225359615494963,0.08970501203901741,0.07677044408805347
2016-01-20,-74.88928830092948,5.225359615494963,0.05,0.028941634041811385
2016-02-05,-74.88928830092948,5.225359615494963,0.05,0.022885272307343874
2016-02-21,-74.88928830092948,5.225359615494963,0.05,0.03883113980872441
2016-03-08,-74.88928830092948,5.225359615494963,0.05,0.04885948917648662
2016-03-24,-74.88928830092948,5.225359615494963,0.07871833629354408,0.10479823971485194
2016-04-09,-74.88928830092948,5.225359615494963,0.17284910331203204,0.10621094458422338
2016-04-25,-74.88928830092948,5.225359615494963,0.25542232155564887,0.2145183504607027
2016-05-11,-74.88928830092948,5.225359615494963,0.3784863674660394,0.2565894994429302
2016-05-27,-74.88928830092948,5.225359615494963,0.5183840484626749,0.3804765585914445
2016-06-12,-74.88928830092948,5.225359615494963,0.6234569219305656,0.48630401196104667
2016-06-28,-74.88928830092948,5.225359615494963,0.7111723292558654,0.5812973948556056
2016-07-14,-74.88928830092948,5.225359615494963,0.7455150467208257,0.5427772835351832
2016-07-30,-74.88928830092948,5.225359615494963,0.8226471517196918,0.6622088343619313
2016-08-15,-74.88928830092948,5.225359615494963,0.8813119189445009,0.6867577565562539
2016-08-31,-74.88928830092948,5.225359615494963,0.8155589271068285,0.5981189005347128
2016-09-16,-74.88928830092948,5.225359615494963,0.7705121566606424,0.5622155797346666
2016-10-02,-74.88928830092948,5.225359615494963,0.7454756075580815,0.5542313632006443
2016-10-18,-74.88928830092948,5.225359615494963,0.6202128422761093,0.4806473674455506
2016-11-03,-74.88928830092948,5.225359615494963,0.48130065142332357,0.3620284049928755
2016-11-19,-74.88928830092948,5.225359615494963,0.378200856682979,0.27776234410106787
2016-12-05,-74.88928830092948,5.225359615494963,0.2760417973693712,0.19427173310640325
2016-12-21,-74.88928830092948,5.225359615494963,0.19044912021489063,0.14726110820901822
2017-01-06,-74.88928830092948,5.225359615494963,0.1024851076159376,0.08427751757177632
2017-01-22,-74.88928830092948,5.225359615494963,0.05,0.051131717380788554
2017-02-07,-74.88928830092948,5.225359615494963,0.05,0.027826728757242063
2017-02-23,-74.88928830092948,5.225359615494963,0.05,0.032672050790666374
2017-03-11,-74.88928830092948,5.225359615494963,0.08096668425021783,0.05945873778561158
2017-03-27,-74.88928830092948,5.225359615494963,0.07997677982627968,0.07835896620541069
2017-04-12,-74.88928830092948,5.225359615494963,0.17721109336612048,0.13858350011163975
2017-04-28,-74.88928830092948,5.225359615494963,0.27647926901918557,0.2329749180872526
2017-05-14,-74.88928830092948,5.225359615494963,0.3891934715429144,0.3198522632287365
2017-05-30,-74.88928830092948,5.225359615494963,0.49443887076802157,0.36497102536170656
2017-06-15,-74.88928830092948,5.225359615494963,0.6512137979455049,0.49177383295475546
2017-07-01,-74.88928830092948,5.225359615494963,0.7616819908296267,0.5658786841374598
2017-07-17,-74.88928830092948,5.225359615494963,0.7926678731785741,0.6326038903249069
2017-08-02,-74.88928830092948,5.225359615494963,0.8013856587021561,0.5682842433629862
2017-08-18,-74.88928830092948,5.225359615494963,0.8294266926457871,0.6383374732738067
2017-09-03,-74.88928830092948,5.225359615494963,0.7953175160591258,0.6084291181755848
2017-09-19,-74.88928830092948,5.225359615494963,0.7900747866330274,0.6328438946388097
2017-10-05,-74.88928830092948,5.225359615494963,0.7259412538696405,0.5517369451521859
2017-10-21,-74.88928830092948,5.225359615494963,0.6367865395141666,0.4883679834579223
2017-11-06,-74.88928830092948,5.225359615494963,0.4912497421861091,0.3455451910986046
2017-11-22,-74.88928830092948,5.225359615494963,0.37441416544017597,0.28000914658918963
2017-12-08,-74.88928830092948,5.225359615494963,0.27779775496873527,0.16564440426481628
2017-12-24,-74.88928830092948,5.225359615494963,0.1699530487119331,0.12803642192493872
2018-01-09,-74.88928830092948,5.225359615494963,0.10442748352913864,0.11085663029698098
2018-01-25,-74.88928830092948,5.225359615494963,0.05,0.019308742475045642
2018-02-10,-74.88928830092948,5.225359615494963,0.05,0.05124021916224764
2018-02-26,-74.88928830092948,5.225359615494963,0.05,0.054836739543226945
2018-03-14,-74.88928830092948,5.225359615494963,0.08052489839961265,0.029512178480126005
2018-03-30,-74.88928830092948,5.225359615494963,0.12795585647192062,0.12181934056072735
2018-04-15,-74.88928830092948,5.225359615494963,0.22497782437925606,0.12680577954623293
2018-05-01,-74.88928830092948,5.225359615494963,0.29204812966590776,0.19343248713442235
2018-05-17,-74.88928830092948,5.225359615494963,0.4330406364854348,0.33304700983378605
2018-06-02,-74.88928830092948,5.225359615494963,0.48243716163563527,0.3558112388001696
2018-06-18,-74.88928830092948,5.225359615494963,0.6580267712024195,0.49647959822629706
2018-07-04,-74.88928830092948,5.225359615494963,0.7343870133444574,0.5434903862739688
2018-07-20,-74.88928830092948,5.225359615494963,0.7768212281463301,0.5822748046319379
2018-08-05,-74.88928830092948,5.225359615494963,0.8376535744086246,0.6405452712131275
2018-08-21,-74.88928830092948,5.225359615494963,0.8583160306352086,0.6454542513596713
2018-09-06,-74.88928830092948,5.225359615494963,0.8426351514597323,0.6244778702320838
2018-09-22,-74.88928830092948,5.225359615494963,0.7385667789140263,0.5634661575738839
2018-10-08,-74.88928830092948,5.225359615494963,0.6910615586227455,0.5282347992806564
2018-10-24,-74.88928830092948,5.225359615494963,0.5646566792379804,0.4593084312007062
2018-11-09,-74.88928830092948,5.225359615494963,0.49332429963446744,0.3642332869058681
2018-11-25,-74.88928830092948,5.225359615494963,0.3456852196485564,0.2808069829450623
2018-12-11,-74.88928830092948,5.225359615494963,0.23239820709882944,0.21952595181996348
2018-12-27,-74.88928830092948,5.225359615494963,0.1452571520129337,0.1433529683018125
2019-01-12,-74.88928830092948,5.225359615494963,0.07727318297943471,0.08956982141098219
2019-01-28,-74.88928830092948,5.225359615494963,0.05,0.03787672757093401
2019-02-13,-74.88928830092948,5.225359615494963,0.05,0.050741542733916456
2019-03-01,-74.88928830092948,5.225359615494963,0.05,0.027750557703968712
2019-03-17,-74.88928830092948,5.225359615494963,0.06429502294044023,0.0731890387252916
2019-04-02,-74.88928830092948,5.225359615494963,0.11761436244261836,0.09966159305433181
2019-04-18,-74.88928830092948,5.225359615494963,0.21875563013160895,0.16818420473035883
2019-05-04,-74.88928830092948,5.225359615494963,0.3316565869436317,0.2329767771920245
2019-05-20,-74.88928830092948,5.225359615494963,0.4389330543532044,0.33209843580643744
2019-06-05,-74.88928830092948,5.225359615494963,0.5550211619427748,0.44772059045296597
2019-06-21,-74.88928830092948,5.225359615494963,0.6804380893577943,0.5161281769882157
2019-07-07,-74.88928830092948,5.225359615494963,0.7305973608181667,0.531467558775666
2019-07-23,-74.88928830092948,5.225359615494963,0.8469614893315263,0.6150234082772008
2019-08-08,-74.88928830092948,5.225359615494963,0.8427457180353337,0.6392782628134739
2019-08-24,-74.88928830092948,5.225359615494963,0.8360972438088146,0.6070288575650638
2019-09-09,-74.88928830092948,5.225359615494963,0.7972130616111578,0.5869796961622878
2019-09-25,-74.88928830092948,5.225359615494963,0.7402576862360278,0.5817476725406395
2019-10-11,-74.88928830092948,5.225359615494963,0.671157927438835,0.49289242355617396
2019-10-27,-74.88928830092948,5.225359615494963,0.5719936325995839,0.44235434255558626
2019-11-12,-74.88928830092948,5.225359615494963,0.45074742282929475,0.3561001930254894
2019-11-28,-74.88928830092948,5.225359615494963,0.3177324952288031,0.2617254440639306
2019-12-14,-74.88928830092948,5.225359615494963,0.23485231049180763,0.17517898583382116
2019-12-30,-74.88928830092948,5.225359615494963,0.12755790232898762,0.07111142413647244
2020-01-15,-74.88928830092948,5.225359615494963,0.05,0.02224446662100428
2020-01-31,-74.88928830092948,5.225359615494963,0.05,0.01827443155390677
2020-02-16,-74.88928830092948,5.225359615494963,0.05,0.019318693783244276
2020-03-03,-74.88928830092948,5.225359615494963,0.05,0.030589975546752947
2020-03-19,-74.88928830092948,5.225359615494963,0.07101639803514737,0.0739144254473981
2020-04-04,-74.88928830092948,5.225359615494963,0.1723347680471464,0.16936032614314622
2020-04-20,-74.88928830092948,5.225359615494963,0.20972746766489647,0.14017792234194565
2020-05-06,-74.88928830092948,5.225359615494963,0.3650398404683436,0.26469925604075717
2020-05-22,-74.88928830092948,5.225359615494963,0.48289407767053083,0.3663128268551947
2020-06-07,-74.88928830092948,5.225359615494963,0.6089949526349989,0.47760053675490294
2020-06-23,-74.88928830092948,5.225359615494963,0.699065426814017,0.5160616379366387
2020-07-09,-74.88928830092948,5.225359615494963,0.757460891645082,0.5619905995824643
2020-07-25,-74.88928830092948,5.225359615494963,0.7858395471346159,0.6188150454608725
2020-08-10,-74.88928830092948,5.225359615494963,0.8581320463790958,0.6366984923027031
2020-08-26,-74.88928830092948,5.225359615494963,0.8652472592970797,0.6363280915378666
2020-09-11,-74.88928830092948,5.225359615494963,0.7672947479906083,0.5956184560508285
2020-09-27,-74.88928830092948,5.225359615494963,0.7150049300477811,0.5323381882233562
2020-10-13,-74.88928830092948,5.225359615494963,0.6576192997372696,0.5009237816977274
2020-10-29,-74.88928830092948,5.225359615494963,0.5663517691040937,0.43638085535342047
2020-11-14,-74.88928830092948,5.225359615494963,0.44708294930998854,0.31949717634136154
2020-11-30,-74.88928830092948,5.225359615494963,0.3280264236863263,0.2159088183637426
2020-12-16,-74.88928830092948,5.225359615494963,0.24738513798744566,0.15748755701421976
2021-01-01,-74.88928830092948,5.225359615494963,0.12417527128289677,0.06675396868163691
2021-01-17,-74.88928830092948,5.225359615494963,0.05,0.037768568308641025
2021-02-02,-74.88928830092948,5.225359615494963,0.05,0.06038492516291244
2021-02-18,-74.88928830092948,5.225359615494963,0.05,0.028241805415428145
2021-03-06,-74.88928830092948,5.225359615494963,0.05,0.061894009141118714
2021-03-22,-74.88928830092948,5.225359615494963,0.09962814565539514,0.05194569136123814
2021-04-07,-74.88928830092948,5.225359615494963,0.1445744741072173,0.1179266519541004
2021-04-23,-74.88928830092948,5.225359615494963,0.2622951565843907,0.17571373661031775
2021-05-09,-74.88928830092948,5.225359615494963,0.3802391310932786,0.26736186551623103
2021-05-25,-74.88928830092948,5.225359615494963,0.5060561951663112,0.3901311294997258
2021-06-10,-74.88928830092948,5.225359615494963,0.5681104810308849,0.41550132674389545
2021-06-26,-74.88928830092948,5.225359615494963,0.6782853230863518,0.5119115267408105
2021-07-12,-74.88928830092948,5.225359615494963,0.7638743017355016,0.5499959480339905
2021-07-28,-74.88928830092948,5.225359615494963,0.7931461860350384,0.6058401062142361
2021-08-13,-74.88928830092948,5.225359615494963,0.850170778370614,0.6397388349220612
2021-08-29,-74.88928830092948,5.225359615494963,0.841847452047872,0.6190072060854033
2021-09-14,-74.88928830092948,5.225359615494963,0.8012755892598862,0.6517268032446
2021-09-30,-74.88928830092948,5.225359615494963,0.7543537754043673,0.5599971625340787
2021-10-16,-74.88928830092948,5.225359615494963,0.6307959325519227,0.4158881614641107
2021-11-01,-74.88928830092948,5.225359615494963,0.5569265715531867,0.43342703574038627
2021-11-17,-74.88928830092948,5.225359615494963,0.41082250263148157,0.2794827233160686
2021-12-03,-74.88928830092948,5.225359615494963,0.28517963563488796,0.22277268397575445
2021-12-19,-74.88928830092948,5.225359615494963,0.20207300368796058,0.16538659311811607
2022-01-04,-74.88928830092948,5.225359615494963,0.11802418806941078,0.10785331769438777
2022-01-20,-74.88928830092948,5.225359615494963,0.059583781180355,0.06126374348847986
2022-02-05,-74.88928830092948,5.225359615494963,0.05,0.012813088590050807
2022-02-21,-74.88928830092948,5.225359615494963,0.05,0.05909137569800485
2022-03-09,-74.88928830092948,5.225359615494963,0.07571684581296584,0.05350291871198682
2022-03-25,-74.88928830092948,5.225359615494963,0.08176986508190512,0.022228027926272778
2022-04-10,-74.88928830092948,5.225359615494963,0.1923099550601074,0.133228654791191
2022-04-26,-74.88928830092948,5.225359615494963,0.3342758502670874,0.2359188092996253
2022-05-12,-74.88928830092948,5.225359615494963,0.4287749023976218,0.3365485244699657
2022-05-28,-74.88928830092948,5.225359615494963,0.4807445055336923,0.365201254923141
2022-06-13,-74.88928830092948,5.225359615494963,0.6258161422391878,0.46485706282905914
2022-06-29,-74.88928830092948,5.225359615494963,0.7224427126907405,0.5581511777050286
2022-07-15,-74.88928830092948,5.225359615494963,0.7919366665913727,0.5936230325825794
2022-07-31,-74.88928830092948,5.225359615494963,0.8042673500256484,0.6016648050097316
2022-08-16,-74.88928830092948,5.225359615494963,0.8488731628167735,0.5991338546918236
2022-09-01,-74.88928830092948,5.225359615494963,0.8348261122415737,0.6241835588849773
2022-09-17,-74.88928830092948,5.225359615494963,0.7611508359477523,0.564202999146979
2022-10-03,-74.88928830092948,5.225359615494963,0.709384588475876,0.5706403320267754
2022-10-19,-74.88928830092948,5.225359615494963,0.6268451724925355,0.4908547843956936
2022-11-04,-74.88928830092948,5.225359615494963,0.5122149048141901,0.3466828482739409
2022-11-20,-74.88928830092948,5.225359615494963,0.41358512823286986,0.2970251115829015
2022-12-06,-74.88928830092948,5.225359615494963,0.2810582086487972,0.1897342315042885
2022-12-22,-74.88928830092948,5.225359615494963,0.18739284135919052,0.16184819825184193
2023-01-07,-74.88928830092948,5.225359615494963,0.12097121078718198,0.12245219824608977
2023-01-23,-74.88928830092948,5.225359615494963,0.07776980196010091,0.017409866864911215
2023-02-08,-74.88928830092948,5.225359615494963,0.05,0.001336168433468947
2023-02-24,-74.88928830092948,5.225359615494963,0.05,0.023638364324016954
2023-03-12,-74.88928830092948,5.225359615494963,0.05,0.0331680513614509
2023-03-28,-74.88928830092948,5.225359615494963,0.11509292818228355,0.05661327517658353
2023-04-13,-74.88928830092948,5.225359615494963,0.16738581661951907,0.12556528659526145
2023-04-29,-74.88928830092948,5.225359615494963,0.3193718176638586,0.23902091518287225
2023-05-15,-74.88928830092948,5.225359615494963,0.39235795693161,0.25130429409195476
2023-05-31,-74.88928830092948,5.225359615494963,0.5414967150884205,0.3914039033285057
2023-06-16,-74.88928830092948,5.225359615494963,0.6065917870996314,0.4206373357955479
2023-07-02,-74.88928830092948,5.225359615494963,0.6926279071799551,0.5002466459758893
2023-07-18,-74.88928830092948,5.225359615494963,0.7863491378999083,0.5655870193297181
2023-08-03,-74.88928830092948,5.225359615494963,0.8371479188523687,0.6229319843409145
2023-08-19,-74.88928830092948,5.225359615494963,0.8895834772417694,0.6330987456034738
2023-09-04,-74.88928830092948,5.225359615494963,0.8286026094406125,0.6249320568612784
2023-09-20,-74.88928830092948,5.225359615494963,0.7550011232592158,0.568155890393361
2023-10-06,-74.88928830092948,5.225359615494963,0.715004327406362,0.5381830752059281
2023-10-22,-74.88928830092948,5.225359615494963,0.6307917922594029,0.42954009183264535
2023-11-07,-74.88928830092948,5.225359615494963,0.47651298128332314,0.38688585690711125
2023-11-23,-74.88928830092948,5.225359615494963,0.3968910835950772,0.3084785469216336
2023-12-09,-74.88928830092948,5.225359615494963,0.29229239715067784,0.18088814028897296
2023-12-25,-74.88928830092948,5.225359615494963,0.1845715375429534,0.15971605640560352
2024-01-10,-74.88928830092948,5.225359615494963,0.07603070750283794,0.10960777298495299
2024-01-26,-74.88928830092948,5.225359615494963,0.05,0.0
2024-02-11,-74.88928830092948,5.225359615494963,0.05,0.023102799400212027
2024-02-27,-74.88928830092948,5.225359615494963,0.05,0.048458880667825964
2024-03-14,-74.88928830092948,5.225359615494963,0.05,0.06754903836525793
2024-03-30,-74.88928830092948,5.225359615494963,0.14052406218537794,0.08883464688539142
2024-04-15,-74.88928830092948,5.225359615494963,0.20767309855394603,0.16609315973074112
2024-05-01,-74.88928830092948,5.225359615494963,0.30875169121641377,0.22487578033536523
2024-05-17,-74.88928830092948,5.225359615494963,0.43049896677427874,0.3015582533999613
2024-06-02,-74.88928830092948,5.225359615494963,0.4986682330833229,0.37878387205913294
2024-06-18,-74.88928830092948,5.225359615494963,0.6083758859252523,0.43642114038104474
2024-07-04,-74.88928830092948,5.225359615494963,0.700921549366955,0.49272227306999017
2024-07-20,-74.88928830092948,5.225359615494963,0.8097999513947128,0.6029038002448331
2024-08-05,-74.88928830092948,5.225359615494963,0.8328510667982856,0.598320264426234
2024-08-21,-74.88928830092948,5.225359615494963,0.8307049002886705,0.6305577784007066
2024-09-06,-74.88928830092948,5.225359615494963,0.8172020948446945,0.6293550523543605
2024-09-22,-74.88928830092948,5.225359615494963,0.7825149103996709,0.5818417856345889
2024-10-08,-74.88928830092948,5.225359615494963,0.6458329073449567,0.4692417825273932
2024-10-24,-74.88928830092948,5.225359615494963,0.5813403371271105,0.42047551180525056
2024-11-09,-74.88928830092948,5.225359615494963,0.4508760833218908,0.3395521081758878
2024-11-25,-74.88928830092948,5.225359615494963,0.405899215286569,0.2946606502241993
2024-12-11,-74.88928830092948,5.225359615494963,0.24785620706258787,0.15965143775232116
2024-12-27,-74.88928830092948,5.225359615494963,0.17693943000764126,0.15019943337275943
2015-01-01,-74.66548233450818,5.061324571016881,0.3270552380205156,0.2009069920885035
2015-01-17,-74.66548233450818,5.061324571016881,0.21413667101552297,0.1489685420462503
2015-02-02,-74.66548233450818,5.061324571016881,0.1270248103547142,0.10343241715443911
2015-02-18,-74.66548233450818,5.061324571016881,0.05,0.04287660340990956
2015-03-06,-74.66548233450818,5.061324571016881,0.05,0.04476924972929574
2015-03-22,-74.66548233450818,5.061324571016881,0.05,0.06741931919643464
2015-04-07,-74.66548233450818,5.061324571016881,0.05,0.037957969209489295
2015-04-23,-74.66548233450818,5.061324571016881,0.05,0.08235481447179535
2015-05-09,-74.66548233450818,5.061324571016881,0.10923534446499342,0.08605063088490687
2015-05-25,-74.66548233450818,5.061324571016881,0.191704232014782,0.14889904919905167
2015-06-10,-74.66548233450818,5.061324571016881,0.2905826205534686,0.2612403820452291
2015-06-26,-74.66548233450818,5.061324571016881,0.38935094024158484,0.3151113217460426
2015-07-12,-74.66548233450818,5.061324571016881,0.5142931908756374,0.35611150975395356
2015-07-28,-74.66548233450818,5.061324571016881,0.6154020399361679,0.45061601327704764
2015-08-13,-74.66548233450818,5.061324571016881,0.7152418095254,0.5382573615972214
2015-08-29,-74.66548233450818,5.061324571016881,0.7435639831173783,0.587093145607828
2015-09-14,-74.66548233450818,5.061324571016881,0.8173672466017042,0.6447465455932062
2015-09-30,-74.66548233450818,5.061324571016881,0.800730640296121,0.599833318856477
2015-10-16,-74.66548233450818,5.061324571016881,0.7793239000486841,0.572943424618095
2015-11-01,-74.66548233450818,5.061324571016881,0.7082669244027843,0.527686635315661
2015-11-17,-74.66548233450818,5.061324571016881,0.5925015641758755,0.4469252832286881
2015-12-03,-74.66548233450818,5.061324571016881,0.5109307188113418,0.3783469958281403
2015-12-19,-74.66548233450818,5.061324571016881,0.4147117027232189,0.3364844397221467
2016-01-04,-74.66548233450818,5.061324571016881,0.2762711307332544,0.20047218374735365
2016-01-20,-74.66548233450818,5.061324571016881,0.17048780195507138,0.1112622397103237
2016-02-05,-74.66548233450818,5.061324571016881,0.08127370765832322,0.05702627508743852
2016-02-21,-74.66548233450818,5.061324571016881,0.05,0.043908915295696765
2016-03-08,-74.66548233450818,5.061324571016881,0.05,0.06338320647834307
2016-03-24,-74.66548233450818,5.061324571016881,0.05,0.019476286987805933
2016-04-09,-74.66548233450818,5.061324571016881,0.05,0.04403876825192553
2016-04-25,-74.66548233450818,5.061324571016881,0.05,0.04466160088958625
2016-05-11,-74.66548233450818,5.061324571016881,0.10620602205092582,0.0905560896278225
2016-05-27,-74.66548233450818,5.061324571016881,0.20597815512012507,0.14773509529464976
2016-06-12,-74.66548233450818,5.061324571016881,0.2708189658757449,0.21365787521944718
2016-06-28,-74.66548233450818,5.061324571016881,0.41833486667431957,0.3293100821986446
2016-07-14,-74.66548233450818,5.061324571016881,0.5466536133622741,0.4030369257985854
2016-07-30,-74.66548233450818,5.061324571016881,0.6570483082042842,0.49688306438994456
2016-08-15,-74.66548233450818,5.061324571016881,0.7202804738504511,0.5374481416525755
2016-08-31,-74.66548233450818,5.061324571016881,0.8058863058548792,0.5901493948092462
2016-09-16,-74.66548233450818,5.061324571016881,0.7915961289106712,0.5689503937814034
2016-10-02,-74.66548233450818,5.061324571016881,0.8070980757454068,0.5936805766819017
2016-10-18,-74.66548233450818,5.061324571016881,0.7467695408676734,0.5497384230076114
2016-11-03,-74.66548233450818,5.061324571016881,0.6928678395836424,0.49463568799454893
2016-11-19,-74.66548233450818,5.061324571016881,0.558894409717223,0.42832488803577273
2016-12-05,-74.66548233450818,5.061324571016881,0.4569594428270913,0.35980233779986603
2016-12-21,-74.66548233450818,5.061324571016881,0.417077369623341,0.30952355113880514
2017-01-06,-74.66548233450818,5.061324571016881,0.3052624690067827,0.22846172336422266
2017-01-22,-74.66548233450818,5.061324571016881,0.20522877780238657,0.1447972263095257
2017-02-07,-74.66548233450818,5.061324571016881,0.05,0.035901765117869966
2017-02-23,-74.66548233450818,5.061324571016881,0.05,0.048199366118808366
2017-03-11,-74.66548233450818,5.061324571016881,0.05,0.04407802338569464
2017-03-27,-74.66548233450818,5.061324571016881,0.05,0.03578767122171059
2017-04-12,-74.66548233450818,5.061324571016881,0.05,0.027151640869610263
2017-04-28,-74.66548233450818,5.061324571016881,0.06004660835105455,0.0602737009929269
2017-05-14,-74.66548233450818,5.061324571016881,0.10366117518901397,0.06925707604480702
2017-05-30,-74.66548233450818,5.061324571016881,0.2356496293988518,0.1796329798012237
2017-06-15,-74.66548233450818,5.061324571016881,0.3322881022754719,0.21649672963251676
2017-07-01,-74.66548233450818,5.061324571016881,0.453184710588952,0.3456344698233654
2017-07-17,-74.66548233450818,5.061324571016881,0.5489895742001881,0.41896001791132265
2017-08-02,-74.66548233450818,5.061324571016881,0.6396441168239645,0.4678950375403039
2017-08-18,-74.66548233450818,5.061324571016881,0.7205548104967042,0.5311320443061622
2017-09-03,-74.66548233450818,5.061324571016881,0.820723595148911,0.633780110938555
2017-09-19,-74.66548233450818,5.061324571016881,0.7797217554603084,0.6255172366404481
2017-10-05,-74.66548233450818,5.061324571016881,0.7810130269438991,0.58634887755721
2017-10-21,-74.66548233450818,5.061324571016881,0.7675085939858298,0.5362316746114201
2017-11-06,-74.66548233450818,5.061324571016881,0.6770444486979769,0.4963166595041393
2017-11-22,-74.66548233450818,5.061324571016881,0.5955549334057738,0.45406719371963916
2017-12-08,-74.66548233450818,5.061324571016881,0.48382952654248323,0.36039919894328265
2017-12-24,-74.66548233450818,5.061324571016881,0.39284814113926,0.3006658244611258
2018-01-09,-74.66548233450818,5.061324571016881,0.2593748866617603,0.197488576825523
2018-01-25,-74.66548233450818,5.061324571016881,0.19161319482628117,0.147163375659393
2018-02-10,-74.66548233450818,5.061324571016881,0.05811703031573108,0.005407790964577129
2018-02-26,-74.66548233450818,5.061324571016881,0.05,0.028159482098404784
2018-03-14,-74.66548233450818,5.061324571016881,0.05,0.02638757080779523
2018-03-30,-74.66548233450818,5.061324571016881,0.05,0.02612983910983384
2018-04-15,-74.66548233450818,5.061324571016881,0.05,0.049752876707148265
2018-05-01,-74.66548233450818,5.061324571016881,0.08013098971871947,0.03795489033410865
2018-05-17,-74.66548233450818,5.061324571016881,0.13952098872048896,0.06654064837729036
2018-06-02,-74.66548233450818,5.061324571016881,0.2057474252618685,0.14253525238685794
2018-06-18,-74.66548233450818,5.061324571016881,0.36963308360986863,0.26165069211329195
2018-07-04,-74.66548233450818,5.061324571016881,0.44499482084559405,0.33446786127208455
2018-07-20,-74.66548233450818,5.061324571016881,0.5705034033935152,0.41217492309004305
2018-08-05,-74.66548233450818,5.061324571016881,0.7038192320811061,0.5225571565985221
2018-08-21,-74.66548233450818,5.061324571016881,0.7394767378482379,0.5465719626319696
2018-09-06,-74.66548233450818,5.061324571016881,0.7923806902105152,0.6189846688519688
2018-09-22,-74.66548233450818,5.061324571016881,0.833000811887936,0.6095052954106744
2018-10-08,-74.66548233450818,5.061324571016881,0.8064426423689796,0.6158255981677551
2018-10-24,-74.66548233450818,5.061324571016881,0.7583229963070046,0.5669046617763975
2018-11-09,-74.66548233450818,5.061324571016881,0.6626402939385132,0.5156945133681647
2018-11-25,-74.66548233450818,5.061324571016881,0.5916286265444822,0.4750358811855994
2018-12-11,-74.66548233450818,5.061324571016881,0.4683385260195936,0.34911560196200003
2018-12-27,-74.66548233450818,5.061324571016881,0.30083627649439404,0.19340199661088883
2019-01-12,-74.66548233450818,5.061324571016881,0.23026578884531806,0.15067816300906423
2019-01-28,-74.66548233450818,5.061324571016881,0.15343651611310669,0.08887696785325093
2019-02-13,-74.66548233450818,5.061324571016881,0.05,0.028259470137230236
2019-03-01,-74.66548233450818,5.061324571016881,0.05,0.025335225019607124
2019-03-17,-74.66548233450818,5.061324571016881,0.05,0.04141412255045434
2019-04-02,-74.66548233450818,5.061324571016881,0.05,0.05450430104232962
2019-04-18,-74.66548233450818,5.061324571016881,0.05,0.0035741097478564007
2019-05-04,-74.66548233450818,5.061324571016881,0.06173439319832046,0.04590168200809729
2019-05-20,-74.66548233450818,5.061324571016881,0.15801682413650078,0.10376151519795938
2019-06-05,-74.66548233450818,5.061324571016881,0.2783995479930422,0.2090720493610815
2019-06-21,-74.66548233450818,5.061324571016881,0.3500281171410834,0.2533565310809789
2019-07-07,-74.66548233450818,5.061324571016881,0.5209297738694334,0.40398488826100504
2019-07-23,-74.66548233450818,5.061324571016881,0.6097256624425422,0.43646250743763837
2019-08-08,-74.66548233450818,5.061324571016881,0.6658338536811805,0.4857469441432605
2019-08-24,-74.66548233450818,5.061324571016881,0.7517598082861965,0.5603398195929362
2019-09-09,-74.66548233450818,5.061324571016881,0.7791903480016951,0.5771113691512023
2019-09-25,-74.66548233450818,5.061324571016881,0.7833709085320655,0.5839313956610209
2019-10-11,-74.66548233450818,5.061324571016881,0.800376098049863,0.5700192865064022
2019-10-27,-74.66548233450818,5.061324571016881,0.7340839063030887,0.5781647836249091
2019-11-12,-74.66548233450818,5.061324571016881,0.6465567320808784,0.4743400284777408
2019-11-28,-74.66548233450818,5.061324571016881,0.5715943004365378,0.4090112877900265
2019-12-14,-74.66548233450818,5.061324571016881,0.4426884685613227,0.3112194694132775
2019-12-30,-74.66548233450818,5.061324571016881,0.29120588334730196,0.21536472721458058
2020-01-15,-74.66548233450818,5.061324571016881,0.19287239434328152,0.14442088549087775
2020-01-31,-74.66548233450818,5.061324571016881,0.1423673222792281,0.14386059984301355
2020-02-16,-74.66548233450818,5.061324571016881,0.05,0.05788431663951199
2020-03-03,-74.66548233450818,5.061324571016881,0.05,0.029837727722498826
2020-03-19,-74.66548233450818,5.061324571016881,0.05,0.07002984654164238
2020-04-04,-74.66548233450818,5.061324571016881,0.05,0.0651554182283554
2020-04-20,-74.66548233450818,5.061324571016881,0.05,0.017979744295052825
2020-05-06,-74.66548233450818,5.061324571016881,0.08707836237788721,0.10796699300912199
2020-05-22,-74.66548233450818,5.061324571016881,0.2012736180818232,0.14070095243867842
2020-06-07,-74.66548233450818,5.061324571016881,0.2620238117178968,0.19852201953474402
2020-06-23,-74.66548233450818,5.061324571016881,0.38666862516353173,0.31399621658550336
2020-07-09,-74.66548233450818,5.061324571016881,0.5179266856172349,0.3546001821823577
2020-07-25,-74.66548233450818,5.061324571016881,0.6163750331273413,0.4586994556281586
2020-08-10,-74.66548233450818,5.061324571016881,0.6950762036389116,0.5262860130143969
2020-08-26,-74.66548233450818,5.061324571016881,0.7819388121029529,0.606009968348135
2020-09-11,-74.66548233450818,5.061324571016881,0.778300685235251,0.5825532745726448
2020-09-27,-74.66548233450818,5.061324571016881,0.788694198025503,0.5578837291409953
2020-10-13,-74.66548233450818,5.061324571016881,0.7685547295948452,0.6133111357473159
2020-10-29,-74.66548233450818,5.061324571016881,0.6803166804460323,0.5097562744613229
2020-11-14,-74.66548233450818,5.061324571016881,0.6322233868643383,0.47992224958354013
2020-11-30,-74.66548233450818,5.061324571016881,0.5139753100185643,0.3569792706979241
2020-12-16,-74.66548233450818,5.061324571016881,0.39418352784558475,0.32225632105081814
2021-01-01,-74.66548233450818,5.061324571016881,0.2947469564743873,0.21106897352272702
2021-01-17,-74.66548233450818,5.061324571016881,0.24713290347504227,0.1706645644707526
2021-02-02,-74.66548233450818,5.061324571016881,0.11590936582059956,0.1082082578979598
2021-02-18,-74.66548233450818,5.061324571016881,0.054013511664028555,0.013878606607147799
2021-03-06,-74.66548233450818,5.061324571016881,0.05,0.04354727952503971
2021-03-22,-74.66548233450818,5.061324571016881,0.05,0.022269786827176095
2021-04-07,-74.66548233450818,5.061324571016881,0.05,0.0458914884280201
2021-04-23,-74.66548233450818,5.061324571016881,0.05,0.051105080086054744
2021-05-09,-74.66548233450818,5.061324571016881,0.07400681208493563,0.044864146325013614
2021-05-25,-74.66548233450818,5.061324571016881,0.187363645015443,0.16576896001414787
2021-06-10,-74.66548233450818,5.061324571016881,0.2854425706056335,0.21363588995254873
2021-06-26,-74.66548233450818,5.061324571016881,0.3838134389851253,0.32512461587668884
2021-07-12,-74.66548233450818,5.061324571016881,0.5198955886724831,0.4114767870954971
2021-07-28,-74.66548233450818,5.061324571016881,0.6197663389692502,0.46653009553180586
2021-08-13,-74.66548233450818,5.061324571016881,0.6736840853400056,0.4622478266111529
2021-08-29,-74.66548233450818,5.061324571016881,0.7890426246270568,0.593343132755541
2021-09-14,-74.66548233450818,5.061324571016881,0.7996931289719221,0.5747887716849334
2021-09-30,-74.66548233450818,5.061324571016881,0.7779300634588862,0.6046935876168643
2021-10-16,-74.66548233450818,5.061324571016881,0.8000555658131404,0.5876161940844044
2021-11-01,-74.66548233450818,5.061324571016881,0.7190953990756487,0.5431220479603686
2021-11-17,-74.66548233450818,5.061324571016881,0.6193116717181194,0.5015229341921559
2021-12-03,-74.66548233450818,5.061324571016881,0.5106860237257528,0.4078287705346643
2021-12-19,-74.66548233450818,5.061324571016881,0.41506447015106074,0.31096056616599915
2022-01-04,-74.66548233450818,5.061324571016881,0.3206868760048755,0.24631784697211717
2022-01-20,-74.66548233450818,5.061324571016881,0.18386090528402196,0.16548452242265713
2022-02-05,-74.66548233450818,5.061324571016881,0.1181503316067565,0.1126520151281449
2022-02-21,-74.66548233450818,5.061324571016881,0.05,0.04630353251476822
2022-03-09,-74.66548233450818,5.061324571016881,0.05,0.03680273491829029
2022-03-25,-74.66548233450818,5.061324571016881,0.05,0.042711137450090565
2022-04-10,-74.66548233450818,5.061324571016881,0.05,0.03214076384490015
2022-04-26,-74.66548233450818,5.061324571016881,0.06196764426236344,0.0620546170322291
2022-05-12,-74.66548233450818,5.061324571016881,0.11757196977373305,0.09805308200443705
2022-05-28,-74.66548233450818,5.061324571016881,0.22537747080737303,0.18946685884423956
2022-06-13,-74.66548233450818,5.061324571016881,0.30908005998804683,0.25161625260750103
2022-06-29,-74.66548233450818,5.061324571016881,0.4292890170428951,0.3603052986121779
2022-07-15,-74.66548233450818,5.061324571016881,0.558974668337699,0.4067188148820404
2022-07-31,-74.66548233450818,5.061324571016881,0.6832027581717428,0.4703612719090105
2022-08-16,-74.66548233450818,5.061324571016881,0.7297547117162703,0.533391087198297
2022-09-01,-74.66548233450818,5.061324571016881,0.8098587974835436,0.6124502194185635
2022-09-17,-74.66548233450818,5.061324571016881,0.7821737103581099,0.5813003885241907
2022-10-03,-74.66548233450818,5.061324571016881,0.7782848250256049,0.5775980791978022
2022-10-19,-74.66548233450818,5.061324571016881,0.7495973001844097,0.5471748577642862
2022-11-04,-74.66548233450818,5.061324571016881,0.6970146774940471,0.5305854913886701
2022-11-20,-74.66548233450818,5.061324571016881,0.5838331872137489,0.4047095151494317
2022-12-06,-74.66548233450818,5.061324571016881,0.5054497259941569,0.3897257055180084
2022-12-22,-74.66548233450818,5.061324571016881,0.40051114987186276,0.3114068500357796
2023-01-07,-74.66548233450818,5.061324571016881,0.30378485940236727,0.2477800022904007
2023-01-23,-74.66548233450818,5.061324571016881,0.22065987899947492,0.2275078531862651
2023-02-08,-74.66548233450818,5.061324571016881,0.05,0.0
2023-02-24,-74.66548233450818,5.061324571016881,0.05,0.047584648597606444
2023-03-12,-74.66548233450818,5.061324571016881,0.05,0.05157160892115521
2023-03-28,-74.66548233450818,5.061324571016881,0.05,0.02362098473171754
2023-04-13,-74.66548233450818,5.061324571016881,0.05,0.033496632618715924
2023-04-29,-74.66548233450818,5.061324571016881,0.06101568379395035,0.03602694891214616
2023-05-15,-74.66548233450818,5.061324571016881,0.11746505168350165,0.09950312564351331
2023-05-31,-74.66548233450818,5.061324571016881,0.21791495370431987,0.1857704262911477
2023-06-16,-74.66548233450818,5.061324571016881,0.3142585281497009,0.21296662098296593
2023-07-02,-74.66548233450818,5.061324571016881,0.45326119469302295,0.34803166526506313
2023-07-18,-74.66548233450818,5.061324571016881,0.5395188494518544,0.43151104511543925
2023-08-03,-74.66548233450818,5.061324571016881,0.6918300889584752,0.506315482462042
2023-08-19,-74.66548233450818,5.061324571016881,0.7591792161136902,0.5217417686452532
2023-09-04,-74.66548233450818,5.061324571016881,0.8009091364958189,0.5835265969492958
2023-09-20,-74.66548233450818,5.061324571016881,0.8189482707012423,0.5949856833067984
2023-10-06,-74.66548233450818,5.061324571016881,0.7866725830776858,0.5738021253774276
2023-10-22,-74.66548233450818,5.061324571016881,0.7418140106870178,0.5929589885938723
2023-11-07,-74.66548233450818,5.061324571016881,0.6745782556041855,0.5481397241816559
2023-11-23,-74.66548233450818,5.061324571016881,0.5774903219301448,0.46295303552374467
2023-12-09,-74.66548233450818,5.061324571016881,0.4458861906876893,0.3286844619082031
2023-12-25,-74.66548233450818,5.061324571016881,0.35364649415180277,0.29598898262979495
2024-01-10,-74.66548233450818,5.061324571016881,0.2554133954766882,0.14979838321456623
2024-01-26,-74.66548233450818,5.061324571016881,0.12270916674681744,0.07177863007252507
2024-02-11,-74.66548233450818,5.061324571016881,0.08240872189015143,0.07790669109073908
2024-02-27,-74.66548233450818,5.061324571016881,0.05,0.02652980412764855
2024-03-14,-74.66548233450818,5.061324571016881,0.05,0.014909538151360792
2024-03-30,-74.66548233450818,5.061324571016881,0.05,0.04495035993740466
2024-04-15,-74.66548233450818,5.061324571016881,0.05,0.04545355930091431
2024-05-01,-74.66548233450818,5.061324571016881,0.059231059035415895,0.054371684171692726
2024-05-17,-74.66548233450818,5.061324571016881,0.11377679019088463,0.09762263225373752
2024-06-02,-74.66548233450818,5.061324571016881,0.26251034038679527,0.20330178370138535
2024-06-18,-74.66548233450818,5.061324571016881,0.3661191957806518,0.2723910104872936
2024-07-04,-74.66548233450818,5.061324571016881,0.48618362904562706,0.36594266434381734
2024-07-20,-74.66548233450818,5.061324571016881,0.5531924971826704,0.431298695984668
2024-08-05,-74.66548233450818,5.061324571016881,0.6366692525199064,0.48315753427569746
2024-08-21,-74.66548233450818,5.061324571016881,0.7332494322475656,0.5409745591915799
2024-09-06,-74.66548233450818,5.061324571016881,0.788940271656935,0.5775194399263415
2024-09-22,-74.66548233450818,5.061324571016881,0.8099366068863002,0.6085883878171652
2024-10-08,-74.66548233450818,5.061324571016881,0.7700941616686566,0.6043342126524188
2024-10-24,-74.66548233450818,5.061324571016881,0.7391393323486742,0.5669705179299953
2024-11-09,-74.66548233450818,5.061324571016881,0.6894080046401919,0.5450595741960313
2024-11-25,-74.66548233450818,5.061324571016881,0.577709202361574,0.4272287377509844
2024-12-11,-74.66548233450818,5.061324571016881,0.4287198604067486,0.32567370931465633
2024-12-27,-74.66548233450818,5.061324571016881,0.3647707563471678,0.2806643636482416
2015-01-01,-74.45532636873547,4.888079704380027,0.8155105045389954,0.597922742558606
2015-01-17,-74.45532636873547,4.888079704380027,0.8329875045223992,0.5993910899296772
2015-02-02,-74.45532636873547,4.888079704380027,0.7818566867340407,0.5832524687950889
2015-02-18,-74.45532636873547,4.888079704380027,0.7146140978089638,0.5420364507097022
2015-03-06,-74.45532636873547,4.888079704380027,0.6820434158652516,0.5364873993361665
2015-03-22,-74.45532636873547,4.888079704380027,0.577289655140057,0.39904879121743686
2015-04-07,-74.45532636873547,4.888079704380027,0.4323568078799108,0.32759098830510847
2015-04-23,-74.45532636873547,4.888079704380027,0.35174993778711294,0.2538508567903684
2015-05-09,-74.45532636873547,4.888079704380027,0.28903800049958883,0.21889570343811446
2015-05-25,-74.45532636873547,4.888079704380027,0.17306629366207968,0.14955759786552866
2015-06-10,-74.45532636873547,4.888079704380027,0.09408070160763288,0.12238176956397204
2015-06-26,-74.45532636873547,4.888079704380027,0.05,0.025378568202117563
2015-07-12,-74.45532636873547,4.888079704380027,0.05,0.06875316572854608
2015-07-28,-74.45532636873547,4.888079704380027,0.060806125991484605,0.0347215562392416
2015-08-13,-74.45532636873547,4.888079704380027,0.06862759803319685,0.0791685085369497
2015-08-29,-74.45532636873547,4.888079704380027,0.15950919656172652,0.14784025679362164
2015-09-14,-74.45532636873547,4.888079704380027,0.2376692547255774,0.18848264749285504
2015-09-30,-74.45532636873547,4.888079704380027,0.3451722505716394,0.24639696124124816
2015-10-16,-74.45532636873547,4.888079704380027,0.44271846974851625,0.3083527854254203
2015-11-01,-74.45532636873547,4.888079704380027,0.5600321792612908,0.4352491093729053
2015-11-17,-74.45532636873547,4.888079704380027,0.6647359179112929,0.5118828362968898
2015-12-03,-74.45532636873547,4.888079704380027,0.7202402124376642,0.5712195722297878
2015-12-19,-74.45532636873547,4.888079704380027,0.7957412622880172,0.6245768727491551
2016-01-04,-74.45532636873547,4.888079704380027,0.8350776231885195,0.6237962242852518
2016-01-20,-74.45532636873547,4.888079704380027,0.8129098827256547,0.6251737157141906
2016-02-05,-74.45532636873547,4.888079704380027,0.7522812834182502,0.5416714991161117
2016-02-21,-74.45532636873547,4.888079704380027,0.6926541586567724,0.5173286172221815
2016-03-08,-74.45532636873547,4.888079704380027,0.6328831706886391,0.44594896545057455
2016-03-24,-74.45532636873547,4.888079704380027,0.5469406610535018,0.4082931174557945
2016-04-09,-74.45532636873547,4.888079704380027,0.4627033528804428,0.38728709624298124
2016-04-25,-74.45532636873547,4.888079704380027,0.34190085226649114,0.24249302877254367
2016-05-11,-74.45532636873547,4.888079704380027,0.24603995984217594,0.1847160283480414
2016-05-27,-74.45532636873547,4.888079704380027,0.14276996001698017,0.08984544758913889
2016-06-12,-74.45532636873547,4.888079704380027,0.07333605896506874,0.05144622399832501
2016-06-28,-74.45532636873547,4.888079704380027,0.05922758611440887,0.05464120119396398
2016-07-14,-74.45532636873547,4.888079704380027,0.06863526688602435,0.06496321164144771
2016-07-30,-74.45532636873547,4.888079704380027,0.058871467741948194,0.03802899349700967
2016-08-15,-74.45532636873547,4.888079704380027,0.0758052642238348,0.04545607933081323
2016-08-31,-74.45532636873547,4.888079704380027,0.15315353361795783,0.06364701385483226
2016-09-16,-74.45532636873547,4.888079704380027,0.2366786422573297,0.20955317692031675
2016-10-02,-74.45532636873547,4.888079704380027,0.36626761652361683,0.26717023528581074
2016-10-18,-74.45532636873547,4.888079704380027,0.47356061617798667,0.31610237161890253
2016-11-03,-74.45532636873547,4.888079704380027,0.5745365579723528,0.45645226374221426
2016-11-19,-74.45532636873547,4.888079704380027,0.6585968302868404,0.4585078321901589
2016-12-05,-74.45532636873547,4.888079704380027,0.7267413275717511,0.5706412355784758
2016-12-21,-74.45532636873547,4.888079704380027,0.7904918328046842,0.5645026727076418
2017-01-06,-74.45532636873547,4.888079704380027,0.8549010170175727,0.6160995924382769
2017-01-22,-74.45532636873547,4.888079704380027,0.7981175175279576,0.5778404181329241
2017-02-07,-74.45532636873547,4.888079704380027,0.7488590180163418,0.5526012411975533
2017-02-23,-74.45532636873547,4.888079704380027,0.7225981078691718,0.5677592098062708
2017-03-11,-74.45532636873547,4.888079704380027,0.6206413789773128,0.4452781631492861
2017-03-27,-74.45532636873547,4.888079704380027,0.5407651593857664,0.4157331411179086
2017-04-12,-74.45532636873547,4.888079704380027,0.43049055578183965,0.3283827130945144
2017-04-28,-74.45532636873547,4.888079704380027,0.317538870569453,0.24011717001820737
2017-05-14,-74.45532636873547,4.888079704380027,0.2178632586320695,0.1848023185147946
2017-05-30,-74.45532636873547,4.888079704380027,0.18278004113165888,0.14067809388288802
2017-06-15,-74.45532636873547,4.888079704380027,0.07608067366511448,0.06217773256263722
2017-07-01,-74.45532636873547,4.888079704380027,0.05,0.05279956742209641
2017-07-17,-74.45532636873547,4.888079704380027,0.05,0.029090595839146194
2017-08-02,-74.45532636873547,4.888079704380027,0.0727237781543629,0.05492262898267992
2017-08-18,-74.45532636873547,4.888079704380027,0.0847348457075861,0.07058322318914878
2017-09-03,-74.45532636873547,4.888079704380027,0.18218468961352385,0.1558468801323554
2017-09-19,-74.45532636873547,4.888079704380027,0.28571380677148944,0.21210082846604184
2017-10-05,-74.45532636873547,4.888079704380027,0.3627004807740427,0.27206023558168807
2017-10-21,-74.45532636873547,4.888079704380027,0.48612026824833715,0.37426528874155385
2017-11-06,-74.45532636873547,4.888079704380027,0.5872025876499916,0.43858670186805826
2017-11-22,-74.45532636873547,4.888079704380027,0.6913262289509443,0.5050086338313426
2017-12-08,-74.45532636873547,4.888079704380027,0.7922881806448744,0.609477543086731
2017-12-24,-74.45532636873547,4.888079704380027,0.7671798083902551,0.5790894429114196
2018-01-09,-74.45532636873547,4.888079704380027,0.8243866101554557,0.6113025755061976
2018-01-25,-74.45532636873547,4.888079704380027,0.7689599111901834,0.5559386545606596
2018-02-10,-74.45532636873547,4.888079704380027,0.7711200386917161,0.5432476995674196
2018-02-26,-74.45532636873547,4.888079704380027,0.6671007906172597,0.5110622879016233
2018-03-14,-74.45532636873547,4.888079704380027,0.6066791127107031,0.44109372674093134
2018-03-30,-74.45532636873547,4.888079704380027,0.5019150413510611,0.3470200047564095
2018-04-15,-74.45532636873547,4.888079704380027,0.4153024683812695,0.29534598018560326
2018-05-01,-74.45532636873547,4.888079704380027,0.28983147164934253,0.22430930646875047
2018-05-17,-74.45532636873547,4.888079704380027,0.19939661590143218,0.1354543957333874
2018-06-02,-74.45532636873547,4.888079704380027,0.0850105499943005,0.07110642941308168
2018-06-18,-74.45532636873547,4.888079704380027,0.06894701338827347,0.04136251088753764
2018-07-04,-74.45532636873547,4.888079704380027,0.05,0.0377552495730705
2018-07-20,-74.45532636873547,4.888079704380027,0.05,0.039455177626486086
2018-08-05,-74.45532636873547,4.888079704380027,0.0947004787112258,0.08512084908551994
2018-08-21,-74.45532636873547,4.888079704380027,0.11406282071179777,0.10031269065577961
2018-09-06,-74.45532636873547,4.888079704380027,0.19439631901337634,0.1467010943504853
2018-09-22,-74.45532636873547,4.888079704380027,0.3136896387353527,0.21730607148870415
2018-10-08,-74.45532636873547,4.888079704380027,0.39258107380175056,0.318230005404305
2018-10-24,-74.45532636873547,4.888079704380027,0.5047941534129226,0.37121455535231634
2018-11-09,-74.45532636873547,4.888079704380027,0.5651094258057024,0.37842513051040266
2018-11-25,-74.45532636873547,4.888079704380027,0.7279085497164477,0.552101648712352
2018-12-11,-74.45532636873547,4.888079704380027,0.7418200923514153,0.5633542070461584
2018-12-27,-74.45532636873547,4.888079704380027,0.7765696506365128,0.5758032124294593
2019-01-12,-74.45532636873547,4.888079704380027,0.7904631887660755,0.5645819198832664
2019-01-28,-74.45532636873547,4.888079704380027,0.7516412773903064,0.5317778101981531
2019-02-13,-74.45532636873547,4.888079704380027,0.7704973385109631,0.5581353646590217
2019-03-01,-74.45532636873547,4.888079704380027,0.6922635390614568,0.5383306020929968
2019-03-17,-74.45532636873547,4.888079704380027,0.5937190109077579,0.439317913934397
2019-04-02,-74.45532636873547,4.888079704380027,0.49484424419229855,0.36280077581374165
2019-04-18,-74.45532636873547,4.888079704380027,0.40966190426750215,0.3447771056835165
2019-05-04,-74.45532636873547,4.888079704380027,0.3106191632638199,0.18993310775239355
2019-05-20,-74.45532636873547,4.888079704380027,0.1793976298406799,0.13463140515613306
2019-06-05,-74.45532636873547,4.888079704380027,0.12143764713953406,0.05653194460060958
2019-06-21,-74.45532636873547,4.888079704380027,0.05,0.06363579499250785
2019-07-07,-74.45532636873547,4.888079704380027,0.05,0.007751873230935364
2019-07-23,-74.45532636873547,4.888079704380027,0.05,0.045309492866244305
2019-08-08,-74.45532636873547,4.888079704380027,0.05370125142771613,0.04510845141446809
2019-08-24,-74.45532636873547,4.888079704380027,0.10951804767482293,0.04725453320843678
2019-09-09,-74.45532636873547,4.888079704380027,0.23849463653640096,0.18683477562808026
2019-09-25,-74.45532636873547,4.888079704380027,0.30012102330209206,0.21466353304293684
2019-10-11,-74.45532636873547,4.888079704380027,0.44146149012443153,0.34292671850389816
2019-10-27,-74.45532636873547,4.888079704380027,0.5411028283460656,0.3941532677097652
2019-11-12,-74.45532636873547,4.888079704380027,0.6178279181112335,0.4714149169033558
2019-11-28,-74.45532636873547,4.888079704380027,0.6896698896078645,0.5153417750258256
2019-12-14,-74.45532636873547,4.888079704380027,0.7517431427753184,0.5717885410315331
2019-12-30,-74.45532636873547,4.888079704380027,0.77388917301561,0.5918562801466487
2020-01-15,-74.45532636873547,4.888079704380027,0.8148089372483555,0.6070405323661201
2020-01-31,-74.45532636873547,4.888079704380027,0.7966145612121937,0.5901621116344857
2020-02-16,-74.45532636873547,4.888079704380027,0.7255838683068959,0.5550624243259454
2020-03-03,-74.45532636873547,4.888079704380027,0.6780881500373265,0.4984207077518142
2020-03-19,-74.45532636873547,4.888079704380027,0.5633229655445415,0.418832754483197
2020-04-04,-74.45532636873547,4.888079704380027,0.4613268943054409,0.37649755292672604
2020-04-20,-74.45532636873547,4.888079704380027,0.3719769076054865,0.27927468537505923
2020-05-06,-74.45532636873547,4.888079704380027,0.2444153912090842,0.19809133234754597
2020-05-22,-74.45532636873547,4.888079704380027,0.160134882860427,0.10704621592369946
2020-06-07,-74.45532636873547,4.888079704380027,0.11582830981017125,0.0946176867774664
2020-06-23,-74.45532636873547,4.888079704380027,0.05,0.03434458472471382
2020-07-09,-74.45532636873547,4.888079704380027,0.05,0.030708076884376802
2020-07-25,-74.45532636873547,4.888079704380027,0.05,0.0013062399418197895
2020-08-10,-74.45532636873547,4.888079704380027,0.05,0.017990635232594587
2020-08-26,-74.45532636873547,4.888079704380027,0.1483989044081964,0.046800053735729485
2020-09-11,-74.45532636873547,4.888079704380027,0.2102815787497801,0.11925596467834734
2020-09-27,-74.45532636873547,4.888079704380027,0.3212806667542727,0.2801184852248215
2020-10-13,-74.45532636873547,4.888079704380027,0.427891048376868,0.3187682293760336
2020-10-29,-74.45532636873547,4.888079704380027,0.5542432524454806,0.4161085704903219
2020-11-14,-74.45532636873547,4.888079704380027,0.6295735266849567,0.4907130634966176
2020-11-30,-74.45532636873547,4.888079704380027,0.7236485765322117,0.5485089476304879
2020-12-16,-74.45532636873547,4.888079704380027,0.769639458051424,0.5703082994440267
2021-01-01,-74.45532636873547,4.888079704380027,0.8212946139557611,0.6092417080692374
2021-01-17,-74.45532636873547,4.888079704380027,0.8321865397851659,0.6031969775130888
2021-02-02,-74.45532636873547,4.888079704380027,0.8116772592449351,0.6181987460954695
2021-02-18,-74.45532636873547,4.888079704380027,0.7117521623916993,0.5439936944848205
2021-03-06,-74.45532636873547,4.888079704380027,0.642829979907445,0.48279104601753325
2021-03-22,-74.45532636873547,4.888079704380027,0.5530838281023137,0.4121546277940737
2021-04-07,-74.45532636873547,4.888079704380027,0.47790446977365053,0.3687985853731716
2021-04-23,-74.45532636873547,4.888079704380027,0.3299273307734022,0.2260835692468829
2021-05-09,-74.45532636873547,4.888079704380027,0.25634704875579883,0.19912402910476465
2021-05-25,-74.45532636873547,4.888079704380027,0.14872913925052134,0.14337316409753176
2021-06-10,-74.45532636873547,4.888079704380027,0.1092514313595756,0.06942704621198582
2021-06-26,-74.45532636873547,4.888079704380027,0.05,0.032943735725735064
2021-07-12,-74.45532636873547,4.888079704380027,0.05,0.06262314987463555
2021-07-28,-74.45532636873547,4.888079704380027,0.0644548679670094,0.049042541245284864
2021-08-13,-74.45532636873547,4.888079704380027,0.09946323675007676,0.09105693208944857
2021-08-29,-74.45532636873547,4.888079704380027,0.15344065682028002,0.12313286620259181
2021-09-14,-74.45532636873547,4.888079704380027,0.25075599282305416,0.1978191090902683
2021-09-30,-74.45532636873547,4.888079704380027,0.3235916208972435,0.2291395205260114
2021-10-16,-74.45532636873547,4.888079704380027,0.4398294596909754,0.31573880918729375
2021-11-01,-74.45532636873547,4.888079704380027,0.5206880313340329,0.4040350627195054
2021-11-17,-74.45532636873547,4.888079704380027,0.6518608564465666,0.46210831080907394
2021-12-03,-74.45532636873547,4.888079704380027,0.7179860809331741,0.534803844354828
2021-12-19,-74.45532636873547,4.888079704380027,0.7815339811036252,0.5645120368547657
2022-01-04,-74.45532636873547,4.888079704380027,0.7789720043792243,0.5946234932050963
2022-01-20,-74.45532636873547,4.888079704380027,0.7744730533424175,0.5762015201457198
2022-02-05,-74.45532636873547,4.888079704380027,0.7687425754537741,0.5740912452257949
2022-02-21,-74.45532636873547,4.888079704380027,0.7236947440002309,0.5747424703564014
2022-03-09,-74.45532636873547,4.888079704380027,0.607559667861053,0.47320138255044475
2022-03-25,-74.45532636873547,4.888079704380027,0.49371033837690076,0.39815697675902195
2022-04-10,-74.45532636873547,4.888079704380027,0.3982011626681598,0.3473787647618157
2022-04-26,-74.45532636873547,4.888079704380027,0.32497648886866337,0.26954002786695824
2022-05-12,-74.45532636873547,4.888079704380027,0.25478859276345184,0.1823616627465007
2022-05-28,-74.45532636873547,4.888079704380027,0.1403774807288581,0.08853993128399806
2022-06-13,-74.45532636873547,4.888079704380027,0.09836786307839465,0.06530653522442664
2022-06-29,-74.45532636873547,4.888079704380027,0.05,0.048245520239123055
2022-07-15,-74.45532636873547,4.888079704380027,0.05,0.03092035416495995
2022-07-31,-74.45532636873547,4.888079704380027,0.052527686548144846,0.02654717512588327
2022-08-16,-74.45532636873547,4.888079704380027,0.0867235502423703,0.09574232670456687
2022-09-01,-74.45532636873547,4.888079704380027,0.16306560286749344,0.11510666295494784
2022-09-17,-74.45532636873547,4.888079704380027,0.2533487751474387,0.19910068113056037
2022-10-03,-74.45532636873547,4.888079704380027,0.3382183386109597,0.2622080619673875
2022-10-19,-74.45532636873547,4.888079704380027,0.4707074235363711,0.31725745997079596
2022-11-04,-74.45532636873547,4.888079704380027,0.6047797157112795,0.48280105799872375
2022-11-20,-74.45532636873547,4.888079704380027,0.6450078905737312,0.4613073871763527
2022-12-06,-74.45532636873547,4.888079704380027,0.73958116820779,0.5261686103992167
2022-12-22,-74.45532636873547,4.888079704380027,0.8126048987407759,0.600084599340534
2023-01-07,-74.45532636873547,4.888079704380027,0.8405609529231965,0.6139326472846721
2023-01-23,-74.45532636873547,4.888079704380027,0.7994736943282884,0.6249495228777636
2023-02-08,-74.45532636873547,4.888079704380027,0.7601161925069743,0.5755289792437455
2023-02-24,-74.45532636873547,4.888079704380027,0.7272164009926857,0.5342913517278309
2023-03-12,-74.45532636873547,4.888079704380027,0.597444392985417,0.41890908281291117
2023-03-28,-74.45532636873547,4.888079704380027,0.5364303601681792,0.4100983378660868
2023-04-13,-74.45532636873547,4.888079704380027,0.44022528001713657,0.32468806563320063
2023-04-29,-74.45532636873547,4.888079704380027,0.28472847805588436,0.16649131241628176
2023-05-15,-74.45532636873547,4.888079704380027,0.27313857679785225,0.21539239296913926
2023-05-31,-74.45532636873547,4.888079704380027,0.1363907069634443,0.10786582542885956
2023-06-16,-74.45532636873547,4.888079704380027,0.05,0.021602560180739073
2023-07-02,-74.45532636873547,4.888079704380027,0.07372314636754032,0.06845930549269962
2023-07-18,-74.45532636873547,4.888079704380027,0.05,0.012963693438335224
2023-08-03,-74.45532636873547,4.888079704380027,0.05,0.03119138705554244
2023-08-19,-74.45532636873547,4.888079704380027,0.14905085597751275,0.10802279446381545
2023-09-04,-74.45532636873547,4.888079704380027,0.15890991458408732,0.1180103886658638
2023-09-20,-74.45532636873547,4.888079704380027,0.2805536864722967,0.18480433330247512
2023-10-06,-74.45532636873547,4.888079704380027,0.3868313530906534,0.3143018338634214
2023-10-22,-74.45532636873547,4.888079704380027,0.4882341383915091,0.3502343007566382
2023-11-07,-74.45532636873547,4.888079704380027,0.5766663366180624,0.3993230329303096
2023-11-23,-74.45532636873547,4.888079704380027,0.6737878428488083,0.5115564812732045
2023-12-09,-74.45532636873547,4.888079704380027,0.728464838825879,0.5851426321399619
2023-12-25,-74.45532636873547,4.888079704380027,0.8076164899800212,0.569856820706047
2024-01-10,-74.45532636873547,4.888079704380027,0.7737191936743217,0.5606089192016649
2024-01-26,-74.45532636873547,4.888079704380027,0.8287306754810884,0.6393664408218636
2024-02-11,-74.45532636873547,4.888079704380027,0.7894495652922333,0.5922913597004301
2024-02-27,-74.45532636873547,4.888079704380027,0.6871369790053323,0.4904025445327867
2024-03-14,-74.45532636873547,4.888079704380027,0.6122636876598221,0.45527440240652617
2024-03-30,-74.45532636873547,4.888079704380027,0.5005987254424277,0.4078100609028775
2024-04-15,-74.45532636873547,4.888079704380027,0.3964028478196782,0.3239217647457124
2024-05-01,-74.45532636873547,4.888079704380027,0.26243908248044046,0.2505915565175888
2024-05-17,-74.45532636873547,4.888079704380027,0.19153388663388854,0.15779409544089693
2024-06-02,-74.45532636873547,4.888079704380027,0.1378278267420099,0.09342373544899873
2024-06-18,-74.45532636873547,4.888079704380027,0.08100763862559691,0.07817579250082246
2024-07-04,-74.45532636873547,4.888079704380027,0.05,0.023473995516362145
2024-07-20,-74.45532636873547,4.888079704380027,0.05,0.0351901210462933
2024-08-05,-74.45532636873547,4.888079704380027,0.09243422196337608,0.08337903017143364
2024-08-21,-74.45532636873547,4.888079704380027,0.11900618935737521,0.10137620119218488
2024-09-06,-74.45532636873547,4.888079704380027,0.15795284715071714,0.10615841589040304
2024-09-22,-74.45532636873547,4.888079704380027,0.2998264766349305,0.2471771675140469
2024-10-08,-74.45532636873547,4.888079704380027,0.4027873340436848,0.33125528053231673
2024-10-24,-74.45532636873547,4.888079704380027,0.5225162491570257,0.3821205983863424
2024-11-09,-74.45532636873547,4.888079704380027,0.6023479294930113,0.4599293808445299
2024-11-25,-74.45532636873547,4.888079704380027,0.6822549946518831,0.5423170495472442
2024-12-11,-74.45532636873547,4.888079704380027,0.7347316130481737,0.557370838794618
2024-12-27,-74.45532636873547,4.888079704380027,0.8119418075212034,0.6026874158516805
2015-01-01,-75.08826605934537,5.0708505160198225,0.6404972369933832,0.48835885720374916
2015-01-17,-75.08826605934537,5.0708505160198225,0.6447308646014346,0.49873478307642477
2015-02-02,-75.08826605934537,5.0708505160198225,0.6633558003451357,0.5198162909709828
2015-02-18,-75.08826605934537,5.0708505160198225,0.5889198612675942,0.4510952552953273
2015-03-06,-75.08826605934537,5.0708505160198225,0.5655872443459288,0.4151079099826899
2015-03-22,-75.08826605934537,5.0708505160198225,0.5135247191658354,0.3794212757370458
2015-04-07,-75.08826605934537,5.0708505160198225,0.5120507855583969,0.3827176550661229
2015-04-23,-75.08826605934537,5.0708505160198225,0.43593812789936465,0.2964932092751572
2015-05-09,-75.08826605934537,5.0708505160198225,0.4575961848072225,0.34970035366624685
2015-05-25,-75.08826605934537,5.0708505160198225,0.36017874774147474,0.2793697300001636
2015-06-10,-75.08826605934537,5.0708505160198225,0.38852902482509355,0.30380601581173805
2015-06-26,-75.08826605934537,5.0708505160198225,0.2662792237337488,0.25275525156005046
2015-07-12,-75.08826605934537,5.0708505160198225,0.2732140665489219,0.20079031100415476
2015-07-28,-75.08826605934537,5.0708505160198225,0.28750359527570696,0.20082765425731594
2015-08-13,-75.08826605934537,5.0708505160198225,0.3276288892248053,0.20430119674263178
2015-08-29,-75.08826605934537,5.0708505160198225,0.34281395718231933,0.2800573163415667
2015-09-14,-75.08826605934537,5.0708505160198225,0.3596318723337778,0.2419182030514902
2015-09-30,-75.08826605934537,5.0708505160198225,0.41238501515202713,0.30252193156299284
2015-10-16,-75.08826605934537,5.0708505160198225,0.44582228007207425,0.31059978853170345
2015-11-01,-75.08826605934537,5.0708505160198225,0.5113395908874582,0.39540996339442824
2015-11-17,-75.08826605934537,5.0708505160198225,0.5202866931204664,0.3716699469482746
2015-12-03,-75.08826605934537,5.0708505160198225,0.5793240597472663,0.41519361164869634
2015-12-19,-75.08826605934537,5.0708505160198225,0.6068749581728083,0.4845171492019275
2016-01-04,-75.08826605934537,5.0708505160198225,0.6185124096140414,0.43961197986174627
2016-01-20,-75.08826605934537,5.0708505160198225,0.632420923131132,0.47076259775795665
2016-02-05,-75.08826605934537,5.0708505160198225,0.6145414387795998,0.4704125365422756
2016-02-21,-75.08826605934537,5.0708505160198225,0.6129570468553758,0.46042782845099794
2016-03-08,-75.08826605934537,5.0708505160198225,0.5695280548280255,0.46841687093048695
2016-03-24,-75.08826605934537,5.0708505160198225,0.5585121867706101,0.43555506243926095
2016-04-09,-75.08826605934537,5.0708505160198225,0.49577063446370984,0.3517131111298829
2016-04-25,-75.08826605934537,5.0708505160198225,0.47234300053298006,0.3571431333340955
2016-05-11,-75.08826605934537,5.0708505160198225,0.39617189498472605,0.2922661121667906
2016-05-27,-75.08826605934537,5.0708505160198225,0.3507549394190166,0.28421278542397965
2016-06-12,-75.08826605934537,5.0708505160198225,0.3533830836465647,0.2686699619654905
2016-06-28,-75.08826605934537,5.0708505160198225,0.318079127551297,0.2249459681184759
2016-07-14,-75.08826605934537,5.0708505160198225,0.26668162931562805,0.17175268405351973
2016-07-30,-75.08826605934537,5.0708505160198225,0.29664173193317955,0.2046219713096076
2016-08-15,-75.08826605934537,5.0708505160198225,0.3311900099024599,0.26462238226631135
2016-08-31,-75.08826605934537,5.0708505160198225,0.3473903512088753,0.2887211021090852
2016-09-16,-75.08826605934537,5.0708505160198225,0.36765459678164514,0.2730302050512683
2016-10-02,-75.08826605934537,5.0708505160198225,0.42192905857701285,0.338290520509448
2016-10-18,-75.08826605934537,5.0708505160198225,0.46799777646401763,0.35366971063917585
2016-11-03,-75.08826605934537,5.0708505160198225,0.4757731513226896,0.3388317293078021
2016-11-19,-75.08826605934537,5.0708505160198225,0.5705971201155055,0.3864409948146854
2016-12-05,-75.08826605934537,5.0708505160198225,0.609163265837991,0.46686573915757784
2016-12-21,-75.08826605934537,5.0708505160198225,0.5922608614676311,0.4275546665725776
2017-01-06,-75.08826605934537,5.0708505160198225,0.6588837904956241,0.5223909590013065
2017-01-22,-75.08826605934537,5.0708505160198225,0.6219594886046611,0.4691614510425434
2017-02-07,-75.08826605934537,5.0708505160198225,0.6029214119730872,0.45488673853633754
2017-02-23,-75.08826605934537,5.0708505160198225,0.5826178079878186,0.43539249550738035
2017-03-11,-75.08826605934537,5.0708505160198225,0.6027961472607989,0.45018482951459066
2017-03-27,-75.08826605934537,5.0708505160198225,0.508589876286012,0.3541149662548096
2017-04-12,-75.08826605934537,5.0708505160198225,0.4903125863301786,0.35251653665777816
2017-04-28,-75.08826605934537,5.0708505160198225,0.4493308340435337,0.30460806367007937
2017-05-14,-75.08826605934537,5.0708505160198225,0.41651035734352226,0.2911794705717816
2017-05-30,-75.08826605934537,5.0708505160198225,0.3667588533806586,0.26830307568669454
2017-06-15,-75.08826605934537,5.0708505160198225,0.37092872412574734,0.2816263265629011
2017-07-01,-75.08826605934537,5.0708505160198225,0.3560054782736079,0.2782189567064543
2017-07-17,-75.08826605934537,5.0708505160198225,0.33741361043111556,0.24888424369487824
2017-08-02,-75.08826605934537,5.0708505160198225,0.3195167824604051,0.26401045862568295
2017-08-18,-75.08826605934537,5.0708505160198225,0.3460199212324525,0.27013480648803073
2017-09-03,-75.08826605934537,5.0708505160198225,0.3471344000643311,0.25717527017211395
2017-09-19,-75.08826605934537,5.0708505160198225,0.4107343147414709,0.33496896103074597
2017-10-05,-75.08826605934537,5.0708505160198225,0.41634271352245183,0.2973818556547395
2017-10-21,-75.08826605934537,5.0708505160198225,0.45323532383405185,0.356520505190142
2017-11-06,-75.08826605934537,5.0708505160198225,0.49549535297184133,0.38797358284931593
2017-11-22,-75.08826605934537,5.0708505160198225,0.564190492062133,0.41224103215928415
2017-12-08,-75.08826605934537,5.0708505160198225,0.6172163286437458,0.4336670683207848
2017-12-24,-75.08826605934537,5.0708505160198225,0.642800720622808,0.488478257752016
2018-01-09,-75.08826605934537,5.0708505160198225,0.5810357787527105,0.46761442678096515
2018-01-25,-75.08826605934537,5.0708505160198225,0.64309645252481,0.4737581057253467
2018-02-10,-75.08826605934537,5.0708505160198225,0.5936704767316079,0.4138715226719382
2018-02-26,-75.08826605934537,5.0708505160198225,0.6395577153890157,0.4612006490585249
2018-03-14,-75.08826605934537,5.0708505160198225,0.5348691429254042,0.40651023968105615
2018-03-30,-75.08826605934537,5.0708505160198225,0.4892283539786346,0.34729029751508483
2018-04-15,-75.08826605934537,5.0708505160198225,0.4995602744766144,0.3839544177538484
2018-05-01,-75.08826605934537,5.0708505160198225,0.4286280784838672,0.32183719232152797
2018-05-17,-75.08826605934537,5.0708505160198225,0.3864850158935783,0.28862380573280294
2018-06-02,-75.08826605934537,5.0708505160198225,0.3444537519246134,0.24673552755291153
2018-06-18,-75.08826605934537,5.0708505160198225,0.3198955183386666,0.22540442171688485
2018-07-04,-75.08826605934537,5.0708505160198225,0.3355490499843936,0.2670641353285563
2018-07-20,-75.08826605934537,5.0708505160198225,0.2900424886455321,0.19364399063329765
2018-08-05,-75.08826605934537,5.0708505160198225,0.31147118464655754,0.2767091404507091
2018-08-21,-75.08826605934537,5.0708505160198225,0.31145083102548354,0.23036363547503186
2018-09-06,-75.08826605934537,5.0708505160198225,0.3613180591336294,0.26881570086931905
2018-09-22,-75.08826605934537,5.0708505160198225,0.3859927480989309,0.3125961605181693
2018-10-08,-75.08826605934537,5.0708505160198225,0.44524939586432394,0.35085315337314443
2018-10-24,-75.08826605934537,5.0708505160198225,0.4912501805819653,0.3863166018725937
2018-11-09,-75.08826605934537,5.0708505160198225,0.5534879251356831,0.441736823187529
2018-11-25,-75.08826605934537,5.0708505160198225,0.6064765249812122,0.479204219364053
2018-12-11,-75.08826605934537,5.0708505160198225,0.5777374311099266,0.4502493141685615
2018-12-27,-75.08826605934537,5.0708505160198225,0.6270984376286,0.5087297263260937
2019-01-12,-75.08826605934537,5.0708505160198225,0.6042868148904059,0.4643741327956632
2019-01-28,-75.08826605934537,5.0708505160198225,0.6089160933198868,0.46693797207191784
2019-02-13,-75.08826605934537,5.0708505160198225,0.6053996992664881,0.4636391505336838
2019-03-01,-75.08826605934537,5.0708505160198225,0.5578627375923063,0.43426158282534766
2019-03-17,-75.08826605934537,5.0708505160198225,0.5575642027690525,0.4212170097122275
2019-04-02,-75.08826605934537,5.0708505160198225,0.553279176937888,0.4073097147380595
2019-04-18,-75.08826605934537,5.0708505160198225,0.4783621916124082,0.3607770576900912
2019-05-04,-75.08826605934537,5.0708505160198225,0.43235376861352665,0.3687014045530006
2019-05-20,-75.08826605934537,5.0708505160198225,0.3894298186412409,0.2807267679911654
2019-06-05,-75.08826605934537,5.0708505160198225,0.3912503265073439,0.2872839695717287
2019-06-21,-75.08826605934537,5.0708505160198225,0.29591241480592,0.207117436975863
2019-07-07,-75.08826605934537,5.0708505160198225,0.2877191281555461,0.17979003679037056
2019-07-23,-75.08826605934537,5.0708505160198225,0.3016349209363797,0.22482187139681614
2019-08-08,-75.08826605934537,5.0708505160198225,0.3406426733698427,0.26807003726862333
2019-08-24,-75.08826605934537,5.0708505160198225,0.3481248722432266,0.24322945407846552
2019-09-09,-75.08826605934537,5.0708505160198225,0.3833784800457702,0.3153585167623023
2019-09-25,-75.08826605934537,5.0708505160198225,0.4104148849673024,0.3162615144514353
2019-10-11,-75.08826605934537,5.0708505160198225,0.4189079545837834,0.33526968208994407
2019-10-27,-75.08826605934537,5.0708505160198225,0.5231896364307671,0.3988512753040121
2019-11-12,-75.08826605934537,5.0708505160198225,0.5174805932471248,0.38487054781558677
2019-11-28,-75.08826605934537,5.0708505160198225,0.5580269637462628,0.41131122974649126
2019-12-14,-75.08826605934537,5.0708505160198225,0.6089413773870354,0.46229531527368334
2019-12-30,-75.08826605934537,5.0708505160198225,0.635858227654654,0.48431172163655495
2020-01-15,-75.08826605934537,5.0708505160198225,0.6070545636916145,0.445277082291723
2020-01-31,-75.08826605934537,5.0708505160198225,0.6097503481099213,0.45358335955007195
2020-02-16,-75.08826605934537,5.0708505160198225,0.6419372662883959,0.5205509415492495
2020-03-03,-75.08826605934537,5.0708505160198225,0.597303843143884,0.45035315829458533
2020-03-19,-75.08826605934537,5.0708505160198225,0.5192806692420353,0.3938606680461281
2020-04-04,-75.08826605934537,5.0708505160198225,0.49063589285600734,0.4005873575733239
2020-04-20,-75.08826605934537,5.0708505160198225,0.4312378098739984,0.33111804407210116
2020-05-06,-75.08826605934537,5.0708505160198225,0.40304773777104186,0.30209549961861193
2020-05-22,-75.08826605934537,5.0708505160198225,0.3945036158614735,0.31631708567174704
2020-06-07,-75.08826605934537,5.0708505160198225,0.34706159604865033,0.27552052804011834
2020-06-23,-75.08826605934537,5.0708505160198225,0.3110431466069089,0.2381931276506461
2020-07-09,-75.08826605934537,5.0708505160198225,0.33108571747535226,0.25495627766931395
2020-07-25,-75.08826605934537,5.0708505160198225,0.29893447123803085,0.2186200060772545
2020-08-10,-75.08826605934537,5.0708505160198225,0.3401595950584788,0.23328280395529596
2020-08-26,-75.08826605934537,5.0708505160198225,0.3223523251846701,0.2537960190847373
2020-09-11,-75.08826605934537,5.0708505160198225,0.3633023554032335,0.24341560262543135
2020-09-27,-75.08826605934537,5.0708505160198225,0.43707737185632733,0.30581602313464734
2020-10-13,-75.08826605934537,5.0708505160198225,0.44831465755923455,0.32384558029568394
2020-10-29,-75.08826605934537,5.0708505160198225,0.4896740360660392,0.3495631378965026
2020-11-14,-75.08826605934537,5.0708505160198225,0.551054050298865,0.41550700821028697
2020-11-30,-75.08826605934537,5.0708505160198225,0.5922973426545041,0.4320396427600436
2020-12-16,-75.08826605934537,5.0708505160198225,0.6431526800380756,0.44427153431847777
2021-01-01,-75.08826605934537,5.0708505160198225,0.5857828432950769,0.47439882942563627
2021-01-17,-75.08826605934537,5.0708505160198225,0.6340545493405719,0.4823686336665504
2021-02-02,-75.08826605934537,5.0708505160198225,0.6283835203258568,0.4827117856474015
2021-02-18,-75.08826605934537,5.0708505160198225,0.6093968069137696,0.4377295153528251
2021-03-06,-75.08826605934537,5.0708505160198225,0.5931008368682555,0.4580391918819563
2021-03-22,-75.08826605934537,5.0708505160198225,0.5703433501129379,0.4630423341227267
2021-04-07,-75.08826605934537,5.0708505160198225,0.5077596213805681,0.3562687356827824
2021-04-23,-75.08826605934537,5.0708505160198225,0.4933759545883812,0.3496689672412271
2021-05-09,-75.08826605934537,5.0708505160198225,0.42211854997105874,0.311454233949877
2021-05-25,-75.08826605934537,5.0708505160198225,0.3680476241297766,0.2913217205279628
2021-06-10,-75.08826605934537,5.0708505160198225,0.3496344952543311,0.27249070126611097
2021-06-26,-75.08826605934537,5.0708505160198225,0.3057068553110521,0.22579864217579587
2021-07-12,-75.08826605934537,5.0708505160198225,0.29480829655791546,0.2171247906588873
2021-07-28,-75.08826605934537,5.0708505160198225,0.3077964367790158,0.2677334110483578
2021-08-13,-75.08826605934537,5.0708505160198225,0.31675292523577775,0.1950527274362204
2021-08-29,-75.08826605934537,5.0708505160198225,0.37252069963852685,0.2883757122094156
2021-09-14,-75.08826605934537,5.0708505160198225,0.37387647013446107,0.2716630452636239
2021-09-30,-75.08826605934537,5.0708505160198225,0.3962326040740043,0.33593541499723306
2021-10-16,-75.08826605934537,5.0708505160198225,0.45876373125196435,0.30931777556934376
2021-11-01,-75.08826605934537,5.0708505160198225,0.5075106999294405,0.40475645898777723
2021-11-17,-75.08826605934537,5.0708505160198225,0.544728321176666,0.39051437143859324
2021-12-03,-75.08826605934537,5.0708505160198225,0.5567727341466586,0.39923317205560926
2021-12-19,-75.08826605934537,5.0708505160198225,0.6337348784598116,0.4738678777401222
2022-01-04,-75.08826605934537,5.0708505160198225,0.5861343749450352,0.4472834597256657
2022-01-20,-75.08826605934537,5.0708505160198225,0.627399588896168,0.4615717823344594
2022-02-05,-75.08826605934537,5.0708505160198225,0.5971364444076499,0.42657443531027994
2022-02-21,-75.08826605934537,5.0708505160198225,0.620868975109136,0.470601988447954
2022-03-09,-75.08826605934537,5.0708505160198225,0.5803145344554468,0.4401310770331875
2022-03-25,-75.08826605934537,5.0708505160198225,0.5410548808907005,0.3964232673994606
2022-04-10,-75.08826605934537,5.0708505160198225,0.48902992845649035,0.3900706824508686
2022-04-26,-75.08826605934537,5.0708505160198225,0.47808707617068247,0.33412346737281684
2022-05-12,-75.08826605934537,5.0708505160198225,0.40355009859903307,0.31944828112914814
2022-05-28,-75.08826605934537,5.0708505160198225,0.4077201853880941,0.3414293306676856
2022-06-13,-75.08826605934537,5.0708505160198225,0.323807185685199,0.26835631162801576
2022-06-29,-75.08826605934537,5.0708505160198225,0.32010756506594273,0.2609690065769718
2022-07-15,-75.08826605934537,5.0708505160198225,0.3250486558072242,0.21850721100412288
2022-07-31,-75.08826605934537,5.0708505160198225,0.3224941178561089,0.2619845202154674
2022-08-16,-75.08826605934537,5.0708505160198225,0.324999692309582,0.23882344068605407
2022-09-01,-75.08826605934537,5.0708505160198225,0.31852585735143424,0.2525667433445944
2022-09-17,-75.08826605934537,5.0708505160198225,0.38748751852965596,0.2721719606030402
2022-10-03,-75.08826605934537,5.0708505160198225,0.41643200222503673,0.315414066651333
2022-10-19,-75.08826605934537,5.0708505160198225,0.45470731904132067,0.34108403183118835
2022-11-04,-75.08826605934537,5.0708505160198225,0.473871360678779,0.38239195444612334
2022-11-20,-75.08826605934537,5.0708505160198225,0.5489962603408796,0.38976012512585345
2022-12-06,-75.08826605934537,5.0708505160198225,0.5331092358216247,0.42041462568688637
2022-12-22,-75.08826605934537,5.0708505160198225,0.6183731190893791,0.46799355358641537
2023-01-07,-75.08826605934537,5.0708505160198225,0.6387970588101075,0.49631576203351485
2023-01-23,-75.08826605934537,5.0708505160198225,0.6280516803574001,0.46595447592289374
2023-02-08,-75.08826605934537,5.0708505160198225,0.6065859974437494,0.46335833856091607
2023-02-24,-75.08826605934537,5.0708505160198225,0.6224585403688655,0.4647858418503297
2023-03-12,-75.08826605934537,5.0708505160198225,0.5939983299894938,0.45296179696116856
2023-03-28,-75.08826605934537,5.0708505160198225,0.5346604147242215,0.44909750038964563
2023-04-13,-75.08826605934537,5.0708505160198225,0.5181258711108718,0.4221665882209182
2023-04-29,-75.08826605934537,5.0708505160198225,0.42575774232028785,0.3631619567833417
2023-05-15,-75.08826605934537,5.0708505160198225,0.398584115100368,0.2943882627302059
2023-05-31,-75.08826605934537,5.0708505160198225,0.3205696018733313,0.2469530178960749
2023-06-16,-75.08826605934537,5.0708505160198225,0.31337076223752147,0.24319314824908092
2023-07-02,-75.08826605934537,5.0708505160198225,0.29301168208951955,0.25571275832303575
2023-07-18,-75.08826605934537,5.0708505160198225,0.3198182704353847,0.28546113434153003
2023-08-03,-75.08826605934537,5.0708505160198225,0.29277084166960604,0.2505617161463641
2023-08-19,-75.08826605934537,5.0708505160198225,0.2931872928219211,0.2240519791459267
2023-09-04,-75.08826605934537,5.0708505160198225,0.342978105530151,0.2482744484426061
2023-09-20,-75.08826605934537,5.0708505160198225,0.3800207283495924,0.26672122255516767
2023-10-06,-75.08826605934537,5.0708505160198225,0.40564926937510654,0.2953884158927005
2023-10-22,-75.08826605934537,5.0708505160198225,0.4763558820496592,0.38054079866976476
2023-11-07,-75.08826605934537,5.0708505160198225,0.5225785867733277,0.4152647441058835
2023-11-23,-75.08826605934537,5.0708505160198225,0.5259742919762408,0.3858213308680058
2023-12-09,-75.08826605934537,5.0708505160198225,0.6019243545299784,0.45830708101331097
2023-12-25,-75.08826605934537,5.0708505160198225,0.5935225921462689,0.4638233219530197
2024-01-10,-75.08826605934537,5.0708505160198225,0.6123009443681704,0.4436784370482534
2024-01-26,-75.08826605934537,5.0708505160198225,0.6330659775499545,0.4749228704691506
2024-02-11,-75.08826605934537,5.0708505160198225,0.601459491689699,0.4399572482623322
2024-02-27,-75.08826605934537,5.0708505160198225,0.5681626730371515,0.4182070398566864
2024-03-14,-75.08826605934537,5.0708505160198225,0.5799352954043837,0.43984248081305105
2024-03-30,-75.08826605934537,5.0708505160198225,0.5386029509444158,0.4142735839618059
2024-04-15,-75.08826605934537,5.0708505160198225,0.46470407817666204,0.31554523313681165
2024-05-01,-75.08826605934537,5.0708505160198225,0.4151541949569798,0.2979409299957845
2024-05-17,-75.08826605934537,5.0708505160198225,0.37794709848087094,0.3030807223978476
2024-06-02,-75.08826605934537,5.0708505160198225,0.37711670082643234,0.32707511842535714
2024-06-18,-75.08826605934537,5.0708505160198225,0.3154298686912118,0.26852136763969714
2024-07-04,-75.08826605934537,5.0708505160198225,0.34577753989154686,0.2546878797578829
2024-07-20,-75.08826605934537,5.0708505160198225,0.31818255434887854,0.2634515807444831
2024-08-05,-75.08826605934537,5.0708505160198225,0.3141986089142807,0.23292112114141766
2024-08-21,-75.08826605934537,5.0708505160198225,0.3208999428588337,0.1934741867708647
2024-09-06,-75.08826605934537,5.0708505160198225,0.36296752945307226,0.25802826054073563
2024-09-22,-75.08826605934537,5.0708505160198225,0.37608525678104854,0.2905077755886727
2024-10-08,-75.08826605934537,5.0708505160198225,0.4098065234887642,0.32347649044218546
2024-10-24,-75.08826605934537,5.0708505160198225,0.4918429126576148,0.360878320259266
2024-11-09,-75.08826605934537,5.0708505160198225,0.5230735880216758,0.368500769133172
2024-11-25,-75.08826605934537,5.0708505160198225,0.5771673735717313,0.4366228149998238
2024-12-11,-75.08826605934537,5.0708505160198225,0.5980193483997706,0.4585523188932905
2024-12-27,-75.08826605934537,5.0708505160198225,0.6010484043620334,0.4204051377731064
2015-01-01,-74.53838005575653,4.967362498547296,0.3976114695760916,0.28691742545342874
2015-01-17,-74.53838005575653,4.967362498547296,0.3816864113167057,0.2599205056955942
2015-02-02,-74.53838005575653,4.967362498547296,0.46301802549605436,0.37650986178778395
2015-02-18,-74.53838005575653,4.967362498547296,0.5292849001694738,0.3850371180669183
2015-03-06,-74.53838005575653,4.967362498547296,0.6173036174091926,0.4523430971311211
2015-03-22,-74.53838005575653,4.967362498547296,0.7199252416907039,0.5143429277769929
2015-04-07,-74.53838005575653,4.967362498547296,0.830242169689063,0.6197852057066042
2015-04-23,-74.53838005575653,4.967362498547296,0.9377759603484287,0.6798605502903212
2015-05-09,-74.53838005575653,4.967362498547296,0.95,0.7403269079597297
2015-05-25,-74.53838005575653,4.967362498547296,0.95,0.7045987877297626
2015-06-10,-74.53838005575653,4.967362498547296,0.95,0.6943035714952088
2015-06-26,-74.53838005575653,4.967362498547296,0.95,0.7129139196849271
2015-07-12,-74.53838005575653,4.967362498547296,0.95,0.7583701064665171
2015-07-28,-74.53838005575653,4.967362498547296,0.9358513311253563,0.703200743888361
2015-08-13,-74.53838005575653,4.967362498547296,0.8601296171981085,0.6397570221167448
2015-08-29,-74.53838005575653,4.967362498547296,0.783510676853298,0.5875743991234683
2015-09-14,-74.53838005575653,4.967362498547296,0.7009717552046846,0.5418261433743349
2015-09-30,-74.53838005575653,4.967362498547296,0.6157241977788143,0.47587880874210076
2015-10-16,-74.53838005575653,4.967362498547296,0.5270114391305307,0.39988363045001585
2015-11-01,-74.53838005575653,4.967362498547296,0.450850984460071,0.35820047303180624
2015-11-17,-74.53838005575653,4.967362498547296,0.4084326806696879,0.3031630134120079
2015-12-03,-74.53838005575653,4.967362498547296,0.36640662360982323,0.27262018088242745
2015-12-19,-74.53838005575653,4.967362498547296,0.3632380632416443,0.2713013254068548
2016-01-04,-74.53838005575653,4.967362498547296,0.36876452493959233,0.29187140481005946
2016-01-20,-74.53838005575653,4.967362498547296,0.4373578424148898,0.36369551856918225
2016-02-05,-74.53838005575653,4.967362498547296,0.4700417615088474,0.36586009563467764
2016-02-21,-74.53838005575653,4.967362498547296,0.521090444714784,0.40739869483652574
2016-03-08,-74.53838005575653,4.967362498547296,0.6173248108484182,0.4433069860648679
2016-03-24,-74.53838005575653,4.967362498547296,0.7437366134676072,0.5453724793922592
2016-04-09,-74.53838005575653,4.967362498547296,0.8091807992466483,0.5971892789850193
2016-04-25,-74.53838005575653,4.967362498547296,0.9162387602885675,0.6685212622880707
2016-05-11,-74.53838005575653,4.967362498547296,0.95,0.7049268743092132
2016-05-27,-74.53838005575653,4.967362498547296,0.95,0.7294584350816568
2016-06-12,-74.53838005575653,4.967362498547296,0.95,0.7334021883752863
2016-06-28,-74.53838005575653,4.967362498547296,0.95,0.7172258439719333
2016-07-14,-74.53838005575653,4.967362498547296,0.95,0.7199226920541956
2016-07-30,-74.53838005575653,4.967362498547296,0.95,0.7150433112257005
2016-08-15,-74.53838005575653,4.967362498547296,0.8489459124156348,0.6320662096182152
2016-08-31,-74.53838005575653,4.967362498547296,0.7448908161062979,0.5876473778030126
2016-09-16,-74.53838005575653,4.967362498547296,0.6904750898424798,0.49687835925590296
2016-10-02,-74.53838005575653,4.967362498547296,0.5744429740246315,0.43113787810145016
2016-10-18,-74.53838005575653,4.967362498547296,0.5313098214308669,0.37546256789841076
2016-11-03,-74.53838005575653,4.967362498547296,0.46637614197124816,0.347949435439298
2016-11-19,-74.53838005575653,4.967362498547296,0.3756469237660544,0.27238138429308123
2016-12-05,-74.53838005575653,4.967362498547296,0.4018307497100326,0.27360879555161766
2016-12-21,-74.53838005575653,4.967362498547296,0.3493586066124202,0.28107062665201354
2017-01-06,-74.53838005575653,4.967362498547296,0.38813666900457544,0.2752776853882705
2017-01-22,-74.53838005575653,4.967362498547296,0.4467190468938068,0.3552851998337387
2017-02-07,-74.53838005575653,4.967362498547296,0.49763017330158277,0.3609746982245168
2017-02-23,-74.53838005575653,4.967362498547296,0.5605862533036303,0.4261332112836907
2017-03-11,-74.53838005575653,4.967362498547296,0.6314982390213119,0.5001793768886462
2017-03-27,-74.53838005575653,4.967362498547296,0.7823275333098784,0.5820265529856034
2017-04-12,-74.53838005575653,4.967362498547296,0.8418054495521234,0.6550701280210791
2017-04-28,-74.53838005575653,4.967362498547296,0.9494180847605964,0.7432031902802613
2017-05-14,-74.53838005575653,4.967362498547296,0.9347824865395055,0.6947757911380787
2017-05-30,-74.53838005575653,4.967362498547296,0.95,0.7026156540619612
2017-06-15,-74.53838005575653,4.967362498547296,0.95,0.7450875034560526
2017-07-01,-74.53838005575653,4.967362498547296,0.95,0.7092519996018855
2017-07-17,-74.53838005575653,4.967362498547296,0.95,0.7085974311178765
2017-08-02,-74.53838005575653,4.967362498547296,0.9169591532105201,0.7068045232028273
2017-08-18,-74.53838005575653,4.967362498547296,0.8304510706423898,0.570503310882677
2017-09-03,-74.53838005575653,4.967362498547296,0.731125121756206,0.52777780906302
2017-09-19,-74.53838005575653,4.967362498547296,0.6597486139129406,0.49855494844700976
2017-10-05,-74.53838005575653,4.967362498547296,0.5623748890654202,0.39755915499386657
2017-10-21,-74.53838005575653,4.967362498547296,0.4846528182371081,0.3411765336546354
2017-11-06,-74.53838005575653,4.967362498547296,0.4256710700659983,0.3073075546315974
2017-11-22,-74.53838005575653,4.967362498547296,0.40332088559905904,0.2827000764979018
2017-12-08,-74.53838005575653,4.967362498547296,0.357985867805294,0.25758894725563514
2017-12-24,-74.53838005575653,4.967362498547296,0.3815722617405698,0.2830936107850732
2018-01-09,-74.53838005575653,4.967362498547296,0.41130461408950786,0.28543105704703475
2018-01-25,-74.53838005575653,4.967362498547296,0.4369621051429495,0.3162037585166134
2018-02-10,-74.53838005575653,4.967362498547296,0.4802573082430124,0.35884276036255813
2018-02-26,-74.53838005575653,4.967362498547296,0.6203979357402337,0.4482402757466526
2018-03-14,-74.53838005575653,4.967362498547296,0.6721807879033059,0.47789095853562835
2018-03-30,-74.53838005575653,4.967362498547296,0.7358569270456077,0.5361476486973478
2018-04-15,-74.53838005575653,4.967362498547296,0.8408666505137999,0.622538327066727
2018-05-01,-74.53838005575653,4.967362498547296,0.9182896199625356,0.6557505621578342
2018-05-17,-74.53838005575653,4.967362498547296,0.95,0.7225351694680734
2018-06-02,-74.53838005575653,4.967362498547296,0.95,0.7053970861030985
2018-06-18,-74.53838005575653,4.967362498547296,0.95,0.6968546615595265
2018-07-04,-74.53838005575653,4.967362498547296,0.95,0.6820774744122993
2018-07-20,-74.53838005575653,4.967362498547296,0.95,0.7198160146618738
2018-08-05,-74.53838005575653,4.967362498547296,0.910012411970804,0.7050056695042197
2018-08-21,-74.53838005575653,4.967362498547296,0.8264067705657627,0.6074479556750838
2018-09-06,-74.53838005575653,4.967362498547296,0.7739301511658903,0.6172629294191135
2018-09-22,-74.53838005575653,4.967362498547296,0.6420085125805419,0.4792315196932501
2018-10-08,-74.53838005575653,4.967362498547296,0.5889183521096935,0.44012586404605464
2018-10-24,-74.53838005575653,4.967362498547296,0.5014147705129858,0.39166914983450696
2018-11-09,-74.53838005575653,4.967362498547296,0.4150647327809167,0.31968404285369273
2018-11-25,-74.53838005575653,4.967362498547296,0.3830221696783528,0.26292925539088935
2018-12-11,-74.53838005575653,4.967362498547296,0.3434893875607221,0.2445687021826142
2018-12-27,-74.53838005575653,4.967362498547296,0.3867878256129629,0.3093180324559887
2019-01-12,-74.53838005575653,4.967362498547296,0.4125772377487879,0.31823514237690326
2019-01-28,-74.53838005575653,4.967362498547296,0.4574102911157925,0.348608927327941
2019-02-13,-74.53838005575653,4.967362498547296,0.5272059239782617,0.4049116946569803
2019-03-01,-74.53838005575653,4.967362498547296,0.573921982361903,0.41463654385254245
2019-03-17,-74.53838005575653,4.967362498547296,0.6711912511818808,0.5255363385394908
2019-04-02,-74.53838005575653,4.967362498547296,0.8146475404449833,0.567604696925494
2019-04-18,-74.53838005575653,4.967362498547296,0.8959253048102452,0.6736784060783145
2019-05-04,-74.53838005575653,4.967362498547296,0.95,0.7226293430916978
2019-05-20,-74.53838005575653,4.967362498547296,0.95,0.7166948486671498
2019-06-05,-74.53838005575653,4.967362498547296,0.95,0.7103865023245357
2019-06-21,-74.53838005575653,4.967362498547296,0.95,0.7081807779693128
2019-07-07,-74.53838005575653,4.967362498547296,0.95,0.711186052227191
2019-07-23,-74.53838005575653,4.967362498547296,0.9468634217527219,0.6884279986483105
2019-08-08,-74.53838005575653,4.967362498547296,0.8879164476203685,0.6700287687092829
2019-08-24,-74.53838005575653,4.967362498547296,0.7782040427240073,0.5680515038287051
2019-09-09,-74.53838005575653,4.967362498547296,0.6896641253045042,0.5049065968988173
2019-09-25,-74.53838005575653,4.967362498547296,0.6629353792496759,0.47347920680268024
2019-10-11,-74.53838005575653,4.967362498547296,0.5664586934975909,0.48182052266943964
2019-10-27,-74.53838005575653,4.967362498547296,0.5054155551589866,0.38173193397706423
2019-11-12,-74.53838005575653,4.967362498547296,0.4337384980826013,0.2979102175132151
2019-11-28,-74.53838005575653,4.967362498547296,0.3461082033622675,0.2601551147032885
2019-12-14,-74.53838005575653,4.967362498547296,0.3702764540398454,0.29959542621486884
2019-12-30,-74.53838005575653,4.967362498547296,0.36052905581823996,0.2742647015509129
2020-01-15,-74.53838005575653,4.967362498547296,0.4088352252640052,0.30399853683647454
2020-01-31,-74.53838005575653,4.967362498547296,0.4595567927726114,0.32757350452666734
2020-02-16,-74.53838005575653,4.967362498547296,0.5393857017043774,0.40844027588218457
2020-03-03,-74.53838005575653,4.967362498547296,0.6097218610993647,0.4706068811449948
2020-03-19,-74.53838005575653,4.967362498547296,0.7293674060513061,0.5605730804579888
2020-04-04,-74.53838005575653,4.967362498547296,0.7770025935996968,0.5847448605370125
2020-04-20,-74.53838005575653,4.967362498547296,0.8607034711382973,0.6474586982797196
2020-05-06,-74.53838005575653,4.967362498547296,0.9277899591012972,0.7213857360730687
2020-05-22,-74.53838005575653,4.967362498547296,0.95,0.7355597861068477
2020-06-07,-74.53838005575653,4.967362498547296,0.95,0.7070880057685266
2020-06-23,-74.53838005575653,4.967362498547296,0.95,0.747334476574003
2020-07-09,-74.53838005575653,4.967362498547296,0.95,0.68540838715056
2020-07-25,-74.53838005575653,4.967362498547296,0.95,0.7153755133652743
2020-08-10,-74.53838005575653,4.967362498547296,0.9121826897837478,0.6889964108974278
2020-08-26,-74.53838005575653,4.967362498547296,0.8010563156717738,0.6313146529293241
2020-09-11,-74.53838005575653,4.967362498547296,0.681847770394775,0.4996785817040211
2020-09-27,-74.53838005575653,4.967362498547296,0.6044956699375686,0.40947015688171085
2020-10-13,-74.53838005575653,4.967362498547296,0.5546099417430155,0.40480908802760285
2020-10-29,-74.53838005575653,4.967362498547296,0.4818496419539062,0.3691689612901218
2020-11-14,-74.53838005575653,4.967362498547296,0.4197067214342669,0.3056720514588872
2020-11-30,-74.53838005575653,4.967362498547296,0.3575610553713865,0.2699660090329343
2020-12-16,-74.53838005575653,4.967362498547296,0.38058917911614465,0.28443424422743363
2021-01-01,-74.53838005575653,4.967362498547296,0.36079872706176697,0.24661868346835805
2021-01-17,-74.53838005575653,4.967362498547296,0.41554489253186727,0.3005773187003297
2021-02-02,-74.53838005575653,4.967362498547296,0.46781773400736176,0.3460877248605482
2021-02-18,-74.53838005575653,4.967362498547296,0.5349651889186103,0.407099962904148
2021-03-06,-74.53838005575653,4.967362498547296,0.6407319210544411,0.5198545196838464
2021-03-22,-74.53838005575653,4.967362498547296,0.7353091328661266,0.5833554962390778
2021-04-07,-74.53838005575653,4.967362498547296,0.7921829631344892,0.5621183269363265
2021-04-23,-74.53838005575653,4.967362498547296,0.8879046637395188,0.6830890426876212
2021-05-09,-74.53838005575653,4.967362498547296,0.95,0.7367276314465314
2021-05-25,-74.53838005575653,4.967362498547296,0.9475385527866035,0.7357134524876368
2021-06-10,-74.53838005575653,4.967362498547296,0.95,0.6816197330974997
2021-06-26,-74.53838005575653,4.967362498547296,0.95,0.7158896515366592
2021-07-12,-74.53838005575653,4.967362498547296,0.95,0.7324821830063072
2021-07-28,-74.53838005575653,4.967362498547296,0.9496471756372319,0.6827788797585301
2021-08-13,-74.53838005575653,4.967362498547296,0.8697938404707192,0.6199924769360216
2021-08-29,-74.53838005575653,4.967362498547296,0.80364947668936,0.6306965123487008
2021-09-14,-74.53838005575653,4.967362498547296,0.6764345141622004,0.4938966104110021
2021-09-30,-74.53838005575653,4.967362498547296,0.5935324126143954,0.4360712040220298
2021-10-16,-74.53838005575653,4.967362498547296,0.5354561187306167,0.39273070660593934
2021-11-01,-74.53838005575653,4.967362498547296,0.4687277015677169,0.3728533715773072
2021-11-17,-74.53838005575653,4.967362498547296,0.42401541730595493,0.29564794107207326
2021-12-03,-74.53838005575653,4.967362498547296,0.3978834051903041,0.3277339995902528
2021-12-19,-74.53838005575653,4.967362498547296,0.39368278339284707,0.29210579115028135
2022-01-04,-74.53838005575653,4.967362498547296,0.364904508577614,0.2539935576036088
2022-01-20,-74.53838005575653,4.967362498547296,0.39876072483243,0.2993043517576199
2022-02-05,-74.53838005575653,4.967362498547296,0.49907139285155117,0.40043471345841025
2022-02-21,-74.53838005575653,4.967362498547296,0.5495620487131907,0.41139777119328724
2022-03-09,-74.53838005575653,4.967362498547296,0.6443727020805329,0.47057392156309685
2022-03-25,-74.53838005575653,4.967362498547296,0.7518070974825033,0.571112288044342
2022-04-10,-74.53838005575653,4.967362498547296,0.8271843329490987,0.6275543584957426
2022-04-26,-74.53838005575653,4.967362498547296,0.9139552654093467,0.6975751894396178
2022-05-12,-74.53838005575653,4.967362498547296,0.9463905269464987,0.7277194661847329
2022-05-28,-74.53838005575653,4.967362498547296,0.95,0.7038076761003946
2022-06-13,-74.53838005575653,4.967362498547296,0.95,0.719389549534501
2022-06-29,-74.53838005575653,4.967362498547296,0.95,0.6915768874302963
2022-07-15,-74.53838005575653,4.967362498547296,0.95,0.7129633271261965
2022-07-31,-74.53838005575653,4.967362498547296,0.9193863324621774,0.6788045873494905
2022-08-16,-74.53838005575653,4.967362498547296,0.8381155116017103,0.5937683360261478
2022-09-01,-74.53838005575653,4.967362498547296,0.7878194128582424,0.6304822876521211
2022-09-17,-74.53838005575653,4.967362498547296,0.6518651207138313,0.4698902822167663
2022-10-03,-74.53838005575653,4.967362498547296,0.6098010036101132,0.4564380145341565
2022-10-19,-74.53838005575653,4.967362498547296,0.5293582984096001,0.39498431334422335
2022-11-04,-74.53838005575653,4.967362498547296,0.43249540514857715,0.31985471164797025
2022-11-20,-74.53838005575653,4.967362498547296,0.34661000302107703,0.23708781535283846
2022-12-06,-74.53838005575653,4.967362498547296,0.3858252596518124,0.31320694162243623
2022-12-22,-74.53838005575653,4.967362498547296,0.3921197868331895,0.3029072270538528
2023-01-07,-74.53838005575653,4.967362498547296,0.34075662845621646,0.2428673407584195
2023-01-23,-74.53838005575653,4.967362498547296,0.4573479354556842,0.3754720363654342
2023-02-08,-74.53838005575653,4.967362498547296,0.5227894331646655,0.3873670255781032
2023-02-24,-74.53838005575653,4.967362498547296,0.5489156351483808,0.410874094562116
2023-03-12,-74.53838005575653,4.967362498547296,0.6636893234915477,0.5290782890204899
2023-03-28,-74.53838005575653,4.967362498547296,0.7584707094514717,0.5691866556662192
2023-04-13,-74.53838005575653,4.967362498547296,0.8412584636178791,0.6389410243086631
2023-04-29,-74.53838005575653,4.967362498547296,0.9270697002335253,0.680811526494784
2023-05-15,-74.53838005575653,4.967362498547296,0.95,0.7399111704280938
2023-05-31,-74.53838005575653,4.967362498547296,0.95,0.7452549491840954
2023-06-16,-74.53838005575653,4.967362498547296,0.95,0.7008091773433794
2023-07-02,-74.53838005575653,4.967362498547296,0.95,0.7125068377815654
2023-07-18,-74.53838005575653,4.967362498547296,0.9482028026422454,0.719680665064204
2023-08-03,-74.53838005575653,4.967362498547296,0.9186846065733129,0.6846924891611451
2023-08-19,-74.53838005575653,4.967362498547296,0.8307106042992873,0.6223408332338535
2023-09-04,-74.53838005575653,4.967362498547296,0.7460174737351372,0.6082037586783361
2023-09-20,-74.53838005575653,4.967362498547296,0.6623923905005094,0.4893191537989998
2023-10-06,-74.53838005575653,4.967362498547296,0.5677860907443469,0.46137858491502404
2023-10-22,-74.53838005575653,4.967362498547296,0.46582967427581273,0.35656090414484787
2023-11-07,-74.53838005575653,4.967362498547296,0.42841466436113096,0.29284299617800796
2023-11-23,-74.53838005575653,4.967362498547296,0.37093641079098955,0.2845413879713588
2023-12-09,-74.53838005575653,4.967362498547296,0.3471342775906803,0.2655419867574111
2023-12-25,-74.53838005575653,4.967362498547296,0.40082206957845123,0.30402856572818515
2024-01-10,-74.53838005575653,4.967362498547296,0.3635613183537324,0.25573506352836145
2024-01-26,-74.53838005575653,4.967362498547296,0.4359021958778206,0.31988194452847224
2024-02-11,-74.53838005575653,4.967362498547296,0.5125234020954064,0.3906414104131161
2024-02-27,-74.53838005575653,4.967362498547296,0.6257441926560672,0.4692337511902925
2024-03-14,-74.53838005575653,4.967362498547296,0.6573629808241155,0.5160983582230579
2024-03-30,-74.53838005575653,4.967362498547296,0.7958337440898772,0.6015241699475272
2024-04-15,-74.53838005575653,4.967362498547296,0.8499079857272276,0.6498819173464019
2024-05-01,-74.53838005575653,4.967362498547296,0.9226212648704345,0.6508517700772762
2024-05-17,-74.53838005575653,4.967362498547296,0.95,0.7303450295394914
2024-06-02,-74.53838005575653,4.967362498547296,0.95,0.6978848311409486
2024-06-18,-74.53838005575653,4.967362498547296,0.95,0.7174559911570596
2024-07-04,-74.53838005575653,4.967362498547296,0.95,0.7147971207657242
2024-07-20,-74.53838005575653,4.967362498547296,0.95,0.7167349880316563
2024-08-05,-74.53838005575653,4.967362498547296,0.9193930917626973,0.7139505693137094
2024-08-21,-74.53838005575653,4.967362498547296,0.8127061398612312,0.6060835778001596
2024-09-06,-74.53838005575653,4.967362498547296,0.7324138519024603,0.5379969417828441
2024-09-22,-74.53838005575653,4.967362498547296,0.617914236735897,0.46392012666898197
2024-10-08,-74.53838005575653,4.967362498547296,0.572357691145288,0.4261662733209886
2024-10-24,-74.53838005575653,4.967362498547296,0.4848892786451547,0.3720356975420487
2024-11-09,-74.53838005575653,4.967362498547296,0.451206101390837,0.330009285452667
2024-11-25,-74.53838005575653,4.967362498547296,0.3577649156415944,0.2665148837913235
2024-12-11,-74.53838005575653,4.967362498547296,0.400529960368414,0.2771794591077427
2024-12-27,-74.53838005575653,4.967362498547296,0.3823535370661891,0.3099234173853441
2015-01-01,-74.55337344823879,4.780614808115126,0.3285868442526524,0.23986876327197687
2015-01-17,-74.55337344823879,4.780614808115126,0.304809255937098,0.21879140109768816
2015-02-02,-74.55337344823879,4.780614808115126,0.3028908678005904,0.25098398732737537
2015-02-18,-74.55337344823879,4.780614808115126,0.3129798237348761,0.19975369933572526
2015-03-06,-74.55337344823879,4.780614808115126,0.4153788599399541,0.3076937897681539
2015-03-22,-74.55337344823879,4.780614808115126,0.4598712855680966,0.34267912170141906
2015-04-07,-74.55337344823879,4.780614808115126,0.5648736259688645,0.41317419493428104
2015-04-23,-74.55337344823879,4.780614808115126,0.6735038184038796,0.4858826123267318
2015-05-09,-74.55337344823879,4.780614808115126,0.7619492223763396,0.5271679916765596
2015-05-25,-74.55337344823879,4.780614808115126,0.8900495024349091,0.6640153728949892
2015-06-10,-74.55337344823879,4.780614808115126,0.95,0.7220314916853249
2015-06-26,-74.55337344823879,4.780614808115126,0.95,0.712344489428513
2015-07-12,-74.55337344823879,4.780614808115126,0.95,0.693274311747761
2015-07-28,-74.55337344823879,4.780614808115126,0.95,0.7104778813298949
2015-08-13,-74.55337344823879,4.780614808115126,0.95,0.7410092834649884
2015-08-29,-74.55337344823879,4.780614808115126,0.95,0.6981703721975892
2015-09-14,-74.55337344823879,4.780614808115126,0.9376079548227395,0.7058660977568166
2015-09-30,-74.55337344823879,4.780614808115126,0.8546083780162359,0.6463912041708623
2015-10-16,-74.55337344823879,4.780614808115126,0.7576573676975104,0.5404298908037312
2015-11-01,-74.55337344823879,4.780614808115126,0.6084825671820876,0.44888974448872593
2015-11-17,-74.55337344823879,4.780614808115126,0.560726218893921,0.4132972834791692
2015-12-03,-74.55337344823879,4.780614808115126,0.482750442088247,0.3611250975802073
2015-12-19,-74.55337344823879,4.780614808115126,0.4110501930332782,0.33132571356024476
2016-01-04,-74.55337344823879,4.780614808115126,0.35379020412766743,0.24127242041161054
2016-01-20,-74.55337344823879,4.780614808115126,0.3087917220239201,0.25604926126758637
2016-02-05,-74.55337344823879,4.780614808115126,0.31823944340274807,0.24976678065204042
2016-02-21,-74.55337344823879,4.780614808115126,0.31771020983531734,0.27665845598864935
2016-03-08,-74.55337344823879,4.780614808115126,0.38818450923222836,0.25124987908916735
2016-03-24,-74.55337344823879,4.780614808115126,0.4769890003330273,0.30879207321934915
2016-04-09,-74.55337344823879,4.780614808115126,0.5577334952011197,0.4694703580629287
2016-04-25,-74.55337344823879,4.780614808115126,0.6754913571596953,0.4780627745101757
2016-05-11,-74.55337344823879,4.780614808115126,0.7876722029618387,0.5727980773207395
2016-05-27,-74.55337344823879,4.780614808115126,0.9011033040398697,0.6580365824421814
2016-06-12,-74.55337344823879,4.780614808115126,0.95,0.6895588192625507
2016-06-28,-74.55337344823879,4.780614808115126,0.95,0.7225724744005462
2016-07-14,-74.55337344823879,4.780614808115126,0.95,0.7066408349873742
2016-07-30,-74.55337344823879,4.780614808115126,0.95,0.6972817304038496
2016-08-15,-74.55337344823879,4.780614808115126,0.95,0.746066577009239
2016-08-31,-74.55337344823879,4.780614808115126,0.95,0.6699116218672315
2016-09-16,-74.55337344823879,4.780614808115126,0.9046736541988812,0.6970597330491437
2016-10-02,-74.55337344823879,4.780614808115126,0.8329751804585849,0.6220497533412113
2016-10-18,-74.55337344823879,4.780614808115126,0.7601856307697292,0.5545958912938509
2016-11-03,-74.55337344823879,4.780614808115126,0.6445754825650386,0.47007394892802706
2016-11-19,-74.55337344823879,4.780614808115126,0.5428572606116735,0.39932024044336195
2016-12-05,-74.55337344823879,4.780614808115126,0.43777862133035794,0.34473663914799396
2016-12-21,-74.55337344823879,4.780614808115126,0.38738589551926433,0.28723086193135655
2017-01-06,-74.55337344823879,4.780614808115126,0.31876758172603853,0.27105863798416197
2017-01-22,-74.55337344823879,4.780614808115126,0.31919690547151364,0.23157484293047753
2017-02-07,-74.55337344823879,4.780614808115126,0.3022963275426787,0.24722019579585183
2017-02-23,-74.55337344823879,4.780614808115126,0.3537521193302393,0.26204302959515774
2017-03-11,-74.55337344823879,4.780614808115126,0.4152478641436269,0.31819183560046005
2017-03-27,-74.55337344823879,4.780614808115126,0.4941006576093984,0.39464923054390866
2017-04-12,-74.55337344823879,4.780614808115126,0.6172862503801738,0.4736024501691663
2017-04-28,-74.55337344823879,4.780614808115126,0.7237359958735095,0.5429719322678965
2017-05-14,-74.55337344823879,4.780614808115126,0.8136170399773511,0.6303019063604522
2017-05-30,-74.55337344823879,4.780614808115126,0.9153794503718373,0.7048545707336449
2017-06-15,-74.55337344823879,4.780614808115126,0.95,0.7516425623127616
2017-07-01,-74.55337344823879,4.780614808115126,0.95,0.7093955842487957
2017-07-17,-74.55337344823879,4.780614808115126,0.95,0.7051386571047237
2017-08-02,-74.55337344823879,4.780614808115126,0.95,0.7399972961141649
2017-08-18,-74.55337344823879,4.780614808115126,0.95,0.7158962981749218
2017-09-03,-74.55337344823879,4.780614808115126,0.95,0.7249143146143947
2017-09-19,-74.55337344823879,4.780614808115126,0.9018974736544376,0.6537038667586471
2017-10-05,-74.55337344823879,4.780614808115126,0.8297197274763979,0.6082751039976457
2017-10-21,-74.55337344823879,4.780614808115126,0.712234981745587,0.5376120286131826
2017-11-06,-74.55337344823879,4.780614808115126,0.6349586939714345,0.4598510107211416
2017-11-22,-74.55337344823879,4.780614808115126,0.499628178617643,0.37519080729687776
2017-12-08,-74.55337344823879,4.780614808115126,0.44348359684124783,0.36186780146814834
2017-12-24,-74.55337344823879,4.780614808115126,0.3438115019549365,0.2514992844407948
2018-01-09,-74.55337344823879,4.780614808115126,0.3456716879440141,0.298715656680785
2018-01-25,-74.55337344823879,4.780614808115126,0.2868379559994157,0.20035222860342877
2018-02-10,-74.55337344823879,4.780614808115126,0.32765663767236597,0.23418761541041272
2018-02-26,-74.55337344823879,4.780614808115126,0.3459707054006893,0.2643674411778951
2018-03-14,-74.55337344823879,4.780614808115126,0.4579505345999804,0.3172732550479976
2018-03-30,-74.55337344823879,4.780614808115126,0.5424610654093914,0.3953504146853858
2018-04-15,-74.55337344823879,4.780614808115126,0.6182203434532774,0.49548227201199524
2018-05-01,-74.55337344823879,4.780614808115126,0.7224504834010808,0.5358880415868268
2018-05-17,-74.55337344823879,4.780614808115126,0.8328884962169864,0.621203048116091
2018-06-02,-74.55337344823879,4.780614808115126,0.9217416996878206,0.6872126547983091
2018-06-18,-74.55337344823879,4.780614808115126,0.95,0.6846153661489955
2018-07-04,-74.55337344823879,4.780614808115126,0.95,0.684321431502641
2018-07-20,-74.55337344823879,4.780614808115126,0.95,0.6819092356238045
2018-08-05,-74.55337344823879,4.780614808115126,0.95,0.6903498279086238
2018-08-21,-74.55337344823879,4.780614808115126,0.95,0.6926863929564832
2018-09-06,-74.55337344823879,4.780614808115126,0.95,0.7174667706753153
2018-09-22,-74.55337344823879,4.780614808115126,0.9352555049816424,0.6991202871513181
2018-10-08,-74.55337344823879,4.780614808115126,0.8064749490289064,0.6306713609932493
2018-10-24,-74.55337344823879,4.780614808115126,0.7216028771120229,0.549710457526255
2018-11-09,-74.55337344823879,4.780614808115126,0.5880193718818213,0.4501336870370982
2018-11-25,-74.55337344823879,4.780614808115126,0.4747851033257116,0.34361531650643173
2018-12-11,-74.55337344823879,4.780614808115126,0.44703353786098365,0.3613150070905602
2018-12-27,-74.55337344823879,4.780614808115126,0.3639280377065453,0.23435895385237582
2019-01-12,-74.55337344823879,4.780614808115126,0.2929246194064202,0.20610401598253378
2019-01-28,-74.55337344823879,4.780614808115126,0.30357366419523746,0.20267202513630883
2019-02-13,-74.55337344823879,4.780614808115126,0.3207678087368565,0.2759217613157495
2019-03-01,-74.55337344823879,4.780614808115126,0.37975646445895833,0.28919388092343945
2019-03-17,-74.55337344823879,4.780614808115126,0.42132252049231417,0.2832121946349855
2019-04-02,-74.55337344823879,4.780614808115126,0.505660055494453,0.34565725866001956
2019-04-18,-74.55337344823879,4.780614808115126,0.6322164284110819,0.48184003739645864
2019-05-04,-74.55337344823879,4.780614808115126,0.7162677945846853,0.5401592327366969
2019-05-20,-74.55337344823879,4.780614808115126,0.8662730920056414,0.6888587658511758
2019-06-05,-74.55337344823879,4.780614808115126,0.9424451362476441,0.7033370421065662
2019-06-21,-74.55337344823879,4.780614808115126,0.95,0.7395361996735591
2019-07-07,-74.55337344823879,4.780614808115126,0.95,0.7421413807559283
2019-07-23,-74.55337344823879,4.780614808115126,0.95,0.7018007409012501
2019-08-08,-74.55337344823879,4.780614808115126,0.95,0.718901682775515
2019-08-24,-74.55337344823879,4.780614808115126,0.95,0.7068037193061809
2019-09-09,-74.55337344823879,4.780614808115126,0.95,0.7168714249854797
2019-09-25,-74.55337344823879,4.780614808115126,0.8924814349673255,0.6628817019778696
2019-10-11,-74.55337344823879,4.780614808115126,0.8022237442335697,0.6227961306152344
2019-10-27,-74.55337344823879,4.780614808115126,0.7042461348930955,0.5367368058266844
2019-11-12,-74.55337344823879,4.780614808115126,0.5993885461748532,0.46696262131343447
2019-11-28,-74.55337344823879,4.780614808115126,0.5385773383453814,0.4282943451600102
2019-12-14,-74.55337344823879,4.780614808115126,0.40305567854392704,0.2840581731610079
2019-12-30,-74.55337344823879,4.780614808115126,0.3407849088423454,0.24895298451975947
2020-01-15,-74.55337344823879,4.780614808115126,0.32324126431486855,0.2284258233323654
2020-01-31,-74.55337344823879,4.780614808115126,0.33217661828978956,0.22134120359943624
2020-02-16,-74.55337344823879,4.780614808115126,0.29967076420088706,0.2220507529921583
2020-03-03,-74.55337344823879,4.780614808115126,0.3663179340014553,0.24957377342140555
2020-03-19,-74.55337344823879,4.780614808115126,0.444302215328169,0.3179969449145483
2020-04-04,-74.55337344823879,4.780614808115126,0.5485786558073692,0.39902457608924163
2020-04-20,-74.55337344823879,4.780614808115126,0.6394986906656629,0.4795267036348213
2020-05-06,-74.55337344823879,4.780614808115126,0.775362854058204,0.6109370498534289
2020-05-22,-74.55337344823879,4.780614808115126,0.8578214904254485,0.6478769801944968
2020-06-07,-74.55337344823879,4.780614808115126,0.9384597747391344,0.7134698034555323
2020-06-23,-74.55337344823879,4.780614808115126,0.95,0.7390169536617681
2020-07-09,-74.55337344823879,4.780614808115126,0.95,0.7078100451257557
2020-07-25,-74.55337344823879,4.780614808115126,0.95,0.7119743208491577
2020-08-10,-74.55337344823879,4.780614808115126,0.95,0.6865126664151904
2020-08-26,-74.55337344823879,4.780614808115126,0.95,0.6973614829920716
2020-09-11,-74.55337344823879,4.780614808115126,0.9175968093728294,0.70532906422982
2020-09-27,-74.55337344823879,4.780614808115126,0.8768676462668671,0.6553332527509856
2020-10-13,-74.55337344823879,4.780614808115126,0.7508928501934393,0.5609008087776696
2020-10-29,-74.55337344823879,4.780614808115126,0.6889196738606335,0.4843957696748991
2020-11-14,-74.55337344823879,4.780614808115126,0.5305636841599155,0.3853674566616884
2020-11-30,-74.55337344823879,4.780614808115126,0.46810354383853714,0.3411518199212273
2020-12-16,-74.55337344823879,4.780614808115126,0.4048698985780144,0.3254291028224778
2021-01-01,-74.55337344823879,4.780614808115126,0.34597546679528135,0.2706902469715831
2021-01-17,-74.55337344823879,4.780614808115126,0.316293167611327,0.2374100375268016
2021-02-02,-74.55337344823879,4.780614808115126,0.2839091988579454,0.1923720649914065
2021-02-18,-74.55337344823879,4.780614808115126,0.3102500297737403,0.22971742643108353
2021-03-06,-74.55337344823879,4.780614808115126,0.3958887184203552,0.26793129111963887
2021-03-22,-74.55337344823879,4.780614808115126,0.46908783235978746,0.33431154770463645
2021-04-07,-74.55337344823879,4.780614808115126,0.5393041050825448,0.3919710904806944
2021-04-23,-74.55337344823879,4.780614808115126,0.6409756658840327,0.49286493177221025
2021-05-09,-74.55337344823879,4.780614808115126,0.7646256575723447,0.5897735243190103
2021-05-25,-74.55337344823879,4.780614808115126,0.8577348326955082,0.6351874032839574
2021-06-10,-74.55337344823879,4.780614808115126,0.95,0.6800387905663932
2021-06-26,-74.55337344823879,4.780614808115126,0.95,0.7455904807529165
2021-07-12,-74.55337344823879,4.780614808115126,0.95,0.7058905906125794
2021-07-28,-74.55337344823879,4.780614808115126,0.95,0.7060647728021999
2021-08-13,-74.55337344823879,4.780614808115126,0.95,0.7047346331161667
2021-08-29,-74.55337344823879,4.780614808115126,0.95,0.6935675375016083
2021-09-14,-74.55337344823879,4.780614808115126,0.95,0.6970310329475642
2021-09-30,-74.55337344823879,4.780614808115126,0.8553754973607868,0.612656185232614
2021-10-16,-74.55337344823879,4.780614808115126,0.756900490443248,0.5445568469479812
2021-11-01,-74.55337344823879,4.780614808115126,0.6278909420736611,0.46873244835332417
2021-11-17,-74.55337344823879,4.780614808115126,0.5706558100955725,0.4368001313264753
2021-12-03,-74.55337344823879,4.780614808115126,0.4682015675427977,0.3485528320575181
2021-12-19,-74.55337344823879,4.780614808115126,0.37719346644522833,0.298717912603806
2022-01-04,-74.55337344823879,4.780614808115126,0.32150092357776205,0.25781437577227545
2022-01-20,-74.55337344823879,4.780614808115126,0.33316784744313727,0.23304814992283743
2022-02-05,-74.55337344823879,4.780614808115126,0.2989036389949231,0.21326381911790024
2022-02-21,-74.55337344823879,4.780614808115126,0.3161287034225615,0.22770847293424396
2022-03-09,-74.55337344823879,4.780614808115126,0.4300409920279268,0.3016192331742381
2022-03-25,-74.55337344823879,4.780614808115126,0.5105154372626076,0.37421768878789413
2022-04-10,-74.55337344823879,4.780614808115126,0.621716710838998,0.45265127182293996
2022-04-26,-74.55337344823879,4.780614808115126,0.6802125337133166,0.4919557389811394
2022-05-12,-74.55337344823879,4.780614808115126,0.7734122297587999,0.6068227556562676
2022-05-28,-74.55337344823879,4.780614808115126,0.8933036537491708,0.690554095895427
2022-06-13,-74.55337344823879,4.780614808115126,0.9394350064679846,0.7176728239141467
2022-06-29,-74.55337344823879,4.780614808115126,0.95,0.6857536297393428
2022-07-15,-74.55337344823879,4.780614808115126,0.95,0.7170707666682282
2022-07-31,-74.55337344823879,4.780614808115126,0.95,0.7268511682525532
2022-08-16,-74.55337344823879,4.780614808115126,0.95,0.741894586783874
2022-09-01,-74.55337344823879,4.780614808115126,0.95,0.7425403249090045
2022-09-17,-74.55337344823879,4.780614808115126,0.95,0.7051753996709592
2022-10-03,-74.55337344823879,4.780614808115126,0.8046518279289481,0.5758188926853286
2022-10-19,-74.55337344823879,4.780614808115126,0.7275523141226731,0.5859470673981533
2022-11-04,-74.55337344823879,4.780614808115126,0.6322687281264842,0.46185786375982685
2022-11-20,-74.55337344823879,4.780614808115126,0.5176316827094809,0.3617693155319949
2022-12-06,-74.55337344823879,4.780614808115126,0.46010112542107956,0.34323446917142797
2022-12-22,-74.55337344823879,4.780614808115126,0.414421989560863,0.3233806800991763
2023-01-07,-74.55337344823879,4.780614808115126,0.3426764527162102,0.2521652429223041
2023-01-23,-74.55337344823879,4.780614808115126,0.28523975225657994,0.19645819458585134
2023-02-08,-74.55337344823879,4.780614808115126,0.28942192260430283,0.23527433634958894
2023-02-24,-74.55337344823879,4.780614808115126,0.3468842206974726,0.2792131763149458
2023-03-12,-74.55337344823879,4.780614808115126,0.4202580367736082,0.3093371604647972
2023-03-28,-74.55337344823879,4.780614808115126,0.47754064590945283,0.3641881390913432
2023-04-13,-74.55337344823879,4.780614808115126,0.5941024110263302,0.4636204868288561
2023-04-29,-74.55337344823879,4.780614808115126,0.6885057177185498,0.5287014437588532
2023-05-15,-74.55337344823879,4.780614808115126,0.8389009948030832,0.6346268643955069
2023-05-31,-74.55337344823879,4.780614808115126,0.9162064958156343,0.6985926767852774
2023-06-16,-74.55337344823879,4.780614808115126,0.95,0.7199312084338765
2023-07-02,-74.55337344823879,4.780614808115126,0.95,0.7117744794296808
2023-07-18,-74.55337344823879,4.780614808115126,0.95,0.6883364862863766
2023-08-03,-74.55337344823879,4.780614808115126,0.95,0.6923328125731492
2023-08-19,-74.55337344823879,4.780614808115126,0.95,0.7208203326076752
2023-09-04,-74.55337344823879,4.780614808115126,0.95,0.7022057595483355
2023-09-20,-74.55337344823879,4.780614808115126,0.8964944414071792,0.6799382678173795
2023-10-06,-74.55337344823879,4.780614808115126,0.8138297353029146,0.5857517347450604
2023-10-22,-74.55337344823879,4.780614808115126,0.7559365228064966,0.5511242287856216
2023-11-07,-74.55337344823879,4.780614808115126,0.5926321499485379,0.43963139709781585
2023-11-23,-74.55337344823879,4.780614808115126,0.5386396717872047,0.3606450529779312
2023-12-09,-74.55337344823879,4.780614808115126,0.45125371867859854,0.32021081897982284
2023-12-25,-74.55337344823879,4.780614808115126,0.36707816521650005,0.261788484677899
2024-01-10,-74.55337344823879,4.780614808115126,0.360196036402679,0.2726394290348563
2024-01-26,-74.55337344823879,4.780614808115126,0.2925273990143468,0.2133737228240063
2024-02-11,-74.55337344823879,4.780614808115126,0.3236053484434903,0.24625754348786175
2024-02-27,-74.55337344823879,4.780614808115126,0.37336305170935064,0.27999419662836667
2024-03-14,-74.55337344823879,4.780614808115126,0.4042470938390969,0.29637996696128943
2024-03-30,-74.55337344823879,4.780614808115126,0.5304875433692889,0.38446800139938664
2024-04-15,-74.55337344823879,4.780614808115126,0.6312101721575173,0.47404199177729417
2024-05-01,-74.55337344823879,4.780614808115126,0.718143082840051,0.5624901899808301
2024-05-17,-74.55337344823879,4.780614808115126,0.7899260190343494,0.5789380963104691
2024-06-02,-74.55337344823879,4.780614808115126,0.9412720784102223,0.7425550420707374
2024-06-18,-74.55337344823879,4.780614808115126,0.95,0.713507110606766
2024-07-04,-74.55337344823879,4.780614808115126,0.95,0.7288485565447133
2024-07-20,-74.55337344823879,4.780614808115126,0.95,0.7187618386934951
2024-08-05,-74.55337344823879,4.780614808115126,0.95,0.7216954760088904
2024-08-21,-74.55337344823879,4.780614808115126,0.95,0.6941326152619983
2024-09-06,-74.55337344823879,4.780614808115126,0.95,0.7020446160384435
2024-09-22,-74.55337344823879,4.780614808115126,0.8722507669861672,0.6211559707554071
2024-10-08,-74.55337344823879,4.780614808115126,0.7925095234552063,0.5891044960626796
2024-10-24,-74.55337344823879,4.780614808115126,0.6995673519911123,0.5357902708101371
2024-11-09,-74.55337344823879,4.780614808115126,0.5970479186535529,0.44264771543955317
2024-11-25,-74.55337344823879,4.780614808115126,0.47798950335153234,0.3760335094636736
2024-12-11,-74.55337344823879,4.780614808115126,0.4117613785608078,0.30014523802046766
2024-12-27,-74.55337344823879,4.780614808115126,0.34829233336672866,0.24656436307795232
2015-01-01,-74.49522152286353,4.621579054827132,0.7007921448004737,0.5498286904425954
2015-01-17,-74.49522152286353,4.621579054827132,0.6715500012940983,0.5148456705639903
2015-02-02,-74.49522152286353,4.621579054827132,0.5953544910934208,0.4367675527673229
2015-02-18,-74.49522152286353,4.621579054827132,0.5462031470149781,0.39653002166037177
2015-03-06,-74.49522152286353,4.621579054827132,0.4427154866705988,0.36256308284790423
2015-03-22,-74.49522152286353,4.621579054827132,0.39117284626177395,0.3021566704882424
2015-04-07,-74.49522152286353,4.621579054827132,0.3483908446738106,0.2838264859611946
2015-04-23,-74.49522152286353,4.621579054827132,0.35068765722384687,0.2735992990663489
2015-05-09,-74.49522152286353,4.621579054827132,0.3224354805772097,0.24197335194952976
2015-05-25,-74.49522152286353,4.621579054827132,0.32902424901366856,0.26169149143010956
2015-06-10,-74.49522152286353,4.621579054827132,0.2689079185875291,0.2030730731155296
2015-06-26,-74.49522152286353,4.621579054827132,0.3019983799623659,0.2214903038030212
2015-07-12,-74.49522152286353,4.621579054827132,0.30421975000675194,0.23590210339393317
2015-07-28,-74.49522152286353,4.621579054827132,0.3537103348936897,0.21477460555981961
2015-08-13,-74.49522152286353,4.621579054827132,0.42703518770763094,0.3051585177128785
2015-08-29,-74.49522152286353,4.621579054827132,0.4736451944564066,0.2931719768349945
2015-09-14,-74.49522152286353,4.621579054827132,0.5309961738495889,0.39477429308373757
2015-09-30,-74.49522152286353,4.621579054827132,0.5883365719373934,0.4489993024781117
2015-10-16,-74.49522152286353,4.621579054827132,0.6737532690203903,0.5156423005703963
2015-11-01,-74.49522152286353,4.621579054827132,0.6997989654245325,0.5470317578613683
2015-11-17,-74.49522152286353,4.621579054827132,0.6782399365494254,0.517462246265793
2015-12-03,-74.49522152286353,4.621579054827132,0.7223830775340991,0.5330680985896048
2015-12-19,-74.49522152286353,4.621579054827132,0.6747556988937354,0.5166749033546304
2016-01-04,-74.49522152286353,4.621579054827132,0.6341474045542281,0.45385046175434524
2016-01-20,-74.49522152286353,4.621579054827132,0.6107994015066103,0.4671098353925719
2016-02-05,-74.49522152286353,4.621579054827132,0.5789986691670639,0.4548964194663406
2016-02-21,-74.49522152286353,4.621579054827132,0.50053271668467,0.3558900780881524
2016-03-08,-74.49522152286353,4.621579054827132,0.4718568873078116,0.337919327398718
2016-03-24,-74.49522152286353,4.621579054827132,0.394117282166718,0.2584526648400035
2016-04-09,-74.49522152286353,4.621579054827132,0.36337359651301004,0.3033560068210809
2016-04-25,-74.49522152286353,4.621579054827132,0.29856668831858524,0.2443590884733412
2016-05-11,-74.49522152286353,4.621579054827132,0.2926817395334098,0.18420301188185673
2016-05-27,-74.49522152286353,4.621579054827132,0.26571973365596674,0.18016045358589963
2016-06-12,-74.49522152286353,4.621579054827132,0.2828286638061668,0.22051178362355917
2016-06-28,-74.49522152286353,4.621579054827132,0.34706502565239356,0.23167585334092544
2016-07-14,-74.49522152286353,4.621579054827132,0.33512322881534207,0.2334228045532923
2016-07-30,-74.49522152286353,4.621579054827132,0.365378075906171,0.2759425106618196
2016-08-15,-74.49522152286353,4.621579054827132,0.44441138334713576,0.29703249056869446
2016-08-31,-74.49522152286353,4.621579054827132,0.5020703498526137,0.3524448425312374
2016-09-16,-74.49522152286353,4.621579054827132,0.5586295806646998,0.4443621153626467
2016-10-02,-74.49522152286353,4.621579054827132,0.6194271320343376,0.468120690913895
2016-10-18,-74.49522152286353,4.621579054827132,0.6425475385791336,0.48324800695124565
2016-11-03,-74.49522152286353,4.621579054827132,0.695291169451018,0.5307517039444317
2016-11-19,-74.49522152286353,4.621579054827132,0.698561548780052,0.5282686880638173
2016-12-05,-74.49522152286353,4.621579054827132,0.6751058385288976,0.4916426434011184
2016-12-21,-74.49522152286353,4.621579054827132,0.7007835560801434,0.5424283260875917
2017-01-06,-74.49522152286353,4.621579054827132,0.6613466387249024,0.5255892937309798
2017-01-22,-74.49522152286353,4.621579054827132,0.6285748950644326,0.46676862094106314
2017-02-07,-74.49522152286353,4.621579054827132,0.5435218211023083,0.4364160308273095
2017-02-23,-74.49522152286353,4.621579054827132,0.5271947289002323,0.4313622751337846
2017-03-11,-74.49522152286353,4.621579054827132,0.4975970362486531,0.3474589710508346
2017-03-27,-74.49522152286353,4.621579054827132,0.37398191226744076,0.22322243594919922
2017-04-12,-74.49522152286353,4.621579054827132,0.37049633052742853,0.2910019016453234
2017-04-28,-74.49522152286353,4.621579054827132,0.31718078422836865,0.21336292355040845
2017-05-14,-74.49522152286353,4.621579054827132,0.2899581455184203,0.22116271903896934
2017-05-30,-74.49522152286353,4.621579054827132,0.29909489337978423,0.22978090832414388
2017-06-15,-74.49522152286353,4.621579054827132,0.30423146401223383,0.2256909806108944
2017-07-01,-74.49522152286353,4.621579054827132,0.3373471324467461,0.2656449508839284
2017-07-17,-74.49522152286353,4.621579054827132,0.32627204218195394,0.2724884389895903
2017-08-02,-74.49522152286353,4.621579054827132,0.4216106465890923,0.3255174796828781
2017-08-18,-74.49522152286353,4.621579054827132,0.45704776732664776,0.37595805687255235
2017-09-03,-74.49522152286353,4.621579054827132,0.4762512255184761,0.3820129096200501
2017-09-19,-74.49522152286353,4.621579054827132,0.5556940357832496,0.43867407576564493
2017-10-05,-74.49522152286353,4.621579054827132,0.6184989412434682,0.4390156854644363
2017-10-21,-74.49522152286353,4.621579054827132,0.6477719304858077,0.5062635293276752
2017-11-06,-74.49522152286353,4.621579054827132,0.6827100126898213,0.4996028012230039
2017-11-22,-74.49522152286353,4.621579054827132,0.6889614713619421,0.5295660519661323
2017-12-08,-74.49522152286353,4.621579054827132,0.7354458691888742,0.5087667344789301
2017-12-24,-74.49522152286353,4.621579054827132,0.7397349251397263,0.5588761184343174
2018-01-09,-74.49522152286353,4.621579054827132,0.664253374343024,0.48946479581431984
2018-01-25,-74.49522152286353,4.621579054827132,0.6094881230854414,0.4609663525567032
2018-02-10,-74.49522152286353,4.621579054827132,0.5367161570197589,0.3864234889996686
2018-02-26,-74.49522152286353,4.621579054827132,0.5246685250799542,0.3624544569027812
2018-03-14,-74.49522152286353,4.621579054827132,0.45249222612932194,0.3319588314096078
2018-03-30,-74.49522152286353,4.621579054827132,0.3708865549564877,0.31760355325675377
2018-04-15,-74.49522152286353,4.621579054827132,0.3252131463709871,0.22130781978355088
2018-05-01,-74.49522152286353,4.621579054827132,0.3059917890202451,0.21412266908314181
2018-05-17,-74.49522152286353,4.621579054827132,0.2891185452882654,0.21994689489922686
2018-06-02,-74.49522152286353,4.621579054827132,0.2883388689886752,0.21377633479663516
2018-06-18,-74.49522152286353,4.621579054827132,0.2800552684947766,0.22290951222466904
2018-07-04,-74.49522152286353,4.621579054827132,0.31732751049575675,0.228083286630718
2018-07-20,-74.49522152286353,4.621579054827132,0.38771473385103133,0.28835981118044446
2018-08-05,-74.49522152286353,4.621579054827132,0.42869248320056524,0.34605613134261176
2018-08-21,-74.49522152286353,4.621579054827132,0.48785454426682306,0.3797140643623393
2018-09-06,-74.49522152286353,4.621579054827132,0.5196824775594369,0.3884810243565571
2018-09-22,-74.49522152286353,4.621579054827132,0.5704109821124058,0.38447032318404184
2018-10-08,-74.49522152286353,4.621579054827132,0.6390808369408384,0.4841999390333304
2018-10-24,-74.49522152286353,4.621579054827132,0.6807148656581473,0.5081961182141712
2018-11-09,-74.49522152286353,4.621579054827132,0.7041113675235718,0.50053338438545
2018-11-25,-74.49522152286353,4.621579054827132,0.6791448931132555,0.4598344378405141
2018-12-11,-74.49522152286353,4.621579054827132,0.6957802954377867,0.5063847098227681
2018-12-27,-74.49522152286353,4.621579054827132,0.6608647198030241,0.5023415874115742
2019-01-12,-74.49522152286353,4.621579054827132,0.6368878737382743,0.4490040851676324
2019-01-28,-74.49522152286353,4.621579054827132,0.6512874761561714,0.4877253947073671
2019-02-13,-74.49522152286353,4.621579054827132,0.525644091526709,0.38083635942637073
2019-03-01,-74.49522152286353,4.621579054827132,0.4866824231693871,0.3615068981318963
2019-03-17,-74.49522152286353,4.621579054827132,0.45925819836305537,0.34285504961964736
2019-04-02,-74.49522152286353,4.621579054827132,0.4179119233862642,0.304785483659456
2019-04-18,-74.49522152286353,4.621579054827132,0.3454030923806711,0.27949192317205995
2019-05-04,-74.49522152286353,4.621579054827132,0.3286295737528131,0.2727096246631861
2019-05-20,-74.49522152286353,4.621579054827132,0.2813473571707906,0.21090073267259457
2019-06-05,-74.49522152286353,4.621579054827132,0.23482138330344107,0.1721958367055696
2019-06-21,-74.49522152286353,4.621579054827132,0.3195975788926438,0.2576349137666005
2019-07-07,-74.49522152286353,4.621579054827132,0.32413852964733053,0.27708668609409703
2019-07-23,-74.49522152286353,4.621579054827132,0.3588991476588276,0.25485156426372274
2019-08-08,-74.49522152286353,4.621579054827132,0.40747333557984744,0.28315570118816324
2019-08-24,-74.49522152286353,4.621579054827132,0.48529963423736233,0.36974436191019394
2019-09-09,-74.49522152286353,4.621579054827132,0.5426018058658422,0.3986639313607574
2019-09-25,-74.49522152286353,4.621579054827132,0.58398829908314,0.39442284984417686
2019-10-11,-74.49522152286353,4.621579054827132,0.6404918991141855,0.4823457534368321
2019-10-27,-74.49522152286353,4.621579054827132,0.6482399708291868,0.4840868274801582
2019-11-12,-74.49522152286353,4.621579054827132,0.6890317089614915,0.5520600204212684
2019-11-28,-74.49522152286353,4.621579054827132,0.6817548580630569,0.5179446671246267
2019-12-14,-74.49522152286353,4.621579054827132,0.6741387556690571,0.4944465978703874
2019-12-30,-74.49522152286353,4.621579054827132,0.6791846773734707,0.5051612482128408
2020-01-15,-74.49522152286353,4.621579054827132,0.6376215612336441,0.48487061308987245
2020-01-31,-74.49522152286353,4.621579054827132,0.5810663013502869,0.453482656709024
2020-02-16,-74.49522152286353,4.621579054827132,0.5306628139438623,0.3960460012268453
2020-03-03,-74.49522152286353,4.621579054827132,0.486547811914416,0.3694508629591087
2020-03-19,-74.49522152286353,4.621579054827132,0.43580293310073737,0.3331914878552471
2020-04-04,-74.49522152286353,4.621579054827132,0.38119516477694754,0.2793889232994078
2020-04-20,-74.49522152286353,4.621579054827132,0.3084869957425882,0.20281246875188394
2020-05-06,-74.49522152286353,4.621579054827132,0.26681019938696643,0.23536218389481034
2020-05-22,-74.49522152286353,4.621579054827132,0.24087920551751396,0.2045338741176775
2020-06-07,-74.49522152286353,4.621579054827132,0.2693133432492352,0.22571382687932254
2020-06-23,-74.49522152286353,4.621579054827132,0.2579168196717165,0.1887357367161217
2020-07-09,-74.49522152286353,4.621579054827132,0.36170188482448085,0.28554060488787225
2020-07-25,-74.49522152286353,4.621579054827132,0.36863600562906107,0.23761745819122615
2020-08-10,-74.49522152286353,4.621579054827132,0.400574282502953,0.32821365380840234
2020-08-26,-74.49522152286353,4.621579054827132,0.47669186216438675,0.35608241455502126
2020-09-11,-74.49522152286353,4.621579054827132,0.5466808442811025,0.38395385494907575
2020-09-27,-74.49522152286353,4.621579054827132,0.602906815200057,0.4437878017866626
2020-10-13,-74.49522152286353,4.621579054827132,0.6467315104377057,0.47348761441753856
2020-10-29,-74.49522152286353,4.621579054827132,0.6443623154198795,0.4747242859286693
2020-11-14,-74.49522152286353,4.621579054827132,0.7098422189412411,0.5402628659874715
2020-11-30,-74.49522152286353,4.621579054827132,0.7034839138673955,0.5455755724607535
2020-12-16,-74.49522152286353,4.621579054827132,0.688828519438778,0.5177469158593878
2021-01-01,-74.49522152286353,4.621579054827132,0.6602620590609835,0.5143289038308066
2021-01-17,-74.49522152286353,4.621579054827132,0.6382521367838421,0.4675499403844141
2021-02-02,-74.49522152286353,4.621579054827132,0.5547117917153941,0.4381330692845121
2021-02-18,-74.49522152286353,4.621579054827132,0.5148015480413753,0.3875424480808225
2021-03-06,-74.49522152286353,4.621579054827132,0.5191765908211218,0.40541263395050753
2021-03-22,-74.49522152286353,4.621579054827132,0.4483794699309672,0.32552210619740246
2021-04-07,-74.49522152286353,4.621579054827132,0.38741700006688196,0.2910961299091993
2021-04-23,-74.49522152286353,4.621579054827132,0.33274899592380464,0.2899785812036447
2021-05-09,-74.49522152286353,4.621579054827132,0.2919352699046916,0.21933654150204943
2021-05-25,-74.49522152286353,4.621579054827132,0.26627646236698826,0.21747671789340275
2021-06-10,-74.49522152286353,4.621579054827132,0.27570641181427025,0.22723401717708025
2021-06-26,-74.49522152286353,4.621579054827132,0.2720501556517702,0.21501037817549978
2021-07-12,-74.49522152286353,4.621579054827132,0.32448866844347496,0.25797685411921045
2021-07-28,-74.49522152286353,4.621579054827132,0.3811542110154162,0.2751588799641963
2021-08-13,-74.49522152286353,4.621579054827132,0.4261842681925771,0.30263043514326
2021-08-29,-74.49522152286353,4.621579054827132,0.5076316898155349,0.3597510203731428
2021-09-14,-74.49522152286353,4.621579054827132,0.5426714585939939,0.41390838553954495
2021-09-30,-74.49522152286353,4.621579054827132,0.6332895412482856,0.4747811839183779
2021-10-16,-74.49522152286353,4.621579054827132,0.6410498443201103,0.4862600805424033
2021-11-01,-74.49522152286353,4.621579054827132,0.6378017952290042,0.45437843240793874
2021-11-17,-74.49522152286353,4.621579054827132,0.6911098219131907,0.50407298342024
2021-12-03,-74.49522152286353,4.621579054827132,0.6704632646819215,0.5200030215347928
2021-12-19,-74.49522152286353,4.621579054827132,0.6957633664854876,0.5246278298097659
2022-01-04,-74.49522152286353,4.621579054827132,0.6499001589668942,0.489012978518444
2022-01-20,-74.49522152286353,4.621579054827132,0.6344235176471001,0.4705197171572595
2022-02-05,-74.49522152286353,4.621579054827132,0.5835118635207579,0.42171268800406614
2022-02-21,-74.49522152286353,4.621579054827132,0.5209198240317326,0.41353983368232144
2022-03-09,-74.49522152286353,4.621579054827132,0.48601904200433915,0.3910660576022476
2022-03-25,-74.49522152286353,4.621579054827132,0.41189872878526473,0.3095563256861035
2022-04-10,-74.49522152286353,4.621579054827132,0.34858089816155,0.22528597849081416
2022-04-26,-74.49522152286353,4.621579054827132,0.292254472716583,0.21582975509813207
2022-05-12,-74.49522152286353,4.621579054827132,0.2917039421706402,0.24702241720411
2022-05-28,-74.49522152286353,4.621579054827132,0.30991025335604183,0.21870296718729967
2022-06-13,-74.49522152286353,4.621579054827132,0.3055257338107597,0.21960292306659154
2022-06-29,-74.49522152286353,4.621579054827132,0.3237388957676409,0.2589245263878656
2022-07-15,-74.49522152286353,4.621579054827132,0.3696606329966966,0.26739260765186856
2022-07-31,-74.49522152286353,4.621579054827132,0.4110237388795754,0.27081152343725606
2022-08-16,-74.49522152286353,4.621579054827132,0.47030609715417604,0.3522292384092617
2022-09-01,-74.49522152286353,4.621579054827132,0.5016327793339904,0.3354758543866837
2022-09-17,-74.49522152286353,4.621579054827132,0.5506197085370527,0.4400743693950605
2022-10-03,-74.49522152286353,4.621579054827132,0.6016317349787625,0.4654930564535761
2022-10-19,-74.49522152286353,4.621579054827132,0.6538139562814835,0.5116138500031067
2022-11-04,-74.49522152286353,4.621579054827132,0.6878561043101508,0.497255847610651
2022-11-20,-74.49522152286353,4.621579054827132,0.7016749376533018,0.5582805413140006
2022-12-06,-74.49522152286353,4.621579054827132,0.7113899764904632,0.5312135562219741
2022-12-22,-74.49522152286353,4.621579054827132,0.7317472374118899,0.5719947421101419
2023-01-07,-74.49522152286353,4.621579054827132,0.6735824673126216,0.5115336997893537
2023-01-23,-74.49522152286353,4.621579054827132,0.6301038988074894,0.48783256556927385
2023-02-08,-74.49522152286353,4.621579054827132,0.520875097749369,0.39855504756861576
2023-02-24,-74.49522152286353,4.621579054827132,0.5049726072761297,0.3687339299943657
2023-03-12,-74.49522152286353,4.621579054827132,0.44680885110958024,0.30398966459574117
2023-03-28,-74.49522152286353,4.621579054827132,0.3603580990520098,0.29519862263797725
2023-04-13,-74.49522152286353,4.621579054827132,0.3587207627587017,0.2207803295247807
2023-04-29,-74.49522152286353,4.621579054827132,0.30181271021226785,0.24397056732713152
2023-05-15,-74.49522152286353,4.621579054827132,0.2851624868194765,0.23877196419057461
2023-05-31,-74.49522152286353,4.621579054827132,0.3044417052727516,0.20119705476834943
2023-06-16,-74.49522152286353,4.621579054827132,0.28907710553760285,0.20784604065702805
2023-07-02,-74.49522152286353,4.621579054827132,0.2878282497153573,0.18678570078941256
2023-07-18,-74.49522152286353,4.621579054827132,0.33655027746431826,0.23959419990798592
2023-08-03,-74.49522152286353,4.621579054827132,0.4059877841626006,0.32537510758623883
2023-08-19,-74.49522152286353,4.621579054827132,0.46525122352156195,0.36394586244678795
2023-09-04,-74.49522152286353,4.621579054827132,0.5071837543430836,0.39244781968957054
2023-09-20,-74.49522152286353,4.621579054827132,0.5656317435886072,0.41539436002639973
2023-10-06,-74.49522152286353,4.621579054827132,0.6569420907245448,0.44609704891245866
2023-10-22,-74.49522152286353,4.621579054827132,0.6224532029565467,0.47449389730008207
2023-11-07,-74.49522152286353,4.621579054827132,0.6829726816290163,0.48348982421842374
2023-11-23,-74.49522152286353,4.621579054827132,0.6808296673679546,0.49213413458873023
2023-12-09,-74.49522152286353,4.621579054827132,0.7176857641689927,0.5625125317480333
2023-12-25,-74.49522152286353,4.621579054827132,0.7149720303092565,0.5044487982877557
2024-01-10,-74.49522152286353,4.621579054827132,0.6229357642752168,0.4384892937164021
2024-01-26,-74.49522152286353,4.621579054827132,0.6323134139399943,0.48257954954338633
2024-02-11,-74.49522152286353,4.621579054827132,0.5558562297671901,0.4214847462023415
2024-02-27,-74.49522152286353,4.621579054827132,0.496231850750901,0.3497510471150457
2024-03-14,-74.49522152286353,4.621579054827132,0.4504333255665431,0.3341022240618336
2024-03-30,-74.49522152286353,4.621579054827132,0.3629648321913264,0.283709333050656
2024-04-15,-74.49522152286353,4.621579054827132,0.333266050813758,0.254499207847146
2024-05-01,-74.49522152286353,4.621579054827132,0.30550837457199004,0.24695885637348872
2024-05-17,-74.49522152286353,4.621579054827132,0.2925989195295325,0.20177518615001327
2024-06-02,-74.49522152286353,4.621579054827132,0.2902784623111169,0.22480262122279893
2024-06-18,-74.49522152286353,4.621579054827132,0.3054912891294372,0.24983595194171612
2024-07-04,-74.49522152286353,4.621579054827132,0.30929336933019463,0.2453287403412566
2024-07-20,-74.49522152286353,4.621579054827132,0.32640104857943225,0.24240109012880806
2024-08-05,-74.49522152286353,4.621579054827132,0.4046632086941325,0.332454310924205
2024-08-21,-74.49522152286353,4.621579054827132,0.46255012032490983,0.35907236580711455
2024-09-06,-74.49522152286353,4.621579054827132,0.4880378565318715,0.358993233105132
2024-09-22,-74.49522152286353,4.621579054827132,0.5616772713108563,0.47076817594905274
2024-10-08,-74.49522152286353,4.621579054827132,0.6141630569114456,0.46208787413681324
2024-10-24,-74.49522152286353,4.621579054827132,0.6688027558295154,0.46981250105340355
2024-11-09,-74.49522152286353,4.621579054827132,0.6814777800668329,0.5192036653031098
2024-11-25,-74.49522152286353,4.621579054827132,0.7044558155791614,0.48233364224421227
2024-12-11,-74.49522152286353,4.621579054827132,0.6863502380324089,0.5351791117532445
2024-12-27,-74.49522152286353,4.621579054827132,0.6889898139201521,0.5411030274766182
2015-01-01,-74.93363304289038,4.865057175726995,0.6626102756728272,0.5139427981807633
2015-01-17,-74.93363304289038,4.865057175726995,0.723622437483635,0.5351922358853566
2015-02-02,-74.93363304289038,4.865057175726995,0.7200330965283844,0.5724688123764092
2015-02-18,-74.93363304289038,4.865057175726995,0.7416931913008608,0.587770608973896
2015-03-06,-74.93363304289038,4.865057175726995,0.732700749226064,0.5309706578765625
2015-03-22,-74.93363304289038,4.865057175726995,0.7439301418039981,0.5564809113729939
2015-04-07,-74.93363304289038,4.865057175726995,0.6812786488743676,0.48532646785011335
2015-04-23,-74.93363304289038,4.865057175726995,0.6298423082129622,0.48095564763234155
2015-05-09,-74.93363304289038,4.865057175726995,0.5641732972158274,0.41234821902843427
2015-05-25,-74.93363304289038,4.865057175726995,0.5313090149959503,0.3998105773412427
2015-06-10,-74.93363304289038,4.865057175726995,0.5210712895467214,0.38480440450038145
2015-06-26,-74.93363304289038,4.865057175726995,0.43526960043073765,0.38137961296354667
2015-07-12,-74.93363304289038,4.865057175726995,0.40704901444665365,0.3014735976116063
2015-07-28,-74.93363304289038,4.865057175726995,0.38673775066067284,0.28451793097331207
2015-08-13,-74.93363304289038,4.865057175726995,0.3868252648946798,0.30853487822287534
2015-08-29,-74.93363304289038,4.865057175726995,0.39856907625991983,0.32046871846226826
2015-09-14,-74.93363304289038,4.865057175726995,0.4300392845465101,0.32670050552220004
2015-09-30,-74.93363304289038,4.865057175726995,0.44739724180621776,0.3577226648800358
2015-10-16,-74.93363304289038,4.865057175726995,0.45808684809714395,0.393529360117624
2015-11-01,-74.93363304289038,4.865057175726995,0.5171786960492386,0.38086472360554946
2015-11-17,-74.93363304289038,4.865057175726995,0.5534390952257771,0.3914363052602448
2015-12-03,-74.93363304289038,4.865057175726995,0.6467441860470119,0.5304620050881039
2015-12-19,-74.93363304289038,4.865057175726995,0.6611068527276536,0.5027764701082905
2016-01-04,-74.93363304289038,4.865057175726995,0.7142385313133248,0.5556837897333288
2016-01-20,-74.93363304289038,4.865057175726995,0.7809703867682428,0.6161472584358139
2016-02-05,-74.93363304289038,4.865057175726995,0.7459438776871538,0.5700332609795581
2016-02-21,-74.93363304289038,4.865057175726995,0.7636947892818899,0.5723692793380651
2016-03-08,-74.93363304289038,4.865057175726995,0.7158956804198959,0.5209462359436614
2016-03-24,-74.93363304289038,4.865057175726995,0.7347264563963471,0.5760710022137013
2016-04-09,-74.93363304289038,4.865057175726995,0.6707930584188377,0.5083159016953301
2016-04-25,-74.93363304289038,4.865057175726995,0.6540781705081982,0.45647325044048265
2016-05-11,-74.93363304289038,4.865057175726995,0.5717797942872582,0.46919227334509656
2016-05-27,-74.93363304289038,4.865057175726995,0.5363782334403399,0.37969935338618616
2016-06-12,-74.93363304289038,4.865057175726995,0.48532706831946865,0.38442401308496704
2016-06-28,-74.93363304289038,4.865057175726995,0.3911181169292905,0.29686430404078973
2016-07-14,-74.93363304289038,4.865057175726995,0.4032314261461974,0.2695836070809091
2016-07-30,-74.93363304289038,4.865057175726995,0.3928774497409874,0.29192848267053156
2016-08-15,-74.93363304289038,4.865057175726995,0.38471001715675646,0.28156730046267203
2016-08-31,-74.93363304289038,4.865057175726995,0.37256755911752176,0.25032961266617637
2016-09-16,-74.93363304289038,4.865057175726995,0.4002444037621534,0.3173683451031364
2016-10-02,-74.93363304289038,4.865057175726995,0.45145707023361104,0.3372093360862765
2016-10-18,-74.93363304289038,4.865057175726995,0.4679435222760081,0.34347934304992184
2016-11-03,-74.93363304289038,4.865057175726995,0.5514692590494679,0.42369761953681073
2016-11-19,-74.93363304289038,4.865057175726995,0.5775959894559893,0.380968949062636
2016-12-05,-74.93363304289038,4.865057175726995,0.6226832198542809,0.4573585245384979
2016-12-21,-74.93363304289038,4.865057175726995,0.662007864764213,0.48824238291036565
2017-01-06,-74.93363304289038,4.865057175726995,0.7301420595929866,0.5468606156356097
2017-01-22,-74.93363304289038,4.865057175726995,0.7588778509507778,0.5389909465001752
2017-02-07,-74.93363304289038,4.865057175726995,0.7454280521419935,0.5202905968895951
2017-02-23,-74.93363304289038,4.865057175726995,0.7416775588932873,0.5353450200640121
2017-03-11,-74.93363304289038,4.865057175726995,0.7608478361348543,0.5788301172180108
2017-03-27,-74.93363304289038,4.865057175726995,0.7279966303500823,0.5374105162571031
2017-04-12,-74.93363304289038,4.865057175726995,0.6493212453134108,0.46595967409428934
2017-04-28,-74.93363304289038,4.865057175726995,0.6294416021923263,0.5082844315281132
2017-05-14,-74.93363304289038,4.865057175726995,0.5826354291079273,0.42948121724519384
2017-05-30,-74.93363304289038,4.865057175726995,0.5204549626200478,0.3897152153299999
2017-06-15,-74.93363304289038,4.865057175726995,0.5179744147698844,0.4131529823941109
2017-07-01,-74.93363304289038,4.865057175726995,0.44274754217326523,0.33425529598607107
2017-07-17,-74.93363304289038,4.865057175726995,0.413545066235668,0.3200443130624125
2017-08-02,-74.93363304289038,4.865057175726995,0.3814672424686587,0.2692188529039613
2017-08-18,-74.93363304289038,4.865057175726995,0.4060561934434602,0.3049817996940348
2017-09-03,-74.93363304289038,4.865057175726995,0.4138999226010983,0.3433481169263526
2017-09-19,-74.93363304289038,4.865057175726995,0.4279670722813697,0.32814627380242867
2017-10-05,-74.93363304289038,4.865057175726995,0.5155990420272946,0.3908396840860673
2017-10-21,-74.93363304289038,4.865057175726995,0.47266668903962394,0.34887551213627827
2017-11-06,-74.93363304289038,4.865057175726995,0.574006167132472,0.40462127834375305
2017-11-22,-74.93363304289038,4.865057175726995,0.5783739023397806,0.45590896287420574
2017-12-08,-74.93363304289038,4.865057175726995,0.6365940159855293,0.47524059624961706
2017-12-24,-74.93363304289038,4.865057175726995,0.7065861235133655,0.5156031691219449
2018-01-09,-74.93363304289038,4.865057175726995,0.6900793877869899,0.48978182142299165
2018-01-25,-74.93363304289038,4.865057175726995,0.754072279296419,0.5707368513489302
2018-02-10,-74.93363304289038,4.865057175726995,0.7384903683581071,0.5306919438524377
2018-02-26,-74.93363304289038,4.865057175726995,0.7430083995997956,0.5795866454248562
2018-03-14,-74.93363304289038,4.865057175726995,0.7142504370619742,0.5224341473574294
2018-03-30,-74.93363304289038,4.865057175726995,0.6774877136990147,0.5007675274922176
2018-04-15,-74.93363304289038,4.865057175726995,0.6684119662999973,0.5436123578658598
2018-05-01,-74.93363304289038,4.865057175726995,0.6193678719081518,0.4634523418263734
2018-05-17,-74.93363304289038,4.865057175726995,0.5821581120731417,0.4505428950914612
2018-06-02,-74.93363304289038,4.865057175726995,0.5035361850810343,0.4236933402793772
2018-06-18,-74.93363304289038,4.865057175726995,0.46884940694038124,0.3563645616124018
2018-07-04,-74.93363304289038,4.865057175726995,0.44211826440814195,0.33850614565836556
2018-07-20,-74.93363304289038,4.865057175726995,0.43374304833750166,0.31350911147052685
2018-08-05,-74.93363304289038,4.865057175726995,0.40353597743613273,0.30594335198479916
2018-08-21,-74.93363304289038,4.865057175726995,0.4058038439722226,0.3000531739798014
2018-09-06,-74.93363304289038,4.865057175726995,0.3911995084725186,0.3080411011029092
2018-09-22,-74.93363304289038,4.865057175726995,0.4302945170586902,0.30631500174751225
2018-10-08,-74.93363304289038,4.865057175726995,0.4859631038480464,0.37912251538820396
2018-10-24,-74.93363304289038,4.865057175726995,0.5017649205020058,0.36695906814188206
2018-11-09,-74.93363304289038,4.865057175726995,0.5596799706212607,0.4329696824464812
2018-11-25,-74.93363304289038,4.865057175726995,0.5709095085724503,0.4356957498797943
2018-12-11,-74.93363304289038,4.865057175726995,0.6636823035911065,0.4507127556939744
2018-12-27,-74.93363304289038,4.865057175726995,0.6962354618244172,0.5360687790562245
2019-01-12,-74.93363304289038,4.865057175726995,0.7363080037454539,0.568279969904707
2019-01-28,-74.93363304289038,4.865057175726995,0.7387754127996814,0.5332834309062519
2019-02-13,-74.93363304289038,4.865057175726995,0.7166701006427545,0.5593470402934271
2019-03-01,-74.93363304289038,4.865057175726995,0.7602133049803139,0.5935297573518048
2019-03-17,-74.93363304289038,4.865057175726995,0.7117759023093737,0.5499086551845376
2019-04-02,-74.93363304289038,4.865057175726995,0.6644896548147105,0.4809773699368366
2019-04-18,-74.93363304289038,4.865057175726995,0.6558574497377502,0.5051572398998411
2019-05-04,-74.93363304289038,4.865057175726995,0.6393490098065999,0.47471047604698186
2019-05-20,-74.93363304289038,4.865057175726995,0.5381066956275498,0.38523704416403376
2019-06-05,-74.93363304289038,4.865057175726995,0.49233502924188294,0.4136718078609146
2019-06-21,-74.93363304289038,4.865057175726995,0.4766355736723614,0.3797273172615202
2019-07-07,-74.93363304289038,4.865057175726995,0.42022200643984636,0.31513353118190984
2019-07-23,-74.93363304289038,4.865057175726995,0.41333925141786687,0.29988846344778136
2019-08-08,-74.93363304289038,4.865057175726995,0.3806620489009306,0.27200245035042114
2019-08-24,-74.93363304289038,4.865057175726995,0.37842444451308827,0.28479790563488266
2019-09-09,-74.93363304289038,4.865057175726995,0.3855112391639552,0.2948530089555541
2019-09-25,-74.93363304289038,4.865057175726995,0.43479487142196926,0.32251118070935325
2019-10-11,-74.93363304289038,4.865057175726995,0.4502512811856665,0.3397877218682871
2019-10-27,-74.93363304289038,4.865057175726995,0.5020973881454665,0.3775049244512205
2019-11-12,-74.93363304289038,4.865057175726995,0.5838288302402899,0.41281282033813677
2019-11-28,-74.93363304289038,4.865057175726995,0.6555383328346308,0.4902032777902183
2019-12-14,-74.93363304289038,4.865057175726995,0.667254896594435,0.4853861706409896
2019-12-30,-74.93363304289038,4.865057175726995,0.722019886627198,0.5390023855813851
2020-01-15,-74.93363304289038,4.865057175726995,0.7216317236606518,0.5297134923199773
2020-01-31,-74.93363304289038,4.865057175726995,0.7423766061126259,0.5651494010435276
2020-02-16,-74.93363304289038,4.865057175726995,0.7559545510704738,0.56616871864065
2020-03-03,-74.93363304289038,4.865057175726995,0.7291831271026743,0.5315038758485062
2020-03-19,-74.93363304289038,4.865057175726995,0.7119535939659828,0.5431707097177013
2020-04-04,-74.93363304289038,4.865057175726995,0.700698635345836,0.5414648604473373
2020-04-20,-74.93363304289038,4.865057175726995,0.644770990279502,0.491249481527983
2020-05-06,-74.93363304289038,4.865057175726995,0.593058006586059,0.4099475451209769
2020-05-22,-74.93363304289038,4.865057175726995,0.5416614488099742,0.39873955410032563
2020-06-07,-74.93363304289038,4.865057175726995,0.4764811064721733,0.34601294633907387
2020-06-23,-74.93363304289038,4.865057175726995,0.4566473776217782,0.31982059750263214
2020-07-09,-74.93363304289038,4.865057175726995,0.4050801662680277,0.3347681650120751
2020-07-25,-74.93363304289038,4.865057175726995,0.3638708194550831,0.26923947139917026
2020-08-10,-74.93363304289038,4.865057175726995,0.3622683166537908,0.25666850153382087
2020-08-26,-74.93363304289038,4.865057175726995,0.3851285328719767,0.2690948772014071
2020-09-11,-74.93363304289038,4.865057175726995,0.4176068885826371,0.34022817883242606
2020-09-27,-74.93363304289038,4.865057175726995,0.452278179664079,0.35970089710247666
2020-10-13,-74.93363304289038,4.865057175726995,0.44722766603311637,0.3305593290884546
2020-10-29,-74.93363304289038,4.865057175726995,0.5306416172316083,0.415405031205997
2020-11-14,-74.93363304289038,4.865057175726995,0.606421069733348,0.47619659413258986
2020-11-30,-74.93363304289038,4.865057175726995,0.6391609175511489,0.5320425997741489
2020-12-16,-74.93363304289038,4.865057175726995,0.6690909526272425,0.4960370457056005
2021-01-01,-74.93363304289038,4.865057175726995,0.7071069436003223,0.5120291525865057
2021-01-17,-74.93363304289038,4.865057175726995,0.733845386758484,0.5158469961933133
2021-02-02,-74.93363304289038,4.865057175726995,0.7385046444184237,0.5515718056725059
2021-02-18,-74.93363304289038,4.865057175726995,0.7711079205939786,0.6005527513332112
2021-03-06,-74.93363304289038,4.865057175726995,0.7220532711628994,0.5830606220514464
2021-03-22,-74.93363304289038,4.865057175726995,0.7205070278921918,0.5451811702397593
2021-04-07,-74.93363304289038,4.865057175726995,0.6501962193217042,0.47524601668887706
2021-04-23,-74.93363304289038,4.865057175726995,0.6599912515375369,0.4983890079074147
2021-05-09,-74.93363304289038,4.865057175726995,0.592313191616062,0.44877833712355614
2021-05-25,-74.93363304289038,4.865057175726995,0.5108538576423785,0.38120822216375405
2021-06-10,-74.93363304289038,4.865057175726995,0.5196467037399086,0.41146918024624135
2021-06-26,-74.93363304289038,4.865057175726995,0.44657562483667695,0.36620509211473884
2021-07-12,-74.93363304289038,4.865057175726995,0.39053075138175436,0.27346411023919054
2021-07-28,-74.93363304289038,4.865057175726995,0.43116712558763964,0.33493480655690017
2021-08-13,-74.93363304289038,4.865057175726995,0.37949242079231427,0.28351294427353074
2021-08-29,-74.93363304289038,4.865057175726995,0.37435669953190803,0.28629937668507993
2021-09-14,-74.93363304289038,4.865057175726995,0.4131064799805908,0.31022755418269693
2021-09-30,-74.93363304289038,4.865057175726995,0.4166758781007203,0.3178020307969185
2021-10-16,-74.93363304289038,4.865057175726995,0.469720818008753,0.332571068296781
2021-11-01,-74.93363304289038,4.865057175726995,0.5527652484905379,0.45796836352460857
2021-11-17,-74.93363304289038,4.865057175726995,0.6165295172956451,0.4753995932469795
2021-12-03,-74.93363304289038,4.865057175726995,0.6219518030876334,0.4650567406636327
2021-12-19,-74.93363304289038,4.865057175726995,0.680563700213066,0.5020178201105757
2022-01-04,-74.93363304289038,4.865057175726995,0.7362114006015295,0.5114440005645763
2022-01-20,-74.93363304289038,4.865057175726995,0.7306815863981462,0.564032619639956
2022-02-05,-74.93363304289038,4.865057175726995,0.7338138703611723,0.5455574249473226
2022-02-21,-74.93363304289038,4.865057175726995,0.7630065007519095,0.602620257704688
2022-03-09,-74.93363304289038,4.865057175726995,0.7119356374465057,0.506590238329782
2022-03-25,-74.93363304289038,4.865057175726995,0.6928427996209661,0.48888138270556136
2022-04-10,-74.93363304289038,4.865057175726995,0.645616836607392,0.46475940350165
2022-04-26,-74.93363304289038,4.865057175726995,0.6548027650465251,0.4848605374235187
2022-05-12,-74.93363304289038,4.865057175726995,0.5813343450271675,0.41689147363529205
2022-05-28,-74.93363304289038,4.865057175726995,0.5430628206175652,0.4448123960198293
2022-06-13,-74.93363304289038,4.865057175726995,0.46522882476720595,0.3834165859968992
2022-06-29,-74.93363304289038,4.865057175726995,0.4493372633392191,0.3373402174901885
2022-07-15,-74.93363304289038,4.865057175726995,0.41868219388455197,0.32182217539275426
2022-07-31,-74.93363304289038,4.865057175726995,0.42838099301964605,0.331690159401169
2022-08-16,-74.93363304289038,4.865057175726995,0.39601396562352864,0.2885804778183956
2022-09-01,-74.93363304289038,4.865057175726995,0.40977585288589263,0.2881949501919598
2022-09-17,-74.93363304289038,4.865057175726995,0.4162382823592378,0.3698443828850449
2022-10-03,-74.93363304289038,4.865057175726995,0.3967118659661503,0.30219683940132175
2022-10-19,-74.93363304289038,4.865057175726995,0.49417134367501586,0.3660667269065178
2022-11-04,-74.93363304289038,4.865057175726995,0.532635722660975,0.4013049874589609
2022-11-20,-74.93363304289038,4.865057175726995,0.5820999013421531,0.44101452058303486
2022-12-06,-74.93363304289038,4.865057175726995,0.6264279583411745,0.5102688251308225
2022-12-22,-74.93363304289038,4.865057175726995,0.6751097086523212,0.5177245096417352
2023-01-07,-74.93363304289038,4.865057175726995,0.7023541525507532,0.5454284750210878
2023-01-23,-74.93363304289038,4.865057175726995,0.7549217465494076,0.5745765146426991
2023-02-08,-74.93363304289038,4.865057175726995,0.7313076495458382,0.5334326763481082
2023-02-24,-74.93363304289038,4.865057175726995,0.7833896542722161,0.5722727665499485
2023-03-12,-74.93363304289038,4.865057175726995,0.7466708955653142,0.5411097450703596
2023-03-28,-74.93363304289038,4.865057175726995,0.7257740331204534,0.5306025776903923
2023-04-13,-74.93363304289038,4.865057175726995,0.6477922576111816,0.4715973436744482
2023-04-29,-74.93363304289038,4.865057175726995,0.6100317378301112,0.4656172704710678
2023-05-15,-74.93363304289038,4.865057175726995,0.5726130277595399,0.4075566492213983
2023-05-31,-74.93363304289038,4.865057175726995,0.5206099967792511,0.3675874694386164
2023-06-16,-74.93363304289038,4.865057175726995,0.4875830323592777,0.38222533224690636
2023-07-02,-74.93363304289038,4.865057175726995,0.434877269174866,0.3315910199410047
2023-07-18,-74.93363304289038,4.865057175726995,0.44111111488088844,0.32768127631282395
2023-08-03,-74.93363304289038,4.865057175726995,0.37017172828927264,0.2892127009357103
2023-08-19,-74.93363304289038,4.865057175726995,0.36295028125338885,0.2680013316745828
2023-09-04,-74.93363304289038,4.865057175726995,0.38398857309902057,0.273955033160088
2023-09-20,-74.93363304289038,4.865057175726995,0.41436885359344666,0.32877446671936666
2023-10-06,-74.93363304289038,4.865057175726995,0.47615932340346595,0.37564360981441286
2023-10-22,-74.93363304289038,4.865057175726995,0.5041075909262016,0.3729263619668981
2023-11-07,-74.93363304289038,4.865057175726995,0.4989511509156795,0.3815665830523051
2023-11-23,-74.93363304289038,4.865057175726995,0.5509675963360536,0.37475835172258
2023-12-09,-74.93363304289038,4.865057175726995,0.6416841397710175,0.48655464972087303
2023-12-25,-74.93363304289038,4.865057175726995,0.6785300269852691,0.5396081432108312
2024-01-10,-74.93363304289038,4.865057175726995,0.7304851134214688,0.5428756769301964
2024-01-26,-74.93363304289038,4.865057175726995,0.7711780408988123,0.609685797625391
2024-02-11,-74.93363304289038,4.865057175726995,0.7627550466676177,0.5565611318055634
2024-02-27,-74.93363304289038,4.865057175726995,0.7367114052757551,0.5235987796969496
2024-03-14,-74.93363304289038,4.865057175726995,0.7286031850259526,0.5254515599405738
2024-03-30,-74.93363304289038,4.865057175726995,0.6925033749489019,0.5245895372727796
2024-04-15,-74.93363304289038,4.865057175726995,0.6192317784675321,0.4391490084802243
2024-05-01,-74.93363304289038,4.865057175726995,0.6018065654995036,0.45030437675016427
2024-05-17,-74.93363304289038,4.865057175726995,0.5518598944285932,0.4084845621937173
2024-06-02,-74.93363304289038,4.865057175726995,0.4979493659239802,0.3444740276068126
2024-06-18,-74.93363304289038,4.865057175726995,0.45599851854501045,0.33773551841015176
2024-07-04,-74.93363304289038,4.865057175726995,0.4228119772400784,0.31934490130598786
2024-07-20,-74.93363304289038,4.865057175726995,0.41026965406096916,0.32133676508366027
2024-08-05,-74.93363304289038,4.865057175726995,0.3746834273499669,0.2494966344340795
2024-08-21,-74.93363304289038,4.865057175726995,0.41193560075106006,0.3166606188755168
2024-09-06,-74.93363304289038,4.865057175726995,0.38031033641623074,0.2907868534420215
2024-09-22,-74.93363304289038,4.865057175726995,0.4464416497176623,0.36941476779303456
2024-10-08,-74.93363304289038,4.865057175726995,0.46661472584267516,0.3711544571290036
2024-10-24,-74.93363304289038,4.865057175726995,0.48202083512507277,0.36079757131187107
2024-11-09,-74.93363304289038,4.865057175726995,0.5488497598582515,0.4184887169277728
2024-11-25,-74.93363304289038,4.865057175726995,0.638118683480552,0.48358680049599917
2024-12-11,-74.93363304289038,4.865057175726995,0.6346983542650538,0.45075499410111275
2024-12-27,-74.93363304289038,4.865057175726995,0.7275527450671323,0.5559404270480539
2015-01-01,-74.81412688241079,4.822832251230797,0.5499068807440026,0.4052443916574468
2015-01-17,-74.81412688241079,4.822832251230797,0.5184835457518748,0.3237153064605746
2015-02-02,-74.81412688241079,4.822832251230797,0.48952770809616614,0.349168452582866
2015-02-18,-74.81412688241079,4.822832251230797,0.4671906942287395,0.35042747668119173
2015-03-06,-74.81412688241079,4.822832251230797,0.49339569636805686,0.37614095221919286
2015-03-22,-74.81412688241079,4.822832251230797,0.46406823967011773,0.3579634564569732
2015-04-07,-74.81412688241079,4.822832251230797,0.4869305295528655,0.37428348624173946
2015-04-23,-74.81412688241079,4.822832251230797,0.4990836834448455,0.388537700954897
2015-05-09,-74.81412688241079,4.822832251230797,0.4789127126416858,0.4009655661468408
2015-05-25,-74.81412688241079,4.822832251230797,0.6007142109531235,0.45487837325202846
2015-06-10,-74.81412688241079,4.822832251230797,0.5864855302501232,0.46407115633745133
2015-06-26,-74.81412688241079,4.822832251230797,0.6475915548349527,0.4963704864577132
2015-07-12,-74.81412688241079,4.822832251230797,0.6799096806694287,0.554460398481534
2015-07-28,-74.81412688241079,4.822832251230797,0.7148732057159745,0.5375346256933109
2015-08-13,-74.81412688241079,4.822832251230797,0.7305987868719481,0.5471246411100347
2015-08-29,-74.81412688241079,4.822832251230797,0.7828264873455898,0.6098635333873117
2015-09-14,-74.81412688241079,4.822832251230797,0.788700224846369,0.6142976402917034
2015-09-30,-74.81412688241079,4.822832251230797,0.7697440706702859,0.5716688209418196
2015-10-16,-74.81412688241079,4.822832251230797,0.7656762207678655,0.5841689306885575
2015-11-01,-74.81412688241079,4.822832251230797,0.7480950197659589,0.5755157679229365
2015-11-17,-74.81412688241079,4.822832251230797,0.7072778462157374,0.5436846811940653
2015-12-03,-74.81412688241079,4.822832251230797,0.6395220755275463,0.48741752998328436
2015-12-19,-74.81412688241079,4.822832251230797,0.6428576281954352,0.4485433657988245
2016-01-04,-74.81412688241079,4.822832251230797,0.5748906631638416,0.4447035929316436
2016-01-20,-74.81412688241079,4.822832251230797,0.5533901959702681,0.4295635856435052
2016-02-05,-74.81412688241079,4.822832251230797,0.4929541585111269,0.3783170827935459
2016-02-21,-74.81412688241079,4.822832251230797,0.45325794264139985,0.33218409553389494
2016-03-08,-74.81412688241079,4.822832251230797,0.4302179544363652,0.35240405611415837
2016-03-24,-74.81412688241079,4.822832251230797,0.4677021338347011,0.33245435116953354
2016-04-09,-74.81412688241079,4.822832251230797,0.4785535693336209,0.38210213120010234
2016-04-25,-74.81412688241079,4.822832251230797,0.5189826183685445,0.37068419151308035
2016-05-11,-74.81412688241079,4.822832251230797,0.47206328273903364,0.3619551837522028
2016-05-27,-74.81412688241079,4.822832251230797,0.5595443037364044,0.4321047779219134
2016-06-12,-74.81412688241079,4.822832251230797,0.6425502244616721,0.5041853305695218
2016-06-28,-74.81412688241079,4.822832251230797,0.7049368303719745,0.5534297611405269
2016-07-14,-74.81412688241079,4.822832251230797,0.7482592397953013,0.5887756367111826
2016-07-30,-74.81412688241079,4.822832251230797,0.7792894219559432,0.5836497036810019
2016-08-15,-74.81412688241079,4.822832251230797,0.7515796407554705,0.613330135656251
2016-08-31,-74.81412688241079,4.822832251230797,0.7946650732448255,0.6205729662131038
2016-09-16,-74.81412688241079,4.822832251230797,0.7858699962130014,0.6086809460106638
2016-10-02,-74.81412688241079,4.822832251230797,0.7386138020830303,0.5457514837422537
2016-10-18,-74.81412688241079,4.822832251230797,0.7640562769381614,0.5822943830697247
2016-11-03,-74.81412688241079,4.822832251230797,0.7554701244853506,0.5447197349314066
2016-11-19,-74.81412688241079,4.822832251230797,0.7071396615613215,0.5548880857037259
2016-12-05,-74.81412688241079,4.822832251230797,0.695696738652741,0.5359051136663063
2016-12-21,-74.81412688241079,4.822832251230797,0.5927585180849576,0.41913359542155304
2017-01-06,-74.81412688241079,4.822832251230797,0.5962551756084383,0.4619382204181876
2017-01-22,-74.81412688241079,4.822832251230797,0.5190943213595742,0.35692437513524433
2017-02-07,-74.81412688241079,4.822832251230797,0.4688474827349531,0.36426201782669354
2017-02-23,-74.81412688241079,4.822832251230797,0.4729767168107479,0.3158059064287318
2017-03-11,-74.81412688241079,4.822832251230797,0.4690988385747433,0.32045539996665834
2017-03-27,-74.81412688241079,4.822832251230797,0.4869035564013469,0.36934878559910933
2017-04-12,-74.81412688241079,4.822832251230797,0.4665074416284191,0.36968366800352775
2017-04-28,-74.81412688241079,4.822832251230797,0.5101715313857397,0.40912720070940517
2017-05-14,-74.81412688241079,4.822832251230797,0.5413500525364617,0.4087889267304605
2017-05-30,-74.81412688241079,4.822832251230797,0.5772259308878248,0.4381787910212118
2017-06-15,-74.81412688241079,4.822832251230797,0.6633759890386437,0.4874767083777619
2017-07-01,-74.81412688241079,4.822832251230797,0.6886535361086638,0.49888128042133884
2017-07-17,-74.81412688241079,4.822832251230797,0.6769402017762535,0.5118543261395923
2017-08-02,-74.81412688241079,4.822832251230797,0.7613565229890323,0.5688163668529246
2017-08-18,-74.81412688241079,4.822832251230797,0.7501063053190772,0.5686657504821403
2017-09-03,-74.81412688241079,4.822832251230797,0.7998681105913026,0.5821254703216255
2017-09-19,-74.81412688241079,4.822832251230797,0.7693318523244599,0.5719511306892255
2017-10-05,-74.81412688241079,4.822832251230797,0.7985239285948844,0.6072260410820032
2017-10-21,-74.81412688241079,4.822832251230797,0.7449404791629388,0.5614438610726442
2017-11-06,-74.81412688241079,4.822832251230797,0.7471466949396994,0.5369067070194383
2017-11-22,-74.81412688241079,4.822832251230797,0.6897684324038955,0.5441191439063391
2017-12-08,-74.81412688241079,4.822832251230797,0.6174450808083018,0.48619433642721654
2017-12-24,-74.81412688241079,4.822832251230797,0.6285376300485059,0.4669591120329617
2018-01-09,-74.81412688241079,4.822832251230797,0.5448027286166076,0.42926393484284686
2018-01-25,-74.81412688241079,4.822832251230797,0.5091019885609391,0.3347639574068025
2018-02-10,-74.81412688241079,4.822832251230797,0.4805907773883202,0.3698511624051314
2018-02-26,-74.81412688241079,4.822832251230797,0.47797169607961154,0.34086618876467023
2018-03-14,-74.81412688241079,4.822832251230797,0.45070077813589243,0.3575637288849653
2018-03-30,-74.81412688241079,4.822832251230797,0.46068023366594885,0.3149354153702434
2018-04-15,-74.81412688241079,4.822832251230797,0.5048370321242874,0.3743455536456707
2018-05-01,-74.81412688241079,4.822832251230797,0.5311611175109513,0.37046170421588254
2018-05-17,-74.81412688241079,4.822832251230797,0.5450127760840036,0.41895430253654736
2018-06-02,-74.81412688241079,4.822832251230797,0.589756952544677,0.4186575903620879
2018-06-18,-74.81412688241079,4.822832251230797,0.5904808147447675,0.47332591364864285
2018-07-04,-74.81412688241079,4.822832251230797,0.6890227523925874,0.5401030853502633
2018-07-20,-74.81412688241079,4.822832251230797,0.7441526653909387,0.5700514355655957
2018-08-05,-74.81412688241079,4.822832251230797,0.7532123686221797,0.5747046149794174
2018-08-21,-74.81412688241079,4.822832251230797,0.8123247312422489,0.6109037669971619
2018-09-06,-74.81412688241079,4.822832251230797,0.8339061407169698,0.5954411678083902
2018-09-22,-74.81412688241079,4.822832251230797,0.7631758086836462,0.5921433608031226
2018-10-08,-74.81412688241079,4.822832251230797,0.7656667903657584,0.6151168311828944
2018-10-24,-74.81412688241079,4.822832251230797,0.783802444676199,0.61960326364231
2018-11-09,-74.81412688241079,4.822832251230797,0.7399281046679816,0.5365144060275803
2018-11-25,-74.81412688241079,4.822832251230797,0.6470306133216726,0.5151788533750349
2018-12-11,-74.81412688241079,4.822832251230797,0.6041661442949503,0.48482232197576314
2018-12-27,-74.81412688241079,4.822832251230797,0.6009239460630106,0.4491679064708559
2019-01-12,-74.81412688241079,4.822832251230797,0.5526955695123911,0.42382749584327534
2019-01-28,-74.81412688241079,4.822832251230797,0.5023706510341366,0.40529173297398874
2019-02-13,-74.81412688241079,4.822832251230797,0.5058743734475519,0.38251896612208275
2019-03-01,-74.81412688241079,4.822832251230797,0.44887599197434747,0.36277607486884644
2019-03-17,-74.81412688241079,4.822832251230797,0.4157505638232033,0.32069077500762894
2019-04-02,-74.81412688241079,4.822832251230797,0.47916787645910197,0.3428088706487662
2019-04-18,-74.81412688241079,4.822832251230797,0.5042591814167852,0.3776666688362563
2019-05-04,-74.81412688241079,4.822832251230797,0.5049707364533723,0.3979925191333027
2019-05-20,-74.81412688241079,4.822832251230797,0.5336220164858764,0.4176003790956848
2019-06-05,-74.81412688241079,4.822832251230797,0.5605155592737224,0.42610075838991573
2019-06-21,-74.81412688241079,4.822832251230797,0.6478628282153392,0.4751032058241892
2019-07-07,-74.81412688241079,4.822832251230797,0.7000689598144313,0.5234603172734676
2019-07-23,-74.81412688241079,4.822832251230797,0.7537138537303159,0.5764884100738056
2019-08-08,-74.81412688241079,4.822832251230797,0.7740291040673168,0.5863590521216917
2019-08-24,-74.81412688241079,4.822832251230797,0.7774599674314819,0.5770589045740975
2019-09-09,-74.81412688241079,4.822832251230797,0.8017155105313262,0.5978194431563518
2019-09-25,-74.81412688241079,4.822832251230797,0.8160056148534142,0.6138732149309357
2019-10-11,-74.81412688241079,4.822832251230797,0.7857229557835828,0.5612385381597759
2019-10-27,-74.81412688241079,4.822832251230797,0.7700709118600668,0.5659297120215632
2019-11-12,-74.81412688241079,4.822832251230797,0.6939666425578387,0.5533987021006305
2019-11-28,-74.81412688241079,4.822832251230797,0.6857391658882457,0.5338462887940197
2019-12-14,-74.81412688241079,4.822832251230797,0.634441199123504,0.4739678834245538
2019-12-30,-74.81412688241079,4.822832251230797,0.5734216447704794,0.44564843728699294
2020-01-15,-74.81412688241079,4.822832251230797,0.5589174747393647,0.4178244310960066
2020-01-31,-74.81412688241079,4.822832251230797,0.54178455956738,0.40239204868131884
2020-02-16,-74.81412688241079,4.822832251230797,0.44604210653091225,0.3001011250783046
2020-03-03,-74.81412688241079,4.822832251230797,0.42526824809010966,0.31067495021613234
2020-03-19,-74.81412688241079,4.822832251230797,0.45212085983336636,0.3527426376286226
2020-04-04,-74.81412688241079,4.822832251230797,0.4667330632247773,0.3669172181112667
2020-04-20,-74.81412688241079,4.822832251230797,0.4907587966712278,0.3683395260259582
2020-05-06,-74.81412688241079,4.822832251230797,0.511177779546061,0.41183510386750205
2020-05-22,-74.81412688241079,4.822832251230797,0.532799363590165,0.40562572850690143
2020-06-07,-74.81412688241079,4.822832251230797,0.6052627338665346,0.46958214234999096
2020-06-23,-74.81412688241079,4.822832251230797,0.6552842064902321,0.4916360289799921
2020-07-09,-74.81412688241079,4.822832251230797,0.694983160175984,0.549102498214628
2020-07-25,-74.81412688241079,4.822832251230797,0.7394261621919115,0.5939626458762031
2020-08-10,-74.81412688241079,4.822832251230797,0.7753874391932903,0.5819757762109142
2020-08-26,-74.81412688241079,4.822832251230797,0.7867987677685538,0.601384013820119
2020-09-11,-74.81412688241079,4.822832251230797,0.7854088482101331,0.5919714841383806
2020-09-27,-74.81412688241079,4.822832251230797,0.7919562553773609,0.6004721455183245
2020-10-13,-74.81412688241079,4.822832251230797,0.7809621073633568,0.5937614781261958
2020-10-29,-74.81412688241079,4.822832251230797,0.7469229779568949,0.5915711033146587
2020-11-14,-74.81412688241079,4.822832251230797,0.7156163336456077,0.5888319760013924
2020-11-30,-74.81412688241079,4.822832251230797,0.664232702930191,0.5173527930467468
2020-12-16,-74.81412688241079,4.822832251230797,0.6020275215498425,0.47953642626860793
2021-01-01,-74.81412688241079,4.822832251230797,0.5593186047399938,0.4286065139141173
2021-01-17,-74.81412688241079,4.822832251230797,0.5260528646937804,0.40357980446267294
2021-02-02,-74.81412688241079,4.822832251230797,0.49176715588940445,0.35304030903862904
2021-02-18,-74.81412688241079,4.822832251230797,0.46596664611059946,0.38030658706578246
2021-03-06,-74.81412688241079,4.822832251230797,0.46738258287852813,0.32475993656131347
2021-03-22,-74.81412688241079,4.822832251230797,0.4792936410352482,0.34163994716989055
2021-04-07,-74.81412688241079,4.822832251230797,0.484361545069206,0.37433446175382257
2021-04-23,-74.81412688241079,4.822832251230797,0.5057756322813902,0.41639550753440624
2021-05-09,-74.81412688241079,4.822832251230797,0.5108725825602676,0.39537033243793723
2021-05-25,-74.81412688241079,4.822832251230797,0.5941113863075033,0.43271670569813003
2021-06-10,-74.81412688241079,4.822832251230797,0.5998305876479986,0.44412918996055023
2021-06-26,-74.81412688241079,4.822832251230797,0.6679637455326882,0.47276328367029713
2021-07-12,-74.81412688241079,4.822832251230797,0.7165958325223043,0.5092791395568137
2021-07-28,-74.81412688241079,4.822832251230797,0.7695841574742959,0.5874634546675244
2021-08-13,-74.81412688241079,4.822832251230797,0.8113053286048901,0.6218546716658536
2021-08-29,-74.81412688241079,4.822832251230797,0.7852369824259354,0.5729541941150983
2021-09-14,-74.81412688241079,4.822832251230797,0.8019856346397636,0.6008842142102652
2021-09-30,-74.81412688241079,4.822832251230797,0.8139492627196049,0.5918895707126067
2021-10-16,-74.81412688241079,4.822832251230797,0.8113325027354952,0.6339949158859213
2021-11-01,-74.81412688241079,4.822832251230797,0.7366570586326748,0.5884492119272585
2021-11-17,-74.81412688241079,4.822832251230797,0.6862786722487971,0.5188207999849024
2021-12-03,-74.81412688241079,4.822832251230797,0.6319499330700159,0.5108938349285401
2021-12-19,-74.81412688241079,4.822832251230797,0.5777457733849021,0.4045004961134334
2022-01-04,-74.81412688241079,4.822832251230797,0.552416241923239,0.4407586549359525
2022-01-20,-74.81412688241079,4.822832251230797,0.5432633661424121,0.40988853717139123
2022-02-05,-74.81412688241079,4.822832251230797,0.5113263638912986,0.38118649842425095
2022-02-21,-74.81412688241079,4.822832251230797,0.47640727491798657,0.3903399777016122
2022-03-09,-74.81412688241079,4.822832251230797,0.4519996337663208,0.32367227290930645
2022-03-25,-74.81412688241079,4.822832251230797,0.46810642174222394,0.365885302456499
2022-04-10,-74.81412688241079,4.822832251230797,0.4753353848232748,0.37656916489157677
2022-04-26,-74.81412688241079,4.822832251230797,0.49510158913478663,0.3738771120427598
2022-05-12,-74.81412688241079,4.822832251230797,0.5422315567078968,0.4124208882916715
2022-05-28,-74.81412688241079,4.822832251230797,0.609547128958946,0.4645514717192162
2022-06-13,-74.81412688241079,4.822832251230797,0.6174667739965203,0.47365971452721045
2022-06-29,-74.81412688241079,4.822832251230797,0.6902190374578064,0.5331489869237307
2022-07-15,-74.81412688241079,4.822832251230797,0.7276444146428804,0.5157723081118796
2022-07-31,-74.81412688241079,4.822832251230797,0.7001148181386934,0.5505914043764325
2022-08-16,-74.81412688241079,4.822832251230797,0.7861433183042407,0.5891759403958751
2022-09-01,-74.81412688241079,4.822832251230797,0.8072922750961081,0.6440154050353994
2022-09-17,-74.81412688241079,4.822832251230797,0.825146116150414,0.6381039985688497
2022-10-03,-74.81412688241079,4.822832251230797,0.7697785559271768,0.5621981008859851
2022-10-19,-74.81412688241079,4.822832251230797,0.7182964049786529,0.5513925732116881
2022-11-04,-74.81412688241079,4.822832251230797,0.7562021749025517,0.5909551921007441
2022-11-20,-74.81412688241079,4.822832251230797,0.707448907208453,0.5275053432417934
2022-12-06,-74.81412688241079,4.822832251230797,0.6374929577594529,0.46161242239777434
2022-12-22,-74.81412688241079,4.822832251230797,0.5986801407312781,0.42945358047052956
2023-01-07,-74.81412688241079,4.822832251230797,0.5920998931858292,0.4180274888280599
2023-01-23,-74.81412688241079,4.822832251230797,0.5133237216538442,0.3462684229717657
2023-02-08,-74.81412688241079,4.822832251230797,0.49172552807960046,0.3687464718645577
2023-02-24,-74.81412688241079,4.822832251230797,0.45780622932534926,0.32469900667341084
2023-03-12,-74.81412688241079,4.822832251230797,0.4563287325055191,0.3313573315788546
2023-03-28,-74.81412688241079,4.822832251230797,0.45772244954712543,0.3824404371987039
2023-04-13,-74.81412688241079,4.822832251230797,0.480611395741072,0.37111589096528463
2023-04-29,-74.81412688241079,4.822832251230797,0.4958548493551579,0.3562024268228732
2023-05-15,-74.81412688241079,4.822832251230797,0.5418206287833753,0.456443991684576
2023-05-31,-74.81412688241079,4.822832251230797,0.5800268591511465,0.44224890043065634
2023-06-16,-74.81412688241079,4.822832251230797,0.6157842837144136,0.4067327720177752
2023-07-02,-74.81412688241079,4.822832251230797,0.6627026311046613,0.5446411638755713
2023-07-18,-74.81412688241079,4.822832251230797,0.7326455838383307,0.582302671899817
2023-08-03,-74.81412688241079,4.822832251230797,0.7489293523325479,0.5145603921742776
2023-08-19,-74.81412688241079,4.822832251230797,0.7591137631696687,0.5772758175981348
2023-09-04,-74.81412688241079,4.822832251230797,0.799787482371637,0.5996321358471631
2023-09-20,-74.81412688241079,4.822832251230797,0.7854843085563966,0.6079075451533623
2023-10-06,-74.81412688241079,4.822832251230797,0.7743438019449583,0.5869141888619728
2023-10-22,-74.81412688241079,4.822832251230797,0.764669474488725,0.5661320569992995
2023-11-07,-74.81412688241079,4.822832251230797,0.7094194964231961,0.5235180205829378
2023-11-23,-74.81412688241079,4.822832251230797,0.723232376736973,0.5646732398180534
2023-12-09,-74.81412688241079,4.822832251230797,0.6604264321143843,0.47959054995029193
2023-12-25,-74.81412688241079,4.822832251230797,0.5645158435560291,0.44531676698219425
2024-01-10,-74.81412688241079,4.822832251230797,0.5671322288944505,0.4280941512044889
2024-01-26,-74.81412688241079,4.822832251230797,0.5032439697037705,0.34815408419312727
2024-02-11,-74.81412688241079,4.822832251230797,0.4983646039528437,0.397496155263951
2024-02-27,-74.81412688241079,4.822832251230797,0.4487746980650462,0.3213290315339922
2024-03-14,-74.81412688241079,4.822832251230797,0.4809024895445896,0.3478395779005725
2024-03-30,-74.81412688241079,4.822832251230797,0.4982449558111358,0.3715026817010377
2024-04-15,-74.81412688241079,4.822832251230797,0.4738766132850526,0.3563096199880573
2024-05-01,-74.81412688241079,4.822832251230797,0.5037528627696513,0.4003388948041921
2024-05-17,-74.81412688241079,4.822832251230797,0.5677606721625458,0.44758262997692594
2024-06-02,-74.81412688241079,4.822832251230797,0.5980685115308614,0.43942429368197883
2024-06-18,-74.81412688241079,4.822832251230797,0.6409632072096215,0.47220846957581064
2024-07-04,-74.81412688241079,4.822832251230797,0.7161501762511094,0.5571581066643041
2024-07-20,-74.81412688241079,4.822832251230797,0.7261259590699106,0.5260649701670075
2024-08-05,-74.81412688241079,4.822832251230797,0.7922747328896117,0.5969397323780948
2024-08-21,-74.81412688241079,4.822832251230797,0.7821940466445844,0.6176385893778175
2024-09-06,-74.81412688241079,4.822832251230797,0.7860164429972277,0.58313379422133
2024-09-22,-74.81412688241079,4.822832251230797,0.7902361187344117,0.5663457056179719
2024-10-08,-74.81412688241079,4.822832251230797,0.7871225684687895,0.5750950314580231
2024-10-24,-74.81412688241079,4.822832251230797,0.7437292951515356,0.5437082617756184
2024-11-09,-74.81412688241079,4.822832251230797,0.7080521091230929,0.5142607925620033
2024-11-25,-74.81412688241079,4.822832251230797,0.6823662594392573,0.5086628327297288
2024-12-11,-74.81412688241079,4.822832251230797,0.6321833253161997,0.5212132555163961
2024-12-27,-74.81412688241079,4.822832251230797,0.5815684013529515,0.4482752534594409
2015-01-01,-74.48287867681974,4.647866740948834,0.4668677145206714,0.34026655969890707
2015-01-17,-74.48287867681974,4.647866740948834,0.5142059849912528,0.3462164158664197
2015-02-02,-74.48287867681974,4.647866740948834,0.583623149582709,0.4809345225470143
2015-02-18,-74.48287867681974,4.647866740948834,0.5985047450757917,0.46218794235186383
2015-03-06,-74.48287867681974,4.647866740948834,0.6565563212625288,0.4659238461553313
2015-03-22,-74.48287867681974,4.647866740948834,0.6887765178205969,0.5080535924767632
2015-04-07,-74.48287867681974,4.647866740948834,0.7440804434171289,0.5542951411628727
2015-04-23,-74.48287867681974,4.647866740948834,0.7351489743856497,0.5477934721820347
2015-05-09,-74.48287867681974,4.647866740948834,0.7688918266132094,0.566421865619129
2015-05-25,-74.48287867681974,4.647866740948834,0.7448846668291135,0.571197057770874
2015-06-10,-74.48287867681974,4.647866740948834,0.7152007077315845,0.5409806788195838
2015-06-26,-74.48287867681974,4.647866740948834,0.6693032267545643,0.45025629385724175
2015-07-12,-74.48287867681974,4.647866740948834,0.671502310579859,0.4938499507280085
2015-07-28,-74.48287867681974,4.647866740948834,0.6350791201574765,0.48334329547642063
2015-08-13,-74.48287867681974,4.647866740948834,0.5945557457939465,0.4619546597476494
2015-08-29,-74.48287867681974,4.647866740948834,0.4804119892767688,0.3726069042825365
2015-09-14,-74.48287867681974,4.647866740948834,0.48535840586133,0.387319028141361
2015-09-30,-74.48287867681974,4.647866740948834,0.4727776856908391,0.3666426450274415
2015-10-16,-74.48287867681974,4.647866740948834,0.43278371959534945,0.30633566585435623
2015-11-01,-74.48287867681974,4.647866740948834,0.41711234499387884,0.27683641351479016
2015-11-17,-74.48287867681974,4.647866740948834,0.41271033115247835,0.28024956637357007
2015-12-03,-74.48287867681974,4.647866740948834,0.40580956872490564,0.3066867534882034
2015-12-19,-74.48287867681974,4.647866740948834,0.46583522494560176,0.348740549105697
2016-01-04,-74.48287867681974,4.647866740948834,0.474758878223868,0.3371209954231225
2016-01-20,-74.48287867681974,4.647866740948834,0.5147320227003809,0.36960455620073074
2016-02-05,-74.48287867681974,4.647866740948834,0.5601817481592362,0.389705675637849
2016-02-21,-74.48287867681974,4.647866740948834,0.616805882847613,0.45126378969419584
2016-03-08,-74.48287867681974,4.647866740948834,0.6495081518554986,0.5048755538042478
2016-03-24,-74.48287867681974,4.647866740948834,0.6826509974894706,0.5279707839090646
2016-04-09,-74.48287867681974,4.647866740948834,0.6612071266271355,0.48604821169627394
2016-04-25,-74.48287867681974,4.647866740948834,0.7413899699811497,0.5662270682521867
2016-05-11,-74.48287867681974,4.647866740948834,0.7621628694724699,0.6057097617036927
2016-05-27,-74.48287867681974,4.647866740948834,0.7256851299723139,0.5392242751015393
2016-06-12,-74.48287867681974,4.647866740948834,0.684073335784473,0.5035388305276499
2016-06-28,-74.48287867681974,4.647866740948834,0.6689152543732807,0.4898214569323262
2016-07-14,-74.48287867681974,4.647866740948834,0.6248129134327399,0.47664121682499583
2016-07-30,-74.48287867681974,4.647866740948834,0.638028815202554,0.49718674676652064
2016-08-15,-74.48287867681974,4.647866740948834,0.5563270485388716,0.4375258633561679
2016-08-31,-74.48287867681974,4.647866740948834,0.5292657908707827,0.3961352561343502
2016-09-16,-74.48287867681974,4.647866740948834,0.48375418216610366,0.35881683386481245
2016-10-02,-74.48287867681974,4.647866740948834,0.4690010153659103,0.3545441631699612
2016-10-18,-74.48287867681974,4.647866740948834,0.4205026501519263,0.2998399454319377
2016-11-03,-74.48287867681974,4.647866740948834,0.4307850837334126,0.331661837113725
2016-11-19,-74.48287867681974,4.647866740948834,0.41928901444272576,0.29182664837711947
2016-12-05,-74.48287867681974,4.647866740948834,0.4626777105631105,0.36778037511287487
2016-12-21,-74.48287867681974,4.647866740948834,0.4203270682988363,0.3420369596903978
2017-01-06,-74.48287867681974,4.647866740948834,0.48478015523837625,0.3673848580293251
2017-01-22,-74.48287867681974,4.647866740948834,0.5487261296767334,0.44459537299013113
2017-02-07,-74.48287867681974,4.647866740948834,0.5866739579862079,0.4448260784686671
2017-02-23,-74.48287867681974,4.647866740948834,0.5803471611960835,0.39473573441736787
2017-03-11,-74.48287867681974,4.647866740948834,0.6641458174086317,0.5249499699713632
2017-03-27,-74.48287867681974,4.647866740948834,0.6635727603495071,0.49228397096735566
2017-04-12,-74.48287867681974,4.647866740948834,0.6940547785910355,0.5088630824734965
2017-04-28,-74.48287867681974,4.647866740948834,0.7421754219428711,0.5609990291122261
2017-05-14,-74.48287867681974,4.647866740948834,0.7205437799406931,0.5935582353657273
2017-05-30,-74.48287867681974,4.647866740948834,0.6895295863475697,0.5281054113905929
2017-06-15,-74.48287867681974,4.647866740948834,0.6794894459752665,0.506468347041565
2017-07-01,-74.48287867681974,4.647866740948834,0.6761910877252302,0.5240352301866246
2017-07-17,-74.48287867681974,4.647866740948834,0.6332964989123533,0.4676334122283281
2017-08-02,-74.48287867681974,4.647866740948834,0.5934083731337155,0.4234572261242631
2017-08-18,-74.48287867681974,4.647866740948834,0.5702541798905099,0.43331732233352055
2017-09-03,-74.48287867681974,4.647866740948834,0.5261966949094696,0.3932566611314406
2017-09-19,-74.48287867681974,4.647866740948834,0.47781244606000306,0.3818713413096193
2017-10-05,-74.48287867681974,4.647866740948834,0.4732741922500977,0.3832516559112611
2017-10-21,-74.48287867681974,4.647866740948834,0.4406239561443122,0.3575212490013426
2017-11-06,-74.48287867681974,4.647866740948834,0.41583166031156965,0.3078567095108506
2017-11-22,-74.48287867681974,4.647866740948834,0.4503640603636921,0.35464147603797386
2017-12-08,-74.48287867681974,4.647866740948834,0.4341152210364639,0.3046612510569537
2017-12-24,-74.48287867681974,4.647866740948834,0.4594457763600617,0.3308869634445056
2018-01-09,-74.48287867681974,4.647866740948834,0.5299755347042869,0.41268246389861024
2018-01-25,-74.48287867681974,4.647866740948834,0.5180777570256301,0.3676584985559223
2018-02-10,-74.48287867681974,4.647866740948834,0.5588332437855267,0.4079484280698183
2018-02-26,-74.48287867681974,4.647866740948834,0.6120704547814261,0.48134377090368735
2018-03-14,-74.48287867681974,4.647866740948834,0.633989701889861,0.5212830213143268
2018-03-30,-74.48287867681974,4.647866740948834,0.6664220895468325,0.4716356125382324
2018-04-15,-74.48287867681974,4.647866740948834,0.7426649119260786,0.5834237959412981
2018-05-01,-74.48287867681974,4.647866740948834,0.718725407447214,0.5466707018879011
2018-05-17,-74.48287867681974,4.647866740948834,0.7328245181991305,0.552352637224219
2018-06-02,-74.48287867681974,4.647866740948834,0.6897565392954265,0.46767806081824476
2018-06-18,-74.48287867681974,4.647866740948834,0.6791358072114646,0.5456749436360174
2018-07-04,-74.48287867681974,4.647866740948834,0.7043156986618834,0.5230000347065664
2018-07-20,-74.48287867681974,4.647866740948834,0.6122308624151606,0.46473557120595804
2018-08-05,-74.48287867681974,4.647866740948834,0.6000580823259849,0.4620579521303698
2018-08-21,-74.48287867681974,4.647866740948834,0.49935548268865776,0.43767173569299656
2018-09-06,-74.48287867681974,4.647866740948834,0.5330119158352591,0.39580166280165097
2018-09-22,-74.48287867681974,4.647866740948834,0.4612881224647353,0.3657122057301435
2018-10-08,-74.48287867681974,4.647866740948834,0.4583058143197362,0.34557231050049236
2018-10-24,-74.48287867681974,4.647866740948834,0.4398047464820528,0.32759916777704734
2018-11-09,-74.48287867681974,4.647866740948834,0.43175408738711296,0.33834282255940484
2018-11-25,-74.48287867681974,4.647866740948834,0.4350223580022423,0.3320852064681201
2018-12-11,-74.48287867681974,4.647866740948834,0.4714781583548755,0.3216664763777875
2018-12-27,-74.48287867681974,4.647866740948834,0.45298822666440697,0.3402723837179257
2019-01-12,-74.48287867681974,4.647866740948834,0.487624379560838,0.3577976339057497
2019-01-28,-74.48287867681974,4.647866740948834,0.566694972652781,0.4220418100104313
2019-02-13,-74.48287867681974,4.647866740948834,0.5455982041415972,0.40073181851951234
2019-03-01,-74.48287867681974,4.647866740948834,0.6240019380620933,0.4687952441956965
2019-03-17,-74.48287867681974,4.647866740948834,0.6709678169599507,0.5127136342150725
2019-04-02,-74.48287867681974,4.647866740948834,0.6876383977780707,0.4918680031686443
2019-04-18,-74.48287867681974,4.647866740948834,0.7034161833380979,0.5151066063711375
2019-05-04,-74.48287867681974,4.647866740948834,0.7179720008935565,0.5523023713753251
2019-05-20,-74.48287867681974,4.647866740948834,0.7319403008858474,0.5654353399392192
2019-06-05,-74.48287867681974,4.647866740948834,0.7050959281456102,0.5589891614749023
2019-06-21,-74.48287867681974,4.647866740948834,0.7047241662874846,0.5307878183524525
2019-07-07,-74.48287867681974,4.647866740948834,0.6730160673122763,0.49124684219158654
2019-07-23,-74.48287867681974,4.647866740948834,0.5819331730756971,0.4243159524253773
2019-08-08,-74.48287867681974,4.647866740948834,0.5984710338667217,0.45045759619382053
2019-08-24,-74.48287867681974,4.647866740948834,0.5395128330559313,0.38767782337639395
2019-09-09,-74.48287867681974,4.647866740948834,0.4642858118080879,0.37671127127236176
2019-09-25,-74.48287867681974,4.647866740948834,0.4657507905105909,0.34072233324499934
2019-10-11,-74.48287867681974,4.647866740948834,0.43086048083550926,0.34823581017916455
2019-10-27,-74.48287867681974,4.647866740948834,0.44611443407191176,0.3152410362697147
2019-11-12,-74.48287867681974,4.647866740948834,0.4469730641541745,0.3323283897372055
2019-11-28,-74.48287867681974,4.647866740948834,0.4180291493243553,0.30764961425731546
2019-12-14,-74.48287867681974,4.647866740948834,0.4320004993298566,0.2975828324424167
2019-12-30,-74.48287867681974,4.647866740948834,0.49017053988255715,0.36321380773128853
2020-01-15,-74.48287867681974,4.647866740948834,0.5214946989920146,0.3968652908666019
2020-01-31,-74.48287867681974,4.647866740948834,0.5595441610826044,0.37873838470381155
2020-02-16,-74.48287867681974,4.647866740948834,0.5726094414899623,0.4408443762255087
2020-03-03,-74.48287867681974,4.647866740948834,0.6046491717987094,0.4609481805252767
2020-03-19,-74.48287867681974,4.647866740948834,0.6383322288201358,0.47907805128499575
2020-04-04,-74.48287867681974,4.647866740948834,0.7274322718401399,0.5610662061867374
2020-04-20,-74.48287867681974,4.647866740948834,0.6781968301886323,0.5256150507277979
2020-05-06,-74.48287867681974,4.647866740948834,0.7610225726411859,0.6267072496841243
2020-05-22,-74.48287867681974,4.647866740948834,0.7321264172737176,0.521806414477581
2020-06-07,-74.48287867681974,4.647866740948834,0.7181937055772646,0.5705659511497778
2020-06-23,-74.48287867681974,4.647866740948834,0.6824511433508041,0.5327005359707543
2020-07-09,-74.48287867681974,4.647866740948834,0.6376680680190557,0.4856981160768288
2020-07-25,-74.48287867681974,4.647866740948834,0.5669022942928491,0.4061700130829025
2020-08-10,-74.48287867681974,4.647866740948834,0.5756186529088009,0.42444685507007196
2020-08-26,-74.48287867681974,4.647866740948834,0.5086764209241178,0.3715141917313893
2020-09-11,-74.48287867681974,4.647866740948834,0.5032246981769216,0.37569397189048687
2020-09-27,-74.48287867681974,4.647866740948834,0.46565711641074237,0.36388221336977156
2020-10-13,-74.48287867681974,4.647866740948834,0.4336726054545243,0.3524380117519315
2020-10-29,-74.48287867681974,4.647866740948834,0.40694047422335794,0.3437654067287088
2020-11-14,-74.48287867681974,4.647866740948834,0.4463102664130272,0.32761274419952596
2020-11-30,-74.48287867681974,4.647866740948834,0.4269220322593721,0.3243262360267638
2020-12-16,-74.48287867681974,4.647866740948834,0.4640233269615636,0.3699084607258418
2021-01-01,-74.48287867681974,4.647866740948834,0.4517862253473325,0.34758852145172425
2021-01-17,-74.48287867681974,4.647866740948834,0.471537254876337,0.3501069314405431
2021-02-02,-74.48287867681974,4.647866740948834,0.5827799438631517,0.40873277725299384
2021-02-18,-74.48287867681974,4.647866740948834,0.5631129841566642,0.4267506401084577
2021-03-06,-74.48287867681974,4.647866740948834,0.662683751144971,0.5035207223804347
2021-03-22,-74.48287867681974,4.647866740948834,0.6321186009772775,0.4404263824720326
2021-04-07,-74.48287867681974,4.647866740948834,0.7002208874793804,0.5015808172236199
2021-04-23,-74.48287867681974,4.647866740948834,0.7197190558003297,0.543709194115586
2021-05-09,-74.48287867681974,4.647866740948834,0.7151628212734462,0.572667201834061
2021-05-25,-74.48287867681974,4.647866740948834,0.7333922351812515,0.5742759939618222
2021-06-10,-74.48287867681974,4.647866740948834,0.7255261436637337,0.541143136508803
2021-06-26,-74.48287867681974,4.647866740948834,0.6787545320817147,0.5031134983247105
2021-07-12,-74.48287867681974,4.647866740948834,0.6636365134606316,0.48472008154803636
2021-07-28,-74.48287867681974,4.647866740948834,0.6461877761245272,0.46972344601994753
2021-08-13,-74.48287867681974,4.647866740948834,0.5748401116194847,0.4265484674736945
2021-08-29,-74.48287867681974,4.647866740948834,0.5206900265986223,0.433964456998239
2021-09-14,-74.48287867681974,4.647866740948834,0.48345082874537043,0.3564936979391793
2021-09-30,-74.48287867681974,4.647866740948834,0.4476708638189853,0.33657396017801744
2021-10-16,-74.48287867681974,4.647866740948834,0.43620244816266057,0.30476677350790937
2021-11-01,-74.48287867681974,4.647866740948834,0.4172826868863362,0.32515574602043135
2021-11-17,-74.48287867681974,4.647866740948834,0.4450569428318503,0.33427271938319736
2021-12-03,-74.48287867681974,4.647866740948834,0.4357442806131261,0.319588309024539
2021-12-19,-74.48287867681974,4.647866740948834,0.44510541211636484,0.31543759848962755
2022-01-04,-74.48287867681974,4.647866740948834,0.453601699085857,0.32615234083226197
2022-01-20,-74.48287867681974,4.647866740948834,0.5391569398944854,0.3958793660669205
2022-02-05,-74.48287867681974,4.647866740948834,0.5545179893277815,0.4085787880015432
2022-02-21,-74.48287867681974,4.647866740948834,0.627673684600153,0.452187612039488
2022-03-09,-74.48287867681974,4.647866740948834,0.6475240806176517,0.48427373779183547
2022-03-25,-74.48287867681974,4.647866740948834,0.6774521163527458,0.5129760954068884
2022-04-10,-74.48287867681974,4.647866740948834,0.7036832106895783,0.543622845750202
2022-04-26,-74.48287867681974,4.647866740948834,0.7187432900861095,0.573944995433096
2022-05-12,-74.48287867681974,4.647866740948834,0.7260832029407776,0.5104930645535778
2022-05-28,-74.48287867681974,4.647866740948834,0.7324594944461759,0.5571865569398275
2022-06-13,-74.48287867681974,4.647866740948834,0.7038930106810514,0.5227283316983656
2022-06-29,-74.48287867681974,4.647866740948834,0.6347878112138723,0.4371539771650907
2022-07-15,-74.48287867681974,4.647866740948834,0.6761300527975104,0.49538748753614503
2022-07-31,-74.48287867681974,4.647866740948834,0.6234084301907534,0.43549565717825583
2022-08-16,-74.48287867681974,4.647866740948834,0.5418382837969128,0.41995153178531885
2022-09-01,-74.48287867681974,4.647866740948834,0.5202827528200324,0.4009654080548119
2022-09-17,-74.48287867681974,4.647866740948834,0.48554398536045557,0.3600045497402095
2022-10-03,-74.48287867681974,4.647866740948834,0.4423788163476671,0.3079040591421503
2022-10-19,-74.48287867681974,4.647866740948834,0.4631251318981161,0.3786900310461847
2022-11-04,-74.48287867681974,4.647866740948834,0.4038929450128956,0.2808381267195327
2022-11-20,-74.48287867681974,4.647866740948834,0.4185962044806196,0.3207558536577278
2022-12-06,-74.48287867681974,4.647866740948834,0.4340220440622745,0.33550693435166035
2022-12-22,-74.48287867681974,4.647866740948834,0.45908961936607895,0.34202459169557453
2023-01-07,-74.48287867681974,4.647866740948834,0.5393720385857232,0.3940249639073863
2023-01-23,-74.48287867681974,4.647866740948834,0.5612254018661362,0.44985631275321947
2023-02-08,-74.48287867681974,4.647866740948834,0.5792915199845056,0.3959460032593886
2023-02-24,-74.48287867681974,4.647866740948834,0.6110068593895115,0.44796124939422266
2023-03-12,-74.48287867681974,4.647866740948834,0.6492525296707621,0.4656800614053139
2023-03-28,-74.48287867681974,4.647866740948834,0.696830264469595,0.5423223988944176
2023-04-13,-74.48287867681974,4.647866740948834,0.7298727400525891,0.539760980711751
2023-04-29,-74.48287867681974,4.647866740948834,0.7000966660156882,0.5321061278411818
2023-05-15,-74.48287867681974,4.647866740948834,0.7601487092757643,0.5714993246490938
2023-05-31,-74.48287867681974,4.647866740948834,0.7264622770685275,0.5401482388837557
2023-06-16,-74.48287867681974,4.647866740948834,0.6889568242207149,0.5298831369376261
2023-07-02,-74.48287867681974,4.647866740948834,0.6691218466607168,0.5099118432261243
2023-07-18,-74.48287867681974,4.647866740948834,0.6463116707931277,0.49168408987762396
2023-08-03,-74.48287867681974,4.647866740948834,0.6075829090288912,0.4386270671164666
2023-08-19,-74.48287867681974,4.647866740948834,0.5367507545805402,0.40171063380326
2023-09-04,-74.48287867681974,4.647866740948834,0.5147273152831384,0.37559902992796124
2023-09-20,-74.48287867681974,4.647866740948834,0.4844576166572085,0.38150756110958717
2023-10-06,-74.48287867681974,4.647866740948834,0.4750718967165942,0.3845491599903888
2023-10-22,-74.48287867681974,4.647866740948834,0.4059891626102976,0.2812319004835547
2023-11-07,-74.48287867681974,4.647866740948834,0.41817031650608727,0.315233468199713
2023-11-23,-74.48287867681974,4.647866740948834,0.4222147102330294,0.3056082460711211
2023-12-09,-74.48287867681974,4.647866740948834,0.4350287273147493,0.335937821934712
2023-12-25,-74.48287867681974,4.647866740948834,0.4387073922221687,0.37589768761836856
2024-01-10,-74.48287867681974,4.647866740948834,0.4981282480538206,0.39461313392493996
2024-01-26,-74.48287867681974,4.647866740948834,0.524299587061261,0.4047116821464411
2024-02-11,-74.48287867681974,4.647866740948834,0.5789966546913297,0.4513836588962631
2024-02-27,-74.48287867681974,4.647866740948834,0.6139230555510542,0.4914735630050842
2024-03-14,-74.48287867681974,4.647866740948834,0.6256788450712176,0.4882466104073737
2024-03-30,-74.48287867681974,4.647866740948834,0.6894049685496452,0.49668719244477505
2024-04-15,-74.48287867681974,4.647866740948834,0.7490938175338901,0.5987943176817692
2024-05-01,-74.48287867681974,4.647866740948834,0.6813728918946239,0.5145653566678844
2024-05-17,-74.48287867681974,4.647866740948834,0.7385725222290158,0.5627634878381181
2024-06-02,-74.48287867681974,4.647866740948834,0.745068698627556,0.5849541781209593
2024-06-18,-74.48287867681974,4.647866740948834,0.6997818515927402,0.5703784609427879
2024-07-04,-74.48287867681974,4.647866740948834,0.6838849395706714,0.5058854147744452
2024-07-20,-74.48287867681974,4.647866740948834,0.6179318252199794,0.48831569897445665
2024-08-05,-74.48287867681974,4.647866740948834,0.5728378273795751,0.4214336049455118
2024-08-21,-74.48287867681974,4.647866740948834,0.5425474969913265,0.4140236906090179
2024-09-06,-74.48287867681974,4.647866740948834,0.5041533192103201,0.35177557147813737
2024-09-22,-74.48287867681974,4.647866740948834,0.49695290803652514,0.36462670805169156
2024-10-08,-74.48287867681974,4.647866740948834,0.48739056016042487,0.3716227202655154
2024-10-24,-74.48287867681974,4.647866740948834,0.45522242276176966,0.3540340473549431
2024-11-09,-74.48287867681974,4.647866740948834,0.44996174693919744,0.34887809012968674
2024-11-25,-74.48287867681974,4.647866740948834,0.4335109748202924,0.3469979129523496
2024-12-11,-74.48287867681974,4.647866740948834,0.4946506566616989,0.3655920537241767
2024-12-27,-74.48287867681974,4.647866740948834,0.4867145820118474,0.3649310380586826
2015-01-01,-74.66019989385786,5.034631258679983,0.14292331461280067,0.12561141482103136
2015-01-17,-74.66019989385786,5.034631258679983,0.22929806084427196,0.1681437350161198
2015-02-02,-74.66019989385786,5.034631258679983,0.32299964284828586,0.25587036300749966
2015-02-18,-74.66019989385786,5.034631258679983,0.3984361878704713,0.31914514495846175
2015-03-06,-74.66019989385786,5.034631258679983,0.4786954234911911,0.32612824695861287
2015-03-22,-74.66019989385786,5.034631258679983,0.5447676266097757,0.37248767150173445
2015-04-07,-74.66019989385786,5.034631258679983,0.6304053918063377,0.49072804064061265
2015-04-23,-74.66019989385786,5.034631258679983,0.6833572592729104,0.5222998384392789
2015-05-09,-74.66019989385786,5.034631258679983,0.7099209722145998,0.5009086623956006
2015-05-25,-74.66019989385786,5.034631258679983,0.6912616353344414,0.49014790672466674
2015-06-10,-74.66019989385786,5.034631258679983,0.665693258342892,0.531594978475824
2015-06-26,-74.66019989385786,5.034631258679983,0.6523171761070069,0.5024835902097436
2015-07-12,-74.66019989385786,5.034631258679983,0.565755064205924,0.4044444024655314
2015-07-28,-74.66019989385786,5.034631258679983,0.49800870286157534,0.3957200437826276
2015-08-13,-74.66019989385786,5.034631258679983,0.4189545363818293,0.2825020865026807
2015-08-29,-74.66019989385786,5.034631258679983,0.3272417754284361,0.20716476773000012
2015-09-14,-74.66019989385786,5.034631258679983,0.25998243352216155,0.18112667018028686
2015-09-30,-74.66019989385786,5.034631258679983,0.14866711198772256,0.127858947245436
2015-10-16,-74.66019989385786,5.034631258679983,0.1293641777477722,0.10167111255911337
2015-11-01,-74.66019989385786,5.034631258679983,0.1270166112869342,0.10796245519031977
2015-11-17,-74.66019989385786,5.034631258679983,0.05788582040675096,0.05379844265476205
2015-12-03,-74.66019989385786,5.034631258679983,0.07619714004269573,0.08248303146996185
2015-12-19,-74.66019989385786,5.034631258679983,0.12136389924424854,0.09862139016919538
2016-01-04,-74.66019989385786,5.034631258679983,0.14086475411228705,0.10687559797427433
2016-01-20,-74.66019989385786,5.034631258679983,0.23862848158331876,0.15848709208327805
2016-02-05,-74.66019989385786,5.034631258679983,0.3161594836403938,0.24583466160197692
2016-02-21,-74.66019989385786,5.034631258679983,0.40603872910459426,0.27628705299676504
2016-03-08,-74.66019989385786,5.034631258679983,0.48445020801426736,0.353977160229903
2016-03-24,-74.66019989385786,5.034631258679983,0.5695100984689578,0.4288432250896068
2016-04-09,-74.66019989385786,5.034631258679983,0.619360998262105,0.45550747982811174
2016-04-25,-74.66019989385786,5.034631258679983,0.6724491269499878,0.5235963803122221
2016-05-11,-74.66019989385786,5.034631258679983,0.6984669147234059,0.5523115725483687
2016-05-27,-74.66019989385786,5.034631258679983,0.7139828389505474,0.5654207791370935
2016-06-12,-74.66019989385786,5.034631258679983,0.6938707063453626,0.5516620200938365
2016-06-28,-74.66019989385786,5.034631258679983,0.597239692547302,0.4608782949686859
2016-07-14,-74.66019989385786,5.034631258679983,0.5805809266795631,0.46341624144680466
2016-07-30,-74.66019989385786,5.034631258679983,0.46365075183167015,0.3608856743723814
2016-08-15,-74.66019989385786,5.034631258679983,0.3961741106444586,0.33407178764349615
2016-08-31,-74.66019989385786,5.034631258679983,0.28164530364747065,0.19584818610714566
2016-09-16,-74.66019989385786,5.034631258679983,0.19344419378762126,0.1479754710813776
2016-10-02,-74.66019989385786,5.034631258679983,0.20675457326206084,0.1541790975758798
2016-10-18,-74.66019989385786,5.034631258679983,0.11201396189162087,0.09501524683117975
2016-11-03,-74.66019989385786,5.034631258679983,0.07675863780588962,0.06488949873729882
2016-11-19,-74.66019989385786,5.034631258679983,0.07892542344492966,0.04228293454182671
2016-12-05,-74.66019989385786,5.034631258679983,0.08470588918030506,0.07836807541503371
2016-12-21,-74.66019989385786,5.034631258679983,0.14300402664461315,0.13322305310734536
2017-01-06,-74.66019989385786,5.034631258679983,0.18439511292038313,0.14541204891517617
2017-01-22,-74.66019989385786,5.034631258679983,0.2643905901137999,0.18639753831392375
2017-02-07,-74.66019989385786,5.034631258679983,0.3184396909313383,0.23633381104541573
2017-02-23,-74.66019989385786,5.034631258679983,0.3913273237871271,0.3016335082743435
2017-03-11,-74.66019989385786,5.034631258679983,0.5209276069309517,0.37649483230144676
2017-03-27,-74.66019989385786,5.034631258679983,0.5829475111142888,0.4246280123168767
2017-04-12,-74.66019989385786,5.034631258679983,0.613791088441246,0.5014545372061279
2017-04-28,-74.66019989385786,5.034631258679983,0.6550217974960083,0.4656799617602493
2017-05-14,-74.66019989385786,5.034631258679983,0.6982839966205362,0.5290834270346174
2017-05-30,-74.66019989385786,5.034631258679983,0.7028104588175347,0.5671324051833492
2017-06-15,-74.66019989385786,5.034631258679983,0.6462932637253862,0.47315121103456165
2017-07-01,-74.66019989385786,5.034631258679983,0.6453587277925992,0.5028015211545651
2017-07-17,-74.66019989385786,5.034631258679983,0.5631752873659541,0.4105840916143192
2017-08-02,-74.66019989385786,5.034631258679983,0.491302629719306,0.38454062869310024
2017-08-18,-74.66019989385786,5.034631258679983,0.3877160693340784,0.2790884957958889
2017-09-03,-74.66019989385786,5.034631258679983,0.30112581648017483,0.25881410012979655
2017-09-19,-74.66019989385786,5.034631258679983,0.198507692323585,0.13288478788141936
2017-10-05,-74.66019989385786,5.034631258679983,0.14148008045050994,0.09789363721768755
2017-10-21,-74.66019989385786,5.034631258679983,0.104626071630012,0.09764097428654711
2017-11-06,-74.66019989385786,5.034631258679983,0.0860302543823142,0.06573951179680422
2017-11-22,-74.66019989385786,5.034631258679983,0.07728065602448066,0.07044031122562408
2017-12-08,-74.66019989385786,5.034631258679983,0.05650465122926768,0.06381017225704277
2017-12-24,-74.66019989385786,5.034631258679983,0.11408079017712372,0.07669038520929304
2018-01-09,-74.66019989385786,5.034631258679983,0.196909605306497,0.1461740874197944
2018-01-25,-74.66019989385786,5.034631258679983,0.2738683230797722,0.20823780067895725
2018-02-10,-74.66019989385786,5.034631258679983,0.3413284207563493,0.28657147895478763
2018-02-26,-74.66019989385786,5.034631258679983,0.44696267726424477,0.341264354450896
2018-03-14,-74.66019989385786,5.034631258679983,0.5285798200518604,0.38232827518474544
2018-03-30,-74.66019989385786,5.034631258679983,0.6302187830937213,0.4509113432986282
2018-04-15,-74.66019989385786,5.034631258679983,0.6456194799544476,0.47848608439348084
2018-05-01,-74.66019989385786,5.034631258679983,0.6738703294889944,0.49631761199045066
2018-05-17,-74.66019989385786,5.034631258679983,0.6795073613717088,0.533397365124944
2018-06-02,-74.66019989385786,5.034631258679983,0.661911594824052,0.5161049740917154
2018-06-18,-74.66019989385786,5.034631258679983,0.6671952450983772,0.49277861119019606
2018-07-04,-74.66019989385786,5.034631258679983,0.6126459486357543,0.4563264811228842
2018-07-20,-74.66019989385786,5.034631258679983,0.5112307072032246,0.3616143573090003
2018-08-05,-74.66019989385786,5.034631258679983,0.46628638561323643,0.3617861956836278
2018-08-21,-74.66019989385786,5.034631258679983,0.372650266667715,0.27165736921397615
2018-09-06,-74.66019989385786,5.034631258679983,0.2797748135282656,0.20332004700291867
2018-09-22,-74.66019989385786,5.034631258679983,0.1719080461140821,0.1301560995906872
2018-10-08,-74.66019989385786,5.034631258679983,0.15383412957121984,0.11672777315397899
2018-10-24,-74.66019989385786,5.034631258679983,0.13336461307847303,0.07993221691225516
2018-11-09,-74.66019989385786,5.034631258679983,0.060837238622563586,0.0482883088805961
2018-11-25,-74.66019989385786,5.034631258679983,0.07829672688795532,0.020698372665441042
2018-12-11,-74.66019989385786,5.034631258679983,0.10816991056482181,0.08609376971472832
2018-12-27,-74.66019989385786,5.034631258679983,0.09804437593584558,0.07119909657418576
2019-01-12,-74.66019989385786,5.034631258679983,0.1868587697069147,0.13107761199391021
2019-01-28,-74.66019989385786,5.034631258679983,0.25242732597660017,0.19764426805592158
2019-02-13,-74.66019989385786,5.034631258679983,0.3984059251594979,0.30410491535302914
2019-03-01,-74.66019989385786,5.034631258679983,0.40545443879939536,0.30980274984620254
2019-03-17,-74.66019989385786,5.034631258679983,0.5252687194813918,0.3719312889159617
2019-04-02,-74.66019989385786,5.034631258679983,0.6057312986332872,0.4718937685375125
2019-04-18,-74.66019989385786,5.034631258679983,0.6385253945230019,0.4460193896760137
2019-05-04,-74.66019989385786,5.034631258679983,0.6446243157649176,0.4701545349519818
2019-05-20,-74.66019989385786,5.034631258679983,0.6919514680079244,0.5086434897331937
2019-06-05,-74.66019989385786,5.034631258679983,0.6680717732947509,0.5124118205136263
2019-06-21,-74.66019989385786,5.034631258679983,0.6551463116623917,0.4953516018019976
2019-07-07,-74.66019989385786,5.034631258679983,0.6065506799244959,0.44178686288746555
2019-07-23,-74.66019989385786,5.034631258679983,0.4970360528123231,0.36233036612469494
2019-08-08,-74.66019989385786,5.034631258679983,0.42555692478213303,0.2781419044656593
2019-08-24,-74.66019989385786,5.034631258679983,0.34082373612523187,0.2777148131975684
2019-09-09,-74.66019989385786,5.034631258679983,0.28445698679380055,0.22384641723447202
2019-09-25,-74.66019989385786,5.034631258679983,0.1964087140411732,0.1762845060537205
2019-10-11,-74.66019989385786,5.034631258679983,0.11216933329498519,0.06483045753198155
2019-10-27,-74.66019989385786,5.034631258679983,0.11426817719360183,0.08625323083197554
2019-11-12,-74.66019989385786,5.034631258679983,0.05871669117598672,0.055076010917119445
2019-11-28,-74.66019989385786,5.034631258679983,0.06715796003671505,0.033617960118081595
2019-12-14,-74.66019989385786,5.034631258679983,0.08555088711340036,0.0705941525555706
2019-12-30,-74.66019989385786,5.034631258679983,0.15501835941613615,0.14659870489522112
2020-01-15,-74.66019989385786,5.034631258679983,0.21063623780458793,0.1518341893774827
2020-01-31,-74.66019989385786,5.034631258679983,0.3233182911568662,0.2622016542332015
2020-02-16,-74.66019989385786,5.034631258679983,0.38217642178623257,0.25541206188804827
2020-03-03,-74.66019989385786,5.034631258679983,0.4480706074934393,0.31497105967232475
2020-03-19,-74.66019989385786,5.034631258679983,0.5439327368108025,0.39778273031727096
2020-04-04,-74.66019989385786,5.034631258679983,0.6420772220592862,0.4501291722689845
2020-04-20,-74.66019989385786,5.034631258679983,0.636490507728708,0.482260456494128
2020-05-06,-74.66019989385786,5.034631258679983,0.6989806155165408,0.4724927370194888
2020-05-22,-74.66019989385786,5.034631258679983,0.6596410936003491,0.4894587463374495
2020-06-07,-74.66019989385786,5.034631258679983,0.703793362604573,0.5656002396577692
2020-06-23,-74.66019989385786,5.034631258679983,0.6285640346042312,0.46801008640476505
2020-07-09,-74.66019989385786,5.034631258679983,0.5611580573542793,0.43353267101343185
2020-07-25,-74.66019989385786,5.034631258679983,0.5348116548918267,0.42622915591647104
2020-08-10,-74.66019989385786,5.034631258679983,0.42086324199415304,0.2988767973929103
2020-08-26,-74.66019989385786,5.034631258679983,0.33590733733066164,0.2795462370866678
2020-09-11,-74.66019989385786,5.034631258679983,0.24559136357159364,0.1478849420917402
2020-09-27,-74.66019989385786,5.034631258679983,0.1740099863428422,0.12492697468736488
2020-10-13,-74.66019989385786,5.034631258679983,0.087599839042759,0.07034062592203563
2020-10-29,-74.66019989385786,5.034631258679983,0.09647935463676435,0.10955736827393947
2020-11-14,-74.66019989385786,5.034631258679983,0.05,0.052110428625775286
2020-11-30,-74.66019989385786,5.034631258679983,0.09858855363247572,0.08433383384306299
2020-12-16,-74.66019989385786,5.034631258679983,0.09021067933062407,0.04635947588311781
2021-01-01,-74.66019989385786,5.034631258679983,0.16017138212384838,0.12193208978981211
2021-01-17,-74.66019989385786,5.034631258679983,0.21443720106389094,0.18666064106858332
2021-02-02,-74.66019989385786,5.034631258679983,0.2968683034927773,0.18477721273720227
2021-02-18,-74.66019989385786,5.034631258679983,0.3855441161564139,0.2987635540822245
2021-03-06,-74.66019989385786,5.034631258679983,0.48147268014064043,0.36778896184827925
2021-03-22,-74.66019989385786,5.034631258679983,0.5822098243595557,0.4143615568356243
2021-04-07,-74.66019989385786,5.034631258679983,0.6087839283151515,0.48748902699657165
2021-04-23,-74.66019989385786,5.034631258679983,0.6251762166909638,0.46780827357416743
2021-05-09,-74.66019989385786,5.034631258679983,0.7151408919315546,0.5606359939673471
2021-05-25,-74.66019989385786,5.034631258679983,0.7066153012272542,0.5436702619556746
2021-06-10,-74.66019989385786,5.034631258679983,0.6520393881379071,0.516493082782014
2021-06-26,-74.66019989385786,5.034631258679983,0.6064511982341971,0.4320301382881804
2021-07-12,-74.66019989385786,5.034631258679983,0.5771449514012118,0.42299842363656487
2021-07-28,-74.66019989385786,5.034631258679983,0.49840208316668194,0.382416903960616
2021-08-13,-74.66019989385786,5.034631258679983,0.4463193013841556,0.3434139677494449
2021-08-29,-74.66019989385786,5.034631258679983,0.3127788714029502,0.24811391271593533
2021-09-14,-74.66019989385786,5.034631258679983,0.22726367285839918,0.1887108651313202
2021-09-30,-74.66019989385786,5.034631258679983,0.17442209837616635,0.1388274501052637
2021-10-16,-74.66019989385786,5.034631258679983,0.08256354146179888,0.016907744192719405
2021-11-01,-74.66019989385786,5.034631258679983,0.05315396769564454,0.07478089288570275
2021-11-17,-74.66019989385786,5.034631258679983,0.05,0.05214619603977864
2021-12-03,-74.66019989385786,5.034631258679983,0.06908053093241048,0.04700979621492306
2021-12-19,-74.66019989385786,5.034631258679983,0.11484995000625478,0.11901303106092101
2022-01-04,-74.66019989385786,5.034631258679983,0.18140223293202143,0.1437523375054231
2022-01-20,-74.66019989385786,5.034631258679983,0.26568776731084787,0.18660188820790427
2022-02-05,-74.66019989385786,5.034631258679983,0.3419563729071994,0.27449333158357414
2022-02-21,-74.66019989385786,5.034631258679983,0.4239237083563452,0.3148424472090287
2022-03-09,-74.66019989385786,5.034631258679983,0.4811682467626576,0.3434797121686049
2022-03-25,-74.66019989385786,5.034631258679983,0.5494961807090035,0.39378187251058283
2022-04-10,-74.66019989385786,5.034631258679983,0.6349302147408635,0.4716309347902462
2022-04-26,-74.66019989385786,5.034631258679983,0.6797326791438982,0.5195571497509798
2022-05-12,-74.66019989385786,5.034631258679983,0.6716989831834755,0.48197886674542206
2022-05-28,-74.66019989385786,5.034631258679983,0.6867458117102433,0.49955694431040687
2022-06-13,-74.66019989385786,5.034631258679983,0.6488899105187758,0.5205811730705793
2022-06-29,-74.66019989385786,5.034631258679983,0.5896354533191784,0.482687878534944
2022-07-15,-74.66019989385786,5.034631258679983,0.561992043289467,0.44121879812745873
2022-07-31,-74.66019989385786,5.034631258679983,0.4964317844385538,0.38466302187423607
2022-08-16,-74.66019989385786,5.034631258679983,0.42790668532831394,0.2992816802266998
2022-09-01,-74.66019989385786,5.034631258679983,0.3062635685797915,0.21264073818482868
2022-09-17,-74.66019989385786,5.034631258679983,0.1957352796662205,0.1335766373785009
2022-10-03,-74.66019989385786,5.034631258679983,0.19892872344114423,0.14572720863250388
2022-10-19,-74.66019989385786,5.034631258679983,0.14966360970780698,0.1539642505497193
2022-11-04,-74.66019989385786,5.034631258679983,0.1389870547799571,0.14235015146693394
2022-11-20,-74.66019989385786,5.034631258679983,0.11824382736504951,0.09518622134490162
2022-12-06,-74.66019989385786,5.034631258679983,0.09115338808503189,0.07426182828808092
2022-12-22,-74.66019989385786,5.034631258679983,0.12443374840555851,0.09631857400751974
2023-01-07,-74.66019989385786,5.034631258679983,0.1968090068124522,0.1382903980034084
2023-01-23,-74.66019989385786,5.034631258679983,0.2267110361356967,0.17730565305322304
2023-02-08,-74.66019989385786,5.034631258679983,0.32260585830202093,0.23016892377708892
2023-02-24,-74.66019989385786,5.034631258679983,0.41930932356718525,0.30703912828471147
2023-03-12,-74.66019989385786,5.034631258679983,0.5271112627547295,0.39199861627558025
2023-03-28,-74.66019989385786,5.034631258679983,0.601671473920611,0.45537393041930135
2023-04-13,-74.66019989385786,5.034631258679983,0.6355055222951487,0.4797935514470974
2023-04-29,-74.66019989385786,5.034631258679983,0.6510851998559587,0.49507544368138295
2023-05-15,-74.66019989385786,5.034631258679983,0.7113830874001342,0.5533543240870251
2023-05-31,-74.66019989385786,5.034631258679983,0.6613593455867532,0.4656399051452054
2023-06-16,-74.66019989385786,5.034631258679983,0.6486440293838808,0.5141762691977682
2023-07-02,-74.66019989385786,5.034631258679983,0.6139392912461168,0.44496056363962355
2023-07-18,-74.66019989385786,5.034631258679983,0.5135207736927542,0.3714607941804933
2023-08-03,-74.66019989385786,5.034631258679983,0.44857479360609737,0.3551434495774782
2023-08-19,-74.66019989385786,5.034631258679983,0.39880261454898003,0.2781039234679163
2023-09-04,-74.66019989385786,5.034631258679983,0.3088921583992699,0.24468425677296102
2023-09-20,-74.66019989385786,5.034631258679983,0.19223009065043425,0.14249619401126765
2023-10-06,-74.66019989385786,5.034631258679983,0.15723290930129963,0.1211893903503219
2023-10-22,-74.66019989385786,5.034631258679983,0.06832693863170017,0.0538688530641075
2023-11-07,-74.66019989385786,5.034631258679983,0.08852194513170147,0.09798334222612658
2023-11-23,-74.66019989385786,5.034631258679983,0.05883314136835254,0.03321579289568656
2023-12-09,-74.66019989385786,5.034631258679983,0.08786782513872074,0.07172518728037836
2023-12-25,-74.66019989385786,5.034631258679983,0.13575029892506063,0.11389888395313728
2024-01-10,-74.66019989385786,5.034631258679983,0.17185127746511308,0.1368255318847658
2024-01-26,-74.66019989385786,5.034631258679983,0.25427204837103934,0.18783735823716793
2024-02-11,-74.66019989385786,5.034631258679983,0.38661861078752136,0.26199910191532083
2024-02-27,-74.66019989385786,5.034631258679983,0.43250913334428875,0.29888893456200405
2024-03-14,-74.66019989385786,5.034631258679983,0.5226424367745044,0.41294648588867866
2024-03-30,-74.66019989385786,5.034631258679983,0.5941569160088859,0.4432833699399511
2024-04-15,-74.66019989385786,5.034631258679983,0.6728488523350834,0.5112466879467554
2024-05-01,-74.66019989385786,5.034631258679983,0.6983384014757293,0.5380589488436998
2024-05-17,-74.66019989385786,5.034631258679983,0.6375492397486655,0.47662855369908014
2024-06-02,-74.66019989385786,5.034631258679983,0.6631106837940628,0.48074667496240986
2024-06-18,-74.66019989385786,5.034631258679983,0.6810172910199583,0.503266857358517
2024-07-04,-74.66019989385786,5.034631258679983,0.6359842510437341,0.4488344198773835
2024-07-20,-74.66019989385786,5.034631258679983,0.5068455511930227,0.39538117661380645
2024-08-05,-74.66019989385786,5.034631258679983,0.44110400324962035,0.33697454916923625
2024-08-21,-74.66019989385786,5.034631258679983,0.3601989880794013,0.2672977163002308
2024-09-06,-74.66019989385786,5.034631258679983,0.27241943401530994,0.2079044427196372
2024-09-22,-74.66019989385786,5.034631258679983,0.21526891688316435,0.1937401306818228
2024-10-08,-74.66019989385786,5.034631258679983,0.13592500764126736,0.094070989818233
2024-10-24,-74.66019989385786,5.034631258679983,0.08538066325149066,0.09343117453926797
2024-11-09,-74.66019989385786,5.034631258679983,0.08713431616064184,0.02737006859171797
2024-11-25,-74.66019989385786,5.034631258679983,0.05,0.020898842410038296
2024-12-11,-74.66019989385786,5.034631258679983,0.10288205299425573,0.07649213696131799
2024-12-27,-74.66019989385786,5.034631258679983,0.1541472402237177,0.11210156132412268
2015-01-01,-74.69858015545555,5.36803044522865,0.39715497143035927,0.30061647469532915
2015-01-17,-74.69858015545555,5.36803044522865,0.2910784095696733,0.18400548712068257
2015-02-02,-74.69858015545555,5.36803044522865,0.16541659321257032,0.13207166083644925
2015-02-18,-74.69858015545555,5.36803044522865,0.0913332316186182,0.09222252054304768
2015-03-06,-74.69858015545555,5.36803044522865,0.05,0.036283079012559186
2015-03-22,-74.69858015545555,5.36803044522865,0.05,0.03347272728890736
2015-04-07,-74.69858015545555,5.36803044522865,0.05,0.053396047002947256
2015-04-23,-74.69858015545555,5.36803044522865,0.05,0.044739793590636755
2015-05-09,-74.69858015545555,5.36803044522865,0.109352550564361,0.0962577101380518
2015-05-25,-74.69858015545555,5.36803044522865,0.20607131294152065,0.2011224506651987
2015-06-10,-74.69858015545555,5.36803044522865,0.3055017368628222,0.21990045161902158
2015-06-26,-74.69858015545555,5.36803044522865,0.4221916361994853,0.32602009547942234
2015-07-12,-74.69858015545555,5.36803044522865,0.5461236547844214,0.43949306603306343
2015-07-28,-74.69858015545555,5.36803044522865,0.6142668320496085,0.49097688386380106
2015-08-13,-74.69858015545555,5.36803044522865,0.7826496380978618,0.5983486418388007
2015-08-29,-74.69858015545555,5.36803044522865,0.8314086368710811,0.6187235815081209
2015-09-14,-74.69858015545555,5.36803044522865,0.8642768702082934,0.6621666958391831
2015-09-30,-74.69858015545555,5.36803044522865,0.888704855595356,0.6809428362965847
2015-10-16,-74.69858015545555,5.36803044522865,0.8668537647384761,0.6681081230367045
2015-11-01,-74.69858015545555,5.36803044522865,0.8163799177542961,0.5917979650105194
2015-11-17,-74.69858015545555,5.36803044522865,0.7357048253690495,0.5889503513551115
2015-12-03,-74.69858015545555,5.36803044522865,0.6151756334681333,0.4913713240607495
2015-12-19,-74.69858015545555,5.36803044522865,0.48003796176586766,0.35943321893219204
2016-01-04,-74.69858015545555,5.36803044522865,0.3631075214973816,0.2999150661715122
2016-01-20,-74.69858015545555,5.36803044522865,0.2903888967931257,0.21580775019309303
2016-02-05,-74.69858015545555,5.36803044522865,0.17567268251378432,0.1647670444434049
2016-02-21,-74.69858015545555,5.36803044522865,0.06722837891131567,0.053016316419426425
2016-03-08,-74.69858015545555,5.36803044522865,0.05,0.020649240369594316
2016-03-24,-74.69858015545555,5.36803044522865,0.05,0.08035574212403876
2016-04-09,-74.69858015545555,5.36803044522865,0.05,0.054576524814130285
2016-04-25,-74.69858015545555,5.36803044522865,0.05,0.03422468182594096
2016-05-11,-74.69858015545555,5.36803044522865,0.10990388491158341,0.11748031217447613
2016-05-27,-74.69858015545555,5.36803044522865,0.2119114143638926,0.1731299332381447
2016-06-12,-74.69858015545555,5.36803044522865,0.3455259688410616,0.2533562678908328
2016-06-28,-74.69858015545555,5.36803044522865,0.41404702324585435,0.34590221526619636
2016-07-14,-74.69858015545555,5.36803044522865,0.5588425725320315,0.4370039464020039
2016-07-30,-74.69858015545555,5.36803044522865,0.6525118226770666,0.4971543931127233
2016-08-15,-74.69858015545555,5.36803044522865,0.739569372481494,0.5559518261556824
2016-08-31,-74.69858015545555,5.36803044522865,0.8173355190768041,0.595448552609352
2016-09-16,-74.69858015545555,5.36803044522865,0.8628686046327853,0.6012836406152248
2016-10-02,-74.69858015545555,5.36803044522865,0.8513086711218646,0.654129786466605
2016-10-18,-74.69858015545555,5.36803044522865,0.8535539924648471,0.6186817554093832
2016-11-03,-74.69858015545555,5.36803044522865,0.7982739737293099,0.5811412188539448
2016-11-19,-74.69858015545555,5.36803044522865,0.715562459825475,0.5343590633998697
2016-12-05,-74.69858015545555,5.36803044522865,0.588015653388001,0.43919046756645164
2016-12-21,-74.69858015545555,5.36803044522865,0.5267279599820581,0.3798699395960966
2017-01-06,-74.69858015545555,5.36803044522865,0.3652548495367307,0.2895685113423955
2017-01-22,-74.69858015545555,5.36803044522865,0.2242780038228595,0.13632334611902597
2017-02-07,-74.69858015545555,5.36803044522865,0.12838963669951142,0.11148149154681092
2017-02-23,-74.69858015545555,5.36803044522865,0.05231259685990794,0.034612329017710455
2017-03-11,-74.69858015545555,5.36803044522865,0.05,0.021373138410102816
2017-03-27,-74.69858015545555,5.36803044522865,0.05,0.007223179173663628
2017-04-12,-74.69858015545555,5.36803044522865,0.05,0.04209014149136821
2017-04-28,-74.69858015545555,5.36803044522865,0.05782015204452211,0.020459991399963854
2017-05-14,-74.69858015545555,5.36803044522865,0.11234649990228476,0.05869046771754984
2017-05-30,-74.69858015545555,5.36803044522865,0.20921897300978554,0.18654999126616365
2017-06-15,-74.69858015545555,5.36803044522865,0.32198076812170323,0.21416717960637935
2017-07-01,-74.69858015545555,5.36803044522865,0.43673808440225675,0.2953345266333483
2017-07-17,-74.69858015545555,5.36803044522865,0.5448531379220718,0.42205959239146185
2017-08-02,-74.69858015545555,5.36803044522865,0.6516904797269999,0.4950144316023475
2017-08-18,-74.69858015545555,5.36803044522865,0.7721126592268684,0.5684539294382847
2017-09-03,-74.69858015545555,5.36803044522865,0.8414022133108959,0.6122984297962268
2017-09-19,-74.69858015545555,5.36803044522865,0.8882860326713713,0.6522477185320819
2017-10-05,-74.69858015545555,5.36803044522865,0.865102998791832,0.6387202289859318
2017-10-21,-74.69858015545555,5.36803044522865,0.8546256515676787,0.6518581169459371
2017-11-06,-74.69858015545555,5.36803044522865,0.7254644310158891,0.5491831819874804
2017-11-22,-74.69858015545555,5.36803044522865,0.6538696639996053,0.48357581375592074
2017-12-08,-74.69858015545555,5.36803044522865,0.5779812052778357,0.42644473936774
2017-12-24,-74.69858015545555,5.36803044522865,0.47025207143084435,0.36709058489472396
2018-01-09,-74.69858015545555,5.36803044522865,0.322604170174927,0.22575718758124882
2018-01-25,-74.69858015545555,5.36803044522865,0.22214750387570315,0.13573598629545425
2018-02-10,-74.69858015545555,5.36803044522865,0.11376083963996309,0.11228218639771946
2018-02-26,-74.69858015545555,5.36803044522865,0.05,0.030697652813731845
2018-03-14,-74.69858015545555,5.36803044522865,0.05,0.07760535762775517
2018-03-30,-74.69858015545555,5.36803044522865,0.05,0.02790378229283009
2018-04-15,-74.69858015545555,5.36803044522865,0.05,0.037686436071345024
2018-05-01,-74.69858015545555,5.36803044522865,0.059149658569389425,0.026645846974650188
2018-05-17,-74.69858015545555,5.36803044522865,0.15272296437458735,0.1199634949667107
2018-06-02,-74.69858015545555,5.36803044522865,0.2516069937929248,0.1821425347878952
2018-06-18,-74.69858015545555,5.36803044522865,0.35581116346568775,0.26259644270178417
2018-07-04,-74.69858015545555,5.36803044522865,0.5024647209614725,0.37917382346852563
2018-07-20,-74.69858015545555,5.36803044522865,0.5926109318259284,0.435293358889028
2018-08-05,-74.69858015545555,5.36803044522865,0.6890226484797473,0.521521427856287
2018-08-21,-74.69858015545555,5.36803044522865,0.8023622671731461,0.5880805384216578
2018-09-06,-74.69858015545555,5.36803044522865,0.848323005620891,0.6399256440360506
2018-09-22,-74.69858015545555,5.36803044522865,0.881462487717012,0.6269469377505446
2018-10-08,-74.69858015545555,5.36803044522865,0.8508385870943579,0.6108120499183304
2018-10-24,-74.69858015545555,5.36803044522865,0.8319372226365017,0.6059334495795701
2018-11-09,-74.69858015545555,5.36803044522865,0.7530778327107487,0.5409227640548446
2018-11-25,-74.69858015545555,5.36803044522865,0.6615847103906184,0.47370646076858847
2018-12-11,-74.69858015545555,5.36803044522865,0.5734151986206357,0.43964595836138837
2018-12-27,-74.69858015545555,5.36803044522865,0.44022697214385614,0.32413139051428075
2019-01-12,-74.69858015545555,5.36803044522865,0.2749155907404748,0.19702256054545916
2019-01-28,-74.69858015545555,5.36803044522865,0.18753161153581063,0.1455941929971684
2019-02-13,-74.69858015545555,5.36803044522865,0.11940203628229676,0.0960441804615843
2019-03-01,-74.69858015545555,5.36803044522865,0.060889570207365136,0.03430089296782206
2019-03-17,-74.69858015545555,5.36803044522865,0.05,0.05825756457805155
2019-04-02,-74.69858015545555,5.36803044522865,0.05,0.032560025189155684
2019-04-18,-74.69858015545555,5.36803044522865,0.05,0.049054610947653655
2019-05-04,-74.69858015545555,5.36803044522865,0.06277647629302077,0.03336346094681958
2019-05-20,-74.69858015545555,5.36803044522865,0.17703598740766285,0.13691693097354055
2019-06-05,-74.69858015545555,5.36803044522865,0.2560092596756647,0.2055324733058503
2019-06-21,-74.69858015545555,5.36803044522865,0.3913125910172071,0.3044818429527233
2019-07-07,-74.69858015545555,5.36803044522865,0.5138514588279738,0.394416081299034
2019-07-23,-74.69858015545555,5.36803044522865,0.6247687285763915,0.45394378933542495
2019-08-08,-74.69858015545555,5.36803044522865,0.753557531165583,0.5404946151943733
2019-08-24,-74.69858015545555,5.36803044522865,0.8055825547125395,0.5774515748708325
2019-09-09,-74.69858015545555,5.36803044522865,0.8516573193241461,0.6273171167357479
2019-09-25,-74.69858015545555,5.36803044522865,0.8786526736103314,0.6658246588349015
2019-10-11,-74.69858015545555,5.36803044522865,0.8455389680645391,0.6335659369493728
2019-10-27,-74.69858015545555,5.36803044522865,0.8485273340524125,0.6101501985892802
2019-11-12,-74.69858015545555,5.36803044522865,0.7301387933628152,0.5648191879804181
2019-11-28,-74.69858015545555,5.36803044522865,0.651450384787115,0.49161088718682755
2019-12-14,-74.69858015545555,5.36803044522865,0.5564743608081941,0.40147439657017975
2019-12-30,-74.69858015545555,5.36803044522865,0.4038040442549484,0.29000019586187453
2020-01-15,-74.69858015545555,5.36803044522865,0.28660687309261174,0.24174559651841238
2020-01-31,-74.69858015545555,5.36803044522865,0.14923981166669545,0.08804548253182012
2020-02-16,-74.69858015545555,5.36803044522865,0.06426386130824105,0.07623177499490015
2020-03-03,-74.69858015545555,5.36803044522865,0.05,0.030966527078300034
2020-03-19,-74.69858015545555,5.36803044522865,0.05,0.03225227927668163
2020-04-04,-74.69858015545555,5.36803044522865,0.05,0.04255914096545927
2020-04-20,-74.69858015545555,5.36803044522865,0.05,0.006202289490965185
2020-05-06,-74.69858015545555,5.36803044522865,0.07383927230650446,0.05831774950839599
2020-05-22,-74.69858015545555,5.36803044522865,0.14897261721015803,0.12482728606717615
2020-06-07,-74.69858015545555,5.36803044522865,0.29463635610244243,0.21040429290374993
2020-06-23,-74.69858015545555,5.36803044522865,0.4111418427397872,0.30616159010515975
2020-07-09,-74.69858015545555,5.36803044522865,0.5418000459191009,0.44703304764048735
2020-07-25,-74.69858015545555,5.36803044522865,0.6125438575210225,0.4747975812117002
2020-08-10,-74.69858015545555,5.36803044522865,0.7606930157653744,0.5511061550169941
2020-08-26,-74.69858015545555,5.36803044522865,0.8003330510475646,0.5885222463210894
2020-09-11,-74.69858015545555,5.36803044522865,0.8576641374214001,0.6361207929416376
2020-09-27,-74.69858015545555,5.36803044522865,0.872426090196927,0.6710793342132585
2020-10-13,-74.69858015545555,5.36803044522865,0.8209237507676284,0.5962149446428938
2020-10-29,-74.69858015545555,5.36803044522865,0.8223860202821798,0.6278450381840524
2020-11-14,-74.69858015545555,5.36803044522865,0.7094213341613392,0.5432600396270778
2020-11-30,-74.69858015545555,5.36803044522865,0.6561010631006733,0.49109526703619477
2020-12-16,-74.69858015545555,5.36803044522865,0.49335858735865823,0.3875180256452786
2021-01-01,-74.69858015545555,5.36803044522865,0.4333173743030812,0.30726522465851963
2021-01-17,-74.69858015545555,5.36803044522865,0.27982272104962375,0.2316701534849582
2021-02-02,-74.69858015545555,5.36803044522865,0.17293190564932368,0.09475300257683104
2021-02-18,-74.69858015545555,5.36803044522865,0.09065834346638744,0.0484175848733326
2021-03-06,-74.69858015545555,5.36803044522865,0.05,0.002945040180284103
2021-03-22,-74.69858015545555,5.36803044522865,0.05,0.02080577361965148
2021-04-07,-74.69858015545555,5.36803044522865,0.05,0.049079088611588065
2021-04-23,-74.69858015545555,5.36803044522865,0.05,0.04343141559947944
2021-05-09,-74.69858015545555,5.36803044522865,0.09774733692601068,0.07607245642741588
2021-05-25,-74.69858015545555,5.36803044522865,0.16619868553757278,0.1076622709101478
2021-06-10,-74.69858015545555,5.36803044522865,0.28934355051216487,0.2144843819231433
2021-06-26,-74.69858015545555,5.36803044522865,0.4205415698916208,0.3374391787620188
2021-07-12,-74.69858015545555,5.36803044522865,0.5407315481256035,0.3893309867118594
2021-07-28,-74.69858015545555,5.36803044522865,0.6043259459346763,0.4378657153334207
2021-08-13,-74.69858015545555,5.36803044522865,0.7187514935061691,0.5244561760824108
2021-08-29,-74.69858015545555,5.36803044522865,0.8244114750239226,0.6199964164247155
2021-09-14,-74.69858015545555,5.36803044522865,0.9013139427507235,0.6856470881046863
2021-09-30,-74.69858015545555,5.36803044522865,0.9142171534062434,0.6999656531344811
2021-10-16,-74.69858015545555,5.36803044522865,0.8760345281725112,0.6498478506969642
2021-11-01,-74.69858015545555,5.36803044522865,0.7791567586879974,0.5753883711999804
2021-11-17,-74.69858015545555,5.36803044522865,0.7188220738853319,0.5265533777338985
2021-12-03,-74.69858015545555,5.36803044522865,0.5956853200178243,0.4551007438617834
2021-12-19,-74.69858015545555,5.36803044522865,0.47827592444015443,0.3280371043677452
2022-01-04,-74.69858015545555,5.36803044522865,0.35348896225562687,0.2604296119264552
2022-01-20,-74.69858015545555,5.36803044522865,0.2377609835496582,0.17375893959587346
2022-02-05,-74.69858015545555,5.36803044522865,0.1642603381661315,0.13468411456186563
2022-02-21,-74.69858015545555,5.36803044522865,0.05467023788876284,0.014923846675793134
2022-03-09,-74.69858015545555,5.36803044522865,0.05,0.05061289619567101
2022-03-25,-74.69858015545555,5.36803044522865,0.05,0.044557798420667066
2022-04-10,-74.69858015545555,5.36803044522865,0.05,0.07208404239238747
2022-04-26,-74.69858015545555,5.36803044522865,0.05,0.0672312650797298
2022-05-12,-74.69858015545555,5.36803044522865,0.1002597926375607,0.0955918184233718
2022-05-28,-74.69858015545555,5.36803044522865,0.21501092080576184,0.1217170222192689
2022-06-13,-74.69858015545555,5.36803044522865,0.2941841802174907,0.19621237683691087
2022-06-29,-74.69858015545555,5.36803044522865,0.3993443808100935,0.3170945852754833
2022-07-15,-74.69858015545555,5.36803044522865,0.5974875739820642,0.4429622303925671
2022-07-31,-74.69858015545555,5.36803044522865,0.6848415396967814,0.543323661126401
2022-08-16,-74.69858015545555,5.36803044522865,0.7656746621823864,0.573749735338489
2022-09-01,-74.69858015545555,5.36803044522865,0.8253802242255278,0.6297863458132453
2022-09-17,-74.69858015545555,5.36803044522865,0.8864249390207554,0.6740548023863502
2022-10-03,-74.69858015545555,5.36803044522865,0.8830559813937526,0.6612679280211554
2022-10-19,-74.69858015545555,5.36803044522865,0.814741574172437,0.6290105084044597
2022-11-04,-74.69858015545555,5.36803044522865,0.7616239999477116,0.5836057128025002
2022-11-20,-74.69858015545555,5.36803044522865,0.7162379154170657,0.5143697944729848
2022-12-06,-74.69858015545555,5.36803044522865,0.5823621005837444,0.47920106646560323
2022-12-22,-74.69858015545555,5.36803044522865,0.4739477460913563,0.3310565360598268
2023-01-07,-74.69858015545555,5.36803044522865,0.3691675771922471,0.26142217878272167
2023-01-23,-74.69858015545555,5.36803044522865,0.19817122850568378,0.15902381234019217
2023-02-08,-74.69858015545555,5.36803044522865,0.1162873164885426,0.0936392542108557
2023-02-24,-74.69858015545555,5.36803044522865,0.05,0.051644083885393696
2023-03-12,-74.69858015545555,5.36803044522865,0.05,0.0
2023-03-28,-74.69858015545555,5.36803044522865,0.05,0.0317053734313922
2023-04-13,-74.69858015545555,5.36803044522865,0.05,0.04540415698031704
2023-04-29,-74.69858015545555,5.36803044522865,0.060864636808330125,0.03143766158582909
2023-05-15,-74.69858015545555,5.36803044522865,0.10588007039745079,0.07889706617687679
2023-05-31,-74.69858015545555,5.36803044522865,0.21367669102601036,0.1870176993137094
2023-06-16,-74.69858015545555,5.36803044522865,0.3328194121613352,0.2251181241213268
2023-07-02,-74.69858015545555,5.36803044522865,0.4414514770228181,0.35038962945939367
2023-07-18,-74.69858015545555,5.36803044522865,0.5746903450195726,0.42660352340568425
2023-08-03,-74.69858015545555,5.36803044522865,0.708138471017769,0.5128085894860159
2023-08-19,-74.69858015545555,5.36803044522865,0.7317882277985478,0.531783837921778
2023-09-04,-74.69858015545555,5.36803044522865,0.844797401602866,0.6286078207953877
2023-09-20,-74.69858015545555,5.36803044522865,0.8413337021056368,0.6513214672062586
2023-10-06,-74.69858015545555,5.36803044522865,0.8750652730525089,0.6640792486836515
2023-10-22,-74.69858015545555,5.36803044522865,0.8461632511494813,0.608651953445113
2023-11-07,-74.69858015545555,5.36803044522865,0.7790918219256117,0.6024679421082488
2023-11-23,-74.69858015545555,5.36803044522865,0.7052711112748495,0.5433785999563963
2023-12-09,-74.69858015545555,5.36803044522865,0.5831529120633812,0.4026162587521276
2023-12-25,-74.69858015545555,5.36803044522865,0.4522717218154954,0.32007230437289264
2024-01-10,-74.69858015545555,5.36803044522865,0.35621848861119776,0.2897714563059393
2024-01-26,-74.69858015545555,5.36803044522865,0.1970901205735898,0.14689802675607205
2024-02-11,-74.69858015545555,5.36803044522865,0.12274659525299539,0.11007577158952722
2024-02-27,-74.69858015545555,5.36803044522865,0.05,0.0
2024-03-14,-74.69858015545555,5.36803044522865,0.05,0.0
2024-03-30,-74.69858015545555,5.36803044522865,0.05,0.04934415547165485
2024-04-15,-74.69858015545555,5.36803044522865,0.05,0.02504863497488015
2024-05-01,-74.69858015545555,5.36803044522865,0.06114036206905245,0.05888546834499583
2024-05-17,-74.69858015545555,5.36803044522865,0.11520067856228089,0.10470746487674264
2024-06-02,-74.69858015545555,5.36803044522865,0.24698388927120724,0.17312899033928922
2024-06-18,-74.69858015545555,5.36803044522865,0.3613423386079304,0.268220064252353
2024-07-04,-74.69858015545555,5.36803044522865,0.4965486019676314,0.36520224967278486
2024-07-20,-74.69858015545555,5.36803044522865,0.6041068601376525,0.4406615127401731
2024-08-05,-74.69858015545555,5.36803044522865,0.6866700140904025,0.5184331664059989
2024-08-21,-74.69858015545555,5.36803044522865,0.7726171720436332,0.5954744848617014
2024-09-06,-74.69858015545555,5.36803044522865,0.8603697355705816,0.6299750125510585
2024-09-22,-74.69858015545555,5.36803044522865,0.8792500796277615,0.6440435617141408
2024-10-08,-74.69858015545555,5.36803044522865,0.8358206239347561,0.6149209646021263
2024-10-24,-74.69858015545555,5.36803044522865,0.826848743568434,0.6305647321745962
2024-11-09,-74.69858015545555,5.36803044522865,0.760827848484472,0.5887743786639187
2024-11-25,-74.69858015545555,5.36803044522865,0.6435110636398799,0.4750993299716667
2024-12-11,-74.69858015545555,5.36803044522865,0.583769777684345,0.3992057322042422
2024-12-27,-74.69858015545555,5.36803044522865,0.42050509210903503,0.2939489401265233
